url-idx	Primary Wikipedia URL	title	URL-es	question
5	https://en.wikipedia.org/wiki/Cilleruelo_de_San_Mam%C3%A9s	Cilleruelo de San Mamés	https://es.wikipedia.org/wiki/Cilleruelo_de_San_Mamés	¿Dónde está ubicado Cilleruelo de San Mamés?
8	https://en.wikipedia.org/wiki/Gampel-Bratsch	Gampel-Bratsch	https://es.wikipedia.org/wiki/Gampel-Bratsch	¿Cuándo fue creada la comuna suiza Gampel-Bratsch?
11	https://en.wikipedia.org/wiki/White-winged_chough	White-winged chough	https://es.wikipedia.org/wiki/Corcorax_melanorhamphos	¿Cuál es el único continente en el que habitan los corvinos negros (Corcorax melanorhamphos)?
12	https://en.wikipedia.org/wiki/Input%E2%80%93output_memory_management_unit	Input–output memory management unit	https://es.wikipedia.org/wiki/Unidad_de_gestión_de_memoria_de_entrada/salida	¿Qué significa la abreviatura IOMMU?
13	https://en.wikipedia.org/wiki/1997%E2%80%9398_Asian_Club_Championship	1997–98 Asian Club Championship	https://es.wikipedia.org/wiki/Copa_de_Clubes_de_Asia_1997-98	¿Quién ganó la Copa de Clubes de Asia 1997-98?
14	https://en.wikipedia.org/wiki/FC_Zhenis	FC Zhenis	https://es.wikipedia.org/wiki/FC_Zhenis	¿Cuál es el nombre anterior del actual club de football FC Zhenis?
17	https://en.wikipedia.org/wiki/Petra_van_Staveren	Petra van Staveren	https://es.wikipedia.org/wiki/Petra_van_Staveren	¿Por qué es conocida la neerlandesa Petra van Staveren?
20	https://en.wikipedia.org/wiki/Carl_L%C3%B6wenhielm	Carl Löwenhielm	https://es.wikipedia.org/wiki/Carl_Axel_Löwenhielm	¿En qué siglos vivió el conde sueco Carl Löwenheim?
21	https://en.wikipedia.org/wiki/H%C3%BCffelsheim	Hüffelsheim	https://es.wikipedia.org/wiki/Hüffelsheim	¿El municipio Hüffelsheim, está ubicado en el este o el oeste de Alemania?
23	https://en.wikipedia.org/wiki/Western_oriole	Western oriole	https://es.wikipedia.org/wiki/Oriolus_brachyrhynchus	¿En qué continente habita la oropéndola cabecinegra (Oriolus brachyrynchus)?
24	https://en.wikipedia.org/wiki/White_Collar_(TV_series)	White Collar (TV series)	https://es.wikipedia.org/wiki/White_Collar	¿Cuántas temporadas tiene la serie de televisión estadounidense White Collar?
26	https://en.wikipedia.org/wiki/Ted_Lange	Ted Lange	https://es.wikipedia.org/wiki/Ted_Lange	¿Cuál es la profesión de Ted Lange?
27	https://en.wikipedia.org/wiki/Chris_Claremont	Chris Claremont	https://es.wikipedia.org/wiki/Chris_Claremont	¿Qué serie de historietas popularizó el guionista Chris Claremont?
29	https://en.wikipedia.org/wiki/Gianrico_Carofiglio	Gianrico Carofiglio	https://es.wikipedia.org/wiki/Gianrico_Carofiglio	¿Quién escribó la novela italiana "Il passato è una terra straniera" cuyo título en espanol es "El pasado es un país extranjero"?
30	https://en.wikipedia.org/wiki/Bischofsheim,_Hesse	Bischofsheim, Hesse	https://es.wikipedia.org/wiki/Bischofsheim	¿Qué río pasa cerca de Bischofsheim, Hesse ubicado en Alemania?
31	https://en.wikipedia.org/wiki/Hamilton_Academical_F.C.	Hamilton Academical F.C.	https://es.wikipedia.org/wiki/Hamilton_Academical_Football_Club	¿Cuántas veces ha participado el equipo escocés de football Hamilton Academical Football Club en el torneo Scottish Challenge Cup?
32	https://en.wikipedia.org/wiki/Ghislain_Konan	Ghislain Konan	https://es.wikipedia.org/wiki/Ghislain_Konan	¿Cuál es el único club africano en el que Ghislain Konan ha jugado profesionalmente?
33	https://en.wikipedia.org/wiki/Swedish_Navy	Swedish Navy	https://es.wikipedia.org/wiki/Armada_de_Suecia	¿Qué rey sueco inició la armada de Suecia?
35	https://en.wikipedia.org/wiki/Galicia_(Spain)	Galicia (Spain)	https://es.wikipedia.org/wiki/Galicia	¿Cuál es la capital de la comunidad autónoma de Galicia?
37	https://zh.wikipedia.org/wiki/%E5%92%8C%E5%B9%B3%E5%8F%B7%E7%A9%BA%E9%97%B4%E7%AB%99	和平号空间站	https://es.wikipedia.org/wiki/Mir_(estación_espacial)	¿Cuál fue la última estación espacial soviética?
38	https://zh.wikipedia.org/wiki/%E6%88%B4%E5%A4%AB%C2%B7%E5%BC%97%E8%98%AD%E7%A7%91	戴夫·弗蘭科	https://es.wikipedia.org/wiki/Dave_Franco	¿Cuántos premios ha ganado Dave Franco por actuaciones en su carrera como actor?
39	https://zh.wikipedia.org/wiki/%E5%88%B6%E8%A3%81%E8%80%85_(%E9%9B%BB%E8%A6%96%E5%8A%87)	制裁者 (電視劇)	https://es.wikipedia.org/wiki/The_Punisher_(serie_de_televisión)	¿En que plataforma se lanzó la serie de televisión The Punisher?
41	https://zh.wikipedia.org/wiki/%E7%B4%85%E7%89%9B%E9%AB%94%E8%82%B2%E5%A0%B4_(%E8%96%A9%E7%88%BE%E6%96%AF%E5%A0%A1)	紅牛體育場 (薩爾斯堡)	https://es.wikipedia.org/wiki/Red_Bull_Arena_(Salzburgo)	¿Cuál es el nombre del equipo de fútbol que juega en el Red Bull Arena en Salzburgo?
42	https://sv.wikipedia.org/wiki/Captain_Morgan	Captain Morgan	https://es.wikipedia.org/wiki/Captain_Morgan	¿Qué tipo de bebida es el Capitan Morgan?
43	https://zh.wikipedia.org/wiki/%E8%93%AC%E4%BD%90%E5%86%85	蓬佐内	https://es.wikipedia.org/wiki/Ponzone	¿En qué país se encuentra la localidad de Ponzone?
44	https://fr.wikipedia.org/wiki/%C3%89tude_cas-t%C3%A9moins	Étude cas-témoins	https://es.wikipedia.org/wiki/Estudio_de_casos_y_controles	¿Para qué se usa un estudio de casos y controles en epidemiología?
45	https://fr.wikipedia.org/wiki/Championnats_du_monde_de_biathlon_1991	Championnats du monde de biathlon 1991	https://es.wikipedia.org/wiki/Campeonato_Mundial_de_Biatlón_de_1991	¿ Cuántas medallas de oro obtuvo Alemania en el campeonato mundial de biatlón de 1991?
46	https://sv.wikipedia.org/wiki/Edu_Manga	Edu Manga	https://es.wikipedia.org/wiki/Edú_Manga	¿Practicar qué deporte le hizo famoso al brasileño Edú Manga?
47	https://zh.wikipedia.org/wiki/%E5%8D%A2%E6%A0%BC%E6%9D%9C%E5%8A%AA%E5%A7%86	卢格杜努姆	https://es.wikipedia.org/wiki/Lugdunum	¿En que país actual estuvo ubicada la ciudad romana de Lugdunum?
49	https://sv.wikipedia.org/wiki/A_Portuguesa	A Portuguesa	https://es.wikipedia.org/wiki/A_Portuguesa	¿Quién escribió la letra del himno nacional de portugal, A Portuguesa?
50	https://sv.wikipedia.org/wiki/Bleeding_Kansas	Bleeding Kansas	https://es.wikipedia.org/wiki/Bleeding_Kansas	¿Cómo se le conoce al evento predecesor de la guerra de secesión o guerra civil estadounidense que ocurrió en Kansas?
51	https://fr.wikipedia.org/wiki/Manifestations_de_mars-avril_2022_au_P%C3%A9rou	Manifestations de mars-avril 2022 au Pérou	https://es.wikipedia.org/wiki/Protestas_en_Perú_de_marzo-abril_de_2022	¿Qué relación tienen las protestas en Perú ocurridas a inicios de 2022 con la pandemia del covid-19?
52	https://zh.wikipedia.org/wiki/%E9%A5%B6%E8%88%8C%E8%80%85%E9%92%B1%E6%96%AF	饶舌者钱斯	https://es.wikipedia.org/wiki/Chance_the_Rapper	¿Cuál es el nombre real del rapero conocido como Chance the Rapper?
53	https://en.wikipedia.org/wiki/Sustainable_city	Sustainable city	https://es.wikipedia.org/wiki/Ecociudad	¿Cuál es una característica principal de una ciudad sostenible?
54	https://sv.wikipedia.org/wiki/Zhejiangk%C3%B6ket	Zhejiangköket	https://es.wikipedia.org/wiki/Gastronom%C3%ADa_de_Zhejiang	¿Qué provincia de China al sur de Shanghai es famosa por su cocina ?
55	https://zh.wikipedia.org/wiki/%E7%93%A6%E7%88%BE%E9%87%8C%E7%A7%91_(%E4%BD%9B%E7%BE%85%E9%87%8C%E9%81%94%E5%B7%9E)	瓦爾里科 (佛羅里達州)	https://es.wikipedia.org/wiki/Valrico_(Florida)	¿En dónde está ubicado Valrico?
56	https://zh.wikipedia.org/wiki/%E4%B8%8B%E5%A1%94%E5%90%89%E5%B0%94	下塔吉尔	https://es.wikipedia.org/wiki/Nizhni_Taguil	¿En qué cadena montañosa esta localizada la ciudad de Nizhni Taguil?
57	https://zh.wikipedia.org/wiki/%E5%8A%9B	力	https://es.wikipedia.org/wiki/Fuerza	¿Cuáles son las cuatro furzas fundamentales según la física de partículas?
60	https://zh.wikipedia.org/wiki/%E8%96%A9%E8%BF%A6%E6%B3%95%E7%8E%8B	薩迦法王	https://es.wikipedia.org/wiki/Sakya_Trizin	¿ Quién es el actual Sakya Trizin?
61	https://fr.wikipedia.org/wiki/General_Pinedo	General Pinedo	https://es.wikipedia.org/wiki/General_Pinedo	¿En qué provincia de Argentina se encuentra la ciudad de General Pinedo?
62	https://sv.wikipedia.org/wiki/Toru%C5%84	Toruń	https://es.wikipedia.org/wiki/Torún	¿En qué país se encuentra la ciudad de Toruń?
63	https://en.wikipedia.org/wiki/Gregory_III_Laham	Gregory III Laham	https://es.wikipedia.org/wiki/Gregorio_III_Laham	¿Cuál es la denominación religiosa de Gregorio III Laham?
64	https://sv.wikipedia.org/wiki/F%C3%B6rlossning	Förlossning	https://es.wikipedia.org/wiki/Parto	Describe la fase de dilatación en el proceso del parto humano.
65	https://zh.wikipedia.org/wiki/%E5%B7%A7%E5%85%8B%E5%8A%9B%E7%B3%96%E6%BC%BF	巧克力糖漿	https://es.wikipedia.org/wiki/Sirope_de_chocolate	¿Cuál es el ingrediente principal del jarabe o sirope de chocolate?
66	https://fr.wikipedia.org/wiki/Jef_Raskin	Jef Raskin	https://es.wikipedia.org/wiki/Jef_Raskin	¿Cuál es el  proyecto es más conocido de Jef Raskin en Apple?
67	https://fr.wikipedia.org/wiki/Delley-Portalban	Delley-Portalban	https://es.wikipedia.org/wiki/Delley-Portalban	¿En qué cantón suizo se encuentra la comuna de Delley-Portalban?
68	https://zh.wikipedia.org/wiki/%E5%8A%89%E6%98%93%E6%96%AF%E6%95%A6_(%E5%AF%86%E8%98%87%E9%87%8C%E5%B7%9E)	劉易斯敦 (密蘇里州)	https://es.wikipedia.org/wiki/Lewistown_(Misuri)	¿En qué estado de Estados Unidos se encuentra Lewistown?
77	https://en.wikipedia.org/wiki/Antenna_(biology)	Antenna (biology)	https://es.wikipedia.org/wiki/Antena_(artrópodos)	¿Qué funciones desempeñan las antenas en los artrópodos?
79	https://zh.wikipedia.org/wiki/%E7%99%BD%E7%B2%89%E8%8F%8C%E7%9B%AE	白粉菌目	https://es.wikipedia.org/wiki/Erysiphales	¿A qué seres vivos afectan los hongos de la orden Erysiphales?
80	https://sv.wikipedia.org/wiki/Ludhiana	Ludhiana	https://es.wikipedia.org/wiki/Ludhiāna	¿En qué estado de la India se encuentra la ciudad de Ludhiana?
81	https://sv.wikipedia.org/wiki/Bert_Olmstead	Bert Olmstead	https://es.wikipedia.org/wiki/Bert_Olmstead	¿En qué equipos de la NHL jugó Bert Olmstead durante su carrera?
82	https://fr.wikipedia.org/wiki/Fortescue_(Missouri)	Fortescue (Missouri)	https://es.wikipedia.org/wiki/Fortescue_(Misuri)	¿Cuántos habitantes tiene Forstescue, Misuri?
83	https://zh.wikipedia.org/wiki/%E8%85%A6%E6%80%A7%E9%BA%BB%E7%97%BA	腦性麻痺	https://es.wikipedia.org/wiki/Parálisis_cerebral	¿Qué caracteristicas presenta una parálisis cerebral?
84	https://zh.wikipedia.org/wiki/%E9%93%B2%E9%BD%BF%E4%B8%AD%E5%96%99%E9%B2%B8	铲齿中喙鲸	https://es.wikipedia.org/wiki/Mesoplodon_traversii	¿En dónde se han encontrado restos de la ballena picuda de Bahamonde o Mesoplodon traversii?
86	https://fr.wikipedia.org/wiki/Khobar	Khobar	https://es.wikipedia.org/wiki/Al_Kobhar	¿Cuál es el país más cercano a la ciudad Saudi de Al Kobhar?
87	https://en.wikipedia.org/wiki/BAFTA_Award_for_Best_Actor_in_a_Supporting_Role	BAFTA Award for Best Actor in a Supporting Role	https://es.wikipedia.org/wiki/Anexo:BAFTA_al_mejor_actor_de_reparto	¿Quién ganó el premio BAFTA al mejor actor de reparto en el año 2000 y por qué película?
88	https://fr.wikipedia.org/wiki/Deuxi%C3%A8me_concile_de_Nic%C3%A9e	Deuxième concile de Nicée	https://es.wikipedia.org/wiki/Concilio_de_Nicea_II	¿Cuántas medidas disciplinares se aprobaron en el segundo consejo de Nicea celebrado en el año 787?
89	https://en.wikipedia.org/wiki/Mario_Bolatti	Mario Bolatti	https://es.wikipedia.org/wiki/Mario_Bolatti	¿En cuántas copas del mundo ha jugado el futbolista Mario Bolatti?
92	https://zh.wikipedia.org/wiki/%E5%A5%A7%E5%BA%AB%E6%96%AF%E6%89%98%E9%9B%85%E6%96%AF%E5%B1%B1	奧庫斯托雅斯山	https://es.wikipedia.org/wiki/Colina_Aukštojas	¿Cómo se llama la segunda colina más alta de Lituania?
93	https://zh.wikipedia.org/wiki/%E7%A7%91%E5%B0%94%E5%AF%9F%E8%87%AA%E6%B2%BB%E7%9C%81	科尔察自治省	https://es.wikipedia.org/wiki/Provincia_Autónoma_de_Korçë	¿En qué años existió la provincia autónoma de Korçë, ubicada en la actual Albania?
95	https://fr.wikipedia.org/wiki/Sophie_N%C3%A9lisse	Sophie Nélisse	https://es.wikipedia.org/wiki/Sophie_Nélisse	¿En qué película interpretó Sophie Nélisse el papel de Liesel Meminger?
96	https://en.wikipedia.org/wiki/Wheein	Wheein	https://es.wikipedia.org/wiki/Wheein	¿Cómo se llama la vocalista del grupo surcoreano femenino Mamamoo?
98	https://fr.wikipedia.org/wiki/Capitaine_(football)	Capitaine (football)	https://es.wikipedia.org/wiki/Capitán_(fútbol)	¿En qué año ganó Argenitna la copa del mundo siendo Lionel Messi el capitán del equipo?
99	https://zh.wikipedia.org/wiki/%E7%B4%84%E7%BF%B0%C2%B7%E6%96%AF%E6%96%87%E5%B0%BC	約翰·斯文尼	https://es.wikipedia.org/wiki/John_Swinney	¿Cuándo se unió John Swinney al Partido Nacional Escocés?
100	https://fr.wikipedia.org/wiki/The_Fens	The Fens	https://es.wikipedia.org/wiki/Fens	¿Cómo protegen de inundaciones a las zonas de marisma ubicadas en Inglaterra conocidas como los Fens o Fenland?
104	https://en.wikipedia.org/wiki/Kremlin_(fortification)	Kremlin (fortification)	https://es.wikipedia.org/wiki/Kremlin	¿Qué famoso Kremlin es conocido como la sede del gobierno ruso?
106	https://zh.wikipedia.org/wiki/%E5%85%B1%E4%BA%AB%E6%BA%90%E4%BB%A3%E7%A0%81	共享源代码	https://es.wikipedia.org/wiki/Shared_source	¿Cuál es el nombre de las licencias que Microsoft usa para distribuir su código fuente compartido?
108	https://zh.wikipedia.org/wiki/%E5%8D%A1%E6%96%AF%E7%9A%AE%E6%96%AF%E5%85%8B	卡斯皮斯克	https://es.wikipedia.org/wiki/Kaspisk	¿En qué república de Rusia se encuentra la ciudad de Kaspisk?
110	https://sv.wikipedia.org/wiki/Hylarana_elberti	Hylarana elberti	https://es.wikipedia.org/wiki/Papurana_elberti	 ¿Qué tipo de animal es Hylarana elberti?
112	https://fr.wikipedia.org/wiki/Diab%C3%A8te_de_type_2	Diabète de type 2	https://es.wikipedia.org/wiki/Diabetes_mellitus_tipo_2	 ¿Cuál es una de las principales causas del diabetes tipo 2?
113	https://zh.wikipedia.org/wiki/%E9%98%BF%E9%81%93%E5%A4%AB%C2%B7%E5%8A%A0%E5%85%B0%E5%BE%B7	阿道夫·加兰德	https://es.wikipedia.org/wiki/Adolf_Galland	¿En qué guerras participó Adolf Galland?
115	https://zh.wikipedia.org/wiki/%E6%B3%A2%E8%A5%BF%E7%B8%A3_(%E5%8D%B0%E7%AC%AC%E5%AE%89%E7%B4%8D%E5%B7%9E)	波西縣 (印第安納州)	https://es.wikipedia.org/wiki/Condado_de_Posey	¿En qué estado de EE. UU. se encuentra el Condado de Posey?
117	https://fr.wikipedia.org/wiki/Folorunsho_Alakija	Folorunsho Alakija	https://es.wikipedia.org/wiki/Folorunsho_Alakija	 ¿En qué industrias participa Folorunsho Alakija?
118	https://zh.wikipedia.org/wiki/%E8%A7%82%E6%B5%8B%E5%AE%87%E5%AE%99%E5%AD%A6	观测宇宙学	https://es.wikipedia.org/wiki/Cosmolog%C3%ADa_observacional	 ¿Qué estudia la cosmología observacional?
119	https://zh.wikipedia.org/wiki/%E5%BA%93%E5%B0%94%E6%81%B0%E5%B0%94%C2%B7%E7%9B%96%E5%B0%94%E7%9B%96%E4%BC%8A	库尔恰尔·盖尔盖伊	https://es.wikipedia.org/wiki/Gergely_Kulcsar	¿En qué deporte destacó el atleta hungaro Gergely Kulcsar?
120	https://fr.wikipedia.org/wiki/Victoire_Tomegah_Dogb%C3%A9	Victoire Tomegah Dogbé	https://es.wikipedia.org/wiki/Victoire_Tomegah_Dogbé	¿Quién es la primera ministra de Togo desde el 2020?
122	https://fr.wikipedia.org/wiki/Comt%C3%A9_de_Gogebic	Comté de Gogebic	https://es.wikipedia.org/wiki/Condado_de_Gogebic	¿Cúantas ciudades hay en el condado de Gogebic, Michigan?
123	https://zh.wikipedia.org/wiki/%E6%B4%A5%E5%B7%B4%E5%B8%83%E9%9F%A6%E5%8E%86%E5%8F%B2	津巴布韦历史	https://es.wikipedia.org/wiki/Historia_de_Zimbabue	¿A qué países actuales corresponen las dos Rodesias (Rodesia del norte y del sur)?
125	https://zh.wikipedia.org/wiki/%E7%BA%A6%E7%BF%B0%C2%B7%E5%85%8B%E9%87%8C%E6%96%AF%E6%89%98%E5%BC%97%C2%B7%E5%A8%81%E5%88%A9%E6%96%AF	约翰·克里斯托弗·威利斯	https://es.wikipedia.org/wiki/John_Christopher_Willis	¿En qué lugar nació John Christopher Willis?
126	https://en.wikipedia.org/wiki/Aloadae	Aloadae	https://es.wikipedia.org/wiki/Alóadas	¿Cómo se llaman los Alóadas de la mitología griega?
127	https://sv.wikipedia.org/wiki/Retronym	Retronym	https://es.wikipedia.org/wiki/Retrónimo	¿Qué es un retrónimo?
128	https://zh.wikipedia.org/wiki/%E9%9F%A6%E5%BB%96%E5%A4%AB%E9%87%91%E6%B4%9E%E7%A9%B4	韦廖夫金洞穴	https://es.wikipedia.org/wiki/Cueva_Veri%C3%B3vkina	¿En qué país se encuentra la cueva Veryovkina?
129	https://zh.wikipedia.org/wiki/%E9%98%BF%E5%B0%94%E5%8D%91%E6%96%AF%E5%B8%A6	阿尔卑斯带	https://es.wikipedia.org/wiki/Cinturón_alpino	¿Cómo se llama la fase global de formación de montañas en la que se formaron los Alpes?
130	https://zh.wikipedia.org/wiki/%E5%B0%8F%E9%87%8E%E8%B2%93%E7%9A%84%E5%85%AC%E8%B7%AF%E6%AD%B7%E9%9A%AA%E8%A8%98	小野貓的公路歷險記	https://es.wikipedia.org/wiki/Faster,_Pussycat!_Kill!_Kill!	¿Cómo se llaman las tres protagonistas en la película estadounidense "Faster, Pussycat! Kill! Kill!"?
133	https://fr.wikipedia.org/wiki/Amyema	Amyema	https://es.wikipedia.org/wiki/Amyema	 ¿Qué tipo de planta es el género Amyema?
135	https://zh.wikipedia.org/wiki/%E6%B3%95%E5%9C%8B%E8%88%AA%E7%A9%BA296%E8%99%9F%E7%8F%AD%E6%A9%9F%E7%A9%BA%E9%9B%A3	法國航空296號班機空難	https://es.wikipedia.org/wiki/Vuelo_296_de_Air_France	¿Cuáles fueron las principales causas del accidente del vuelo 296 de Air France en 1988?
136	https://en.wikipedia.org/wiki/JL-2	JL-2	https://es.wikipedia.org/wiki/JL-2	¿Qué país desarroló el misil balístico JL-2?
137	https://zh.wikipedia.org/wiki/%E7%90%86%E6%9F%A5%E5%BE%B7%C2%B7%E6%B2%83%E6%81%A9%C2%B7%E6%96%AF%E5%AE%BE%E5%A1%9E	理查德·沃恩·斯宾塞	https://es.wikipedia.org/wiki/Richard_V._Spencer	¿Quién fue el Secretario de la Marina de los Estados Unidos entre 2017 y 2019?
138	https://en.wikipedia.org/wiki/BMW_X2	BMW X2	https://es.wikipedia.org/wiki/BMW_X2	 ¿En qué año se lanzó el BMW X2?
139	https://zh.wikipedia.org/wiki/%E5%8F%A4%E5%B7%B4%E5%9C%8B%E5%AE%B6%E7%94%B7%E5%AD%90%E6%8E%92%E7%90%83%E9%9A%8A	古巴國家男子排球隊	https://es.wikipedia.org/wiki/Selección_masculina_de_voleibol_de_Cuba	 ¿Cuántas medallas olímpicas ha ganado la selección masculina de voleibol de Cuba?
140	https://fr.wikipedia.org/wiki/The_Eternal_Idol	The Eternal Idol	https://es.wikipedia.org/wiki/The_Eternal_Idol	¿Cuándo fue lanzado el disco The Eternal Idol, por Black Sabbath?
141	https://zh.wikipedia.org/wiki/%E5%9C%8B%E9%9A%9B%E5%A5%87%E9%80%A3%E8%97%8D	國際奇連藍	https://es.wikipedia.org/wiki/International_Klein_Blue	¿Qué es el International Klein Blue y cuál es el origen de su nombre?
142	https://zh.wikipedia.org/wiki/%E5%93%A5%E4%BC%A6%E6%AF%94%E4%BA%9A%E6%80%BB%E7%BB%9F	哥伦比亚总统	https://es.wikipedia.org/wiki/Presidente_de_Colombia	¿Cómo se llama la residencia oficial del presidente de Colombia?
143	https://zh.wikipedia.org/wiki/Windows_Neptune	Windows Neptune	https://es.wikipedia.org/wiki/Windows_Neptune	¿En qué año se anunció la cancelación del desarrollo del sistema operativo Windows Neptune?
145	https://sv.wikipedia.org/wiki/Film_i_Frankrike	Film i Frankrike	https://es.wikipedia.org/wiki/Cine_de_Francia	¿Cómo se llama el director de  la primera película de ciencia ficción "Viaje a la Luna"?
146	https://zh.wikipedia.org/wiki/%E8%A5%BF%E9%9B%85%E5%85%B8%E4%B8%93%E5%8C%BA	西雅典专区	https://es.wikipedia.org/wiki/Unidad_periférica_de_Atenas_Occidental	 ¿De cuántos municipios consta la Unidad periférica de Atenas Occidental?
147	https://zh.wikipedia.org/wiki/%E5%87%B1%E6%92%92%E9%A6%96%E9%A0%98	凱撒首領	https://es.wikipedia.org/wiki/Kaiser_Chiefs	¿Cuándo dejó Nick Hodgson los Kaiser Chiefs?
148	https://sv.wikipedia.org/wiki/19521_Chaos	19521 Chaos	https://es.wikipedia.org/wiki/(19521)_Chaos	¿Cuánto dura el período orbital del planeta enano Chaos?
163	https://zh.wikipedia.org/wiki/%E6%99%AE%E8%B4%B9%E4%B8%81%E6%96%AF%E8%8E%B1%E6%9C%AC	普费丁斯莱本	https://es.wikipedia.org/wiki/Pferdingsleben	¿Dónde está ubicado Pferdingsleben?
171	https://zh.wikipedia.org/wiki/%E7%A7%91%E5%85%8B%E5%A4%A7%E5%AD%A6	科克大学	https://es.wikipedia.org/wiki/Universidad_de_Cork	¿Qué sucedió con el Queen's College de Cork?
176	https://zh.wikipedia.org/wiki/%E8%89%B3%E7%BB%87%E9%9B%80%E5%B1%9E	艳织雀属	https://es.wikipedia.org/wiki/Foudia	¿Qué tipo de animal son los fodis?
182	https://zh.wikipedia.org/wiki/%E5%88%B6%E5%8B%95%E6%B6%B2	制動液	https://es.wikipedia.org/wiki/L%C3%ADquido_de_frenos	¿Cuál es la temperatura de ebullición del líquido de frenos DOT 4?
184	https://zh.wikipedia.org/wiki/%E9%B5%9D%E8%9B%8B%E5%BD%A2	鵝蛋形	https://es.wikipedia.org/wiki/Óvalo	¿Cúal es la diferencia entre un óvalo y un ovoide?
190	https://zh.wikipedia.org/wiki/%E7%A6%8F%E9%97%A8%E7%89%B9%E6%8B%89%E5%B2%9B	福门特拉岛	https://es.wikipedia.org/wiki/Formentera	¿Cómo se llega a la isla Formentera?
216	https://sv.wikipedia.org/wiki/%C3%96gonh%C3%A5la	Ögonhåla	https://es.wikipedia.org/wiki/Cavidad_orbitaria	¿Cuántos y cuáles huesos conforman cada una de las las cavidades orbitarias en un adulto humano?
217	https://sv.wikipedia.org/wiki/Emerging_Church	Emerging Church	https://es.wikipedia.org/wiki/Iglesia_emergente	¿En qué se diferenciá la iglesia emergente de los movimientos evangelicos?
219	https://sv.wikipedia.org/wiki/Chichester,_New_Hampshire	Chichester, New Hampshire	https://es.wikipedia.org/wiki/Chichester_(Nuevo_Hampshire)	¿Dónde está ubicado Chichester en Estados Unidos, en Nuevo Hampshire?
229	https://zh.wikipedia.org/wiki/%E5%8D%A1%E4%BC%A6%C2%B7%E7%8F%80%E8%A5%BF	卡伦·珀西	https://es.wikipedia.org/wiki/Karen_Percy	¿En qué deporte es reconocida la canadiense Karen Percy y cuál es uno de sus logros más notables?
230	https://zh.wikipedia.org/wiki/%E8%B0%A2%E5%B0%94%E7%9B%96%C2%B7%E5%B8%95%E6%8B%89%E6%9D%B0%E8%AF%BA%E5%A4%AB	谢尔盖·帕拉杰诺夫	https://es.wikipedia.org/wiki/Serguéi_Paradzhánov	¿Cuál  famosa película estrenada en 1964  dirigió Serguéi Paradzhánov?
231	https://fr.wikipedia.org/wiki/Oudalan_(province)	Oudalan (province)	https://es.wikipedia.org/wiki/Provincia_de_Oudalan	¿Con qué países colinda la provincia de Oudalan en Burkina Faso?
232	https://fr.wikipedia.org/wiki/Fredrikstad_FK	Fredrikstad FK	https://es.wikipedia.org/wiki/Fredrikstad_FK	¿Cuáles son los colores oficiales del uniforme titular del club de football noruego Fredrikstad FK?
235	https://fr.wikipedia.org/wiki/(5412)_Rou	(5412) Rou	https://es.wikipedia.org/wiki/(5412)_Rou	¿Qué tipo de cuerpo celeste es el (5412) Rou y cuándo fue descubierto?
236	https://fr.wikipedia.org/wiki/(661)_Cl%C3%A9lie	(661) Clélie	https://es.wikipedia.org/wiki/(661)_Clelia	¿ Quién descubrió el asteroide (661) Clelia?
238	https://zh.wikipedia.org/wiki/%E5%B7%B4%E8%B5%AB%E6%8B%89%E5%A7%86%E4%B8%80%E4%B8%96	巴赫拉姆一世	https://es.wikipedia.org/wiki/Bahram_I	¿Quién fue Bahram I?
239	https://fr.wikipedia.org/wiki/Guillemot_de_Tro%C3%AFl	Guillemot de Troïl	https://es.wikipedia.org/wiki/Uria_aalge	¿Qué tipo de animal es el Uria aalge, también conocido como arao común?
240	https://fr.wikipedia.org/wiki/Collage_(art)	Collage (art)	https://es.wikipedia.org/wiki/Collage	¿Qué movimiento artístico popularizó el uso de técnica básica del arte del collage en el siglo XX?
242	https://zh.wikipedia.org/wiki/%E7%B4%84%E5%A7%86%E6%96%AF%E7%B6%AD%E4%BA%AC	約姆斯維京	https://es.wikipedia.org/wiki/Jomsvikings	¿Entre quiénes se libró la batalla de Svolder?
243	https://zh.wikipedia.org/wiki/2013%E5%B9%B4%E4%BC%8A%E6%9C%97%E6%80%BB%E7%BB%9F%E9%80%89%E4%B8%BE	2013年伊朗总统选举	https://es.wikipedia.org/wiki/Elecciones_presidenciales_de_Irán_de_2013	¿Quién ganó las elecciones presidenciales de Irán en 2013?
244	https://fr.wikipedia.org/wiki/268_av._J.-C.	268 av. J.-C.	https://es.wikipedia.org/wiki/268_a._C.	¿Cuándo fue creada una alianza entre Esparta, Atenas y Ptolomeo II de Egipto por el estadista y general ateniense Crémonides?
245	https://zh.wikipedia.org/wiki/%E7%93%A6%E5%B0%94%E5%BE%B7%E9%9F%A6%E5%8B%92	瓦尔德韦勒	https://es.wikipedia.org/wiki/Waldweiler	¿Dónde está ubicado Waldweiler?
247	https://fr.wikipedia.org/wiki/Alberto_Fouillioux	Alberto Fouillioux	https://es.wikipedia.org/wiki/Alberto_Fouillioux	¿Qué estudió Alberto Fouillioux?
249	https://zh.wikipedia.org/wiki/%E5%8A%A0%E6%8B%89%E9%9C%8D%E5%A5%88%E5%9B%BD%E5%AE%B6%E5%85%AC%E5%9B%AD	加拉霍奈国家公园	https://es.wikipedia.org/wiki/Parque_nacional_de_Garajonay	¿Dónde se encuentra el Parque Nacional de Garajonay?
250	https://sv.wikipedia.org/wiki/Theano_(filosof)	Theano (filosof)	https://es.wikipedia.org/wiki/Téano	¿Cómo se llamaba el cónyuge de Pitagorás y a qué se dedicaba?
251	https://zh.wikipedia.org/wiki/%E5%9C%B0%E7%8B%B1_(%E5%B0%8F%E8%AF%B4)	地狱 (小说)	https://es.wikipedia.org/wiki/Inferno_(novela_de_Dan_Brown)	¿Qué editorial fue la encargada de ditribuir la edición es Español de la novela "Infierno" de Dan Brown?
252	https://sv.wikipedia.org/wiki/Laurance_Rockefeller	Laurance Rockefeller	https://es.wikipedia.org/wiki/Laurance_Rockefeller	¿Qué fondo administró Laurance Rockefeller entre 1940 y 1982?
253	https://en.wikipedia.org/wiki/Frances_Farmer	Frances Farmer	https://es.wikipedia.org/wiki/Frances_Farmer	¿Cómo se llama la última película protagonizada por Frances Farmer?
254	https://fr.wikipedia.org/wiki/Pl%C3%A9iotropie	Pléiotropie	https://es.wikipedia.org/wiki/Pleiotrop%C3%ADa	¿Qué es la pleiotropía en genética?
255	https://sv.wikipedia.org/wiki/C%C3%B3rdobaemiratet	Córdobaemiratet	https://es.wikipedia.org/wiki/Emirato_de_Córdoba	¿Cuándo existió el Emirato de Córdoba?
256	https://sv.wikipedia.org/wiki/Uda_(kejsare)	Uda (kejsare)	https://es.wikipedia.org/wiki/Uda_Tennō	¿Cómo se le llama comunmente al trono imperial de Japón utilizado en el periodo Heian?
258	https://fr.wikipedia.org/wiki/Agastache	Agastache	https://es.wikipedia.org/wiki/Agastache	¿De qué palagras griegas proviene el nombre de las plantas del genero Agastache?
259	https://sv.wikipedia.org/wiki/Tuck_Everlasting	Tuck Everlasting	https://es.wikipedia.org/wiki/Tuck_Everlasting_(pel%C3%ADcula)	¿Cómo se tradujo el título de la película Tuck Everlasting al español?
260	https://fr.wikipedia.org/wiki/Valeille_(Loire)	Valeille (Loire)	https://es.wikipedia.org/wiki/Valeille	¿En qué comuna francesa se encuentra Valeille?
262	https://sv.wikipedia.org/wiki/Sauga_kommun	Sauga kommun	https://es.wikipedia.org/wiki/Sauga	¿En dónde está ubicado Sauga?
263	https://sv.wikipedia.org/wiki/Speichersdorf	Speichersdorf	https://es.wikipedia.org/wiki/Speichersdorf	¿En dónde está ubicado Speichersdorf?
264	https://zh.wikipedia.org/wiki/%E8%B5%AB%E5%B0%94%E6%9B%BC%C2%B7%E5%BC%97%E9%9B%B7%E6%B3%BD	赫尔曼·弗雷泽	https://es.wikipedia.org/wiki/Herman_Frazier	¿En qué prueba olímpica destacó el estadounidense Hermann Frazier?
265	https://sv.wikipedia.org/wiki/Geoffroi_de_Villehardouin	Geoffroi de Villehardouin	https://es.wikipedia.org/wiki/Geoffrey_de_Villehardouin	¿De dónde procede Geoffroi de Villehardouin?
266	https://zh.wikipedia.org/wiki/%E6%B3%95%E7%93%A6%E6%8B%89%E5%BE%B7%E6%8B%89%E9%87%8C%E9%9F%A6%E6%8B%89	法瓦拉德拉里韦拉	https://es.wikipedia.org/wiki/Favareta	¿Cómo se llega a Favareta desde Valencia?
268	https://sv.wikipedia.org/wiki/Tucum%C3%A1ntangara	Tucumántangara	https://es.wikipedia.org/wiki/Poospiza_baeri	¿Qúe tipo de animal es el Poospiza baeri?
270	https://sv.wikipedia.org/wiki/HMY_Britannia	HMY Britannia	https://es.wikipedia.org/wiki/HMY_Britannia_(1954)	¿Cuál fue el último yate real de la Corona británica?
271	https://sv.wikipedia.org/wiki/Sydower_Flie%C3%9F	Sydower Fließ	https://es.wikipedia.org/wiki/Sydower_Fließ	¿En qué estado alemán está localizado Sydower Fließ?
272	https://fr.wikipedia.org/wiki/The_Leftovers	The Leftovers	https://es.wikipedia.org/wiki/The_Leftovers	¿En qué canal de televisión se emitió la serie estadounidense "The Leftovers" en España?
273	https://fr.wikipedia.org/wiki/FEAR_(jeu_vid%C3%A9o)	FEAR (jeu vidéo)	https://es.wikipedia.org/wiki/F.E.A.R.	¿Cuántas secuelas y expansiones del juego F.E.A.R. se comercializaron?
274	https://zh.wikipedia.org/wiki/%E5%8D%A1%E9%BD%90%E7%BA%B3%E5%B7%9E	卡齐纳州	https://es.wikipedia.org/wiki/Estado_de_Katsina	¿Con qué país colinda el estado Nigeriano de Katsina?
277	https://sv.wikipedia.org/wiki/Alemanner	Alemanner	https://es.wikipedia.org/wiki/Pueblo_alamán	¿Quiénes fueron los Alemanner o Alamanes?
279	https://sv.wikipedia.org/wiki/Choe_Ryong-hae	Choe Ryong-hae	https://es.wikipedia.org/wiki/Choe_Ryong-hae	¿Tiene el político norcoreano Choe Ryong-hae lazos familiares con el actual presidente del mismo país?
280	https://zh.wikipedia.org/wiki/%E4%B8%96%E7%95%8C%E5%9B%BD%E9%99%85%E8%B1%A1%E6%A3%8B%E8%81%94%E5%90%88%E4%BC%9A	世界国际象棋联合会	https://es.wikipedia.org/wiki/Federación_Internacional_de_Ajedrez	¿Cuántas personas han fungido como presidentes de la Federación Internacional de Ajedrez desde su fundación?
306	https://zh.wikipedia.org/wiki/%E4%B8%8A%E6%A2%85%E5%B0%94%E8%A5%BF	上梅尔西	https://es.wikipedia.org/wiki/Mercy-le-Haut	¿Dónde nació el Presidente francés Albert Lebrun?
312	https://zh.wikipedia.org/wiki/%E5%90%89%E5%88%97%E4%BD%93%E8%82%B2%E5%9C%BA	吉列体育场	https://es.wikipedia.org/wiki/Gillette_Stadium	¿Para cuántos espectadores tiene capacidad el Gillette Stadium en Foxborough?
349	https://fr.wikipedia.org/wiki/Saint-Porquier	Saint-Porquier	https://es.wikipedia.org/wiki/Saint-Porquier	¿Dónde se encuentra Saint-Porquier?
350	https://en.wikipedia.org/wiki/Monterchi	Monterchi	https://es.wikipedia.org/wiki/Monterchi	¿En qué región italiana se encuentra Monterchi?
352	https://fr.wikipedia.org/wiki/Uta_Hagen	Uta Hagen	https://es.wikipedia.org/wiki/Uta_Hagen	¿Por qué es conocida Uta Hagen?
357	https://fr.wikipedia.org/wiki/Isolobodon_portoricensis	Isolobodon portoricensis	https://es.wikipedia.org/wiki/Isolobodon_portoricensis	¿Qué tipo de animal es el Isolobodon portoricensis?
359	https://en.wikipedia.org/wiki/Canavanine	Canavanine	https://es.wikipedia.org/wiki/Canavanina	¿Por qué algunas plantas producen canavanina?
360	https://zh.wikipedia.org/wiki/%E8%BF%B7%E4%BD%A0%E7%BA%A2%E7%99%BD%E6%9C%BA	迷你红白机	https://es.wikipedia.org/wiki/NES_Classic_Edition	¿Qué diferencía a la edición Shonen Jump de la NES Classic Edition?
362	https://zh.wikipedia.org/wiki/%E5%B8%9D%E5%9B%BD	帝国	https://es.wikipedia.org/wiki/Imperio	¿Cuál es el concepto de imperio?
363	https://zh.wikipedia.org/wiki/%E9%98%BF%E5%8D%9C%E6%9D%9C%E6%8B%89%E8%B5%AB%E6%9B%BC%C2%B7%E9%98%BF%E9%87%8C%E5%A4%AB	阿卜杜拉赫曼·阿里夫	https://es.wikipedia.org/wiki/Abd_ar-Rahman_Arif	¿En qué decada fue Abdul Rahman Arif presidente de Irak?
366	https://fr.wikipedia.org/wiki/Aesculus_hippocastanum	Aesculus hippocastanum	https://es.wikipedia.org/wiki/Aesculus_hippocastanum	¿De dónde es oriundo el castaño de Indias​ (Aesculus hippocastanum) ?
367	https://zh.wikipedia.org/wiki/%E5%B0%8F%E8%A1%8C%E6%98%9F5757	小行星5757	https://es.wikipedia.org/wiki/(5757)_Tichá	¿Alrededor de qué cuerpo celeste orbita el asteroide (5757) Tichá?
368	https://zh.wikipedia.org/wiki/%E7%BA%B3%E7%93%A6%E5%BE%B7%E5%A4%AB%E5%85%B0%E8%A5%BF%E4%BA%9A	纳瓦德夫兰西亚	https://es.wikipedia.org/wiki/Nava_de_Francia	¿Por qué es conocido el poblado de Nava de Francia?
407	https://fr.wikipedia.org/wiki/Jaume_Dom%C3%A9nech	Jaume Doménech	https://es.wikipedia.org/wiki/Jaume_Doménech	¿En qué posición juega el futbolista Jaume Doménech?
408	https://zh.wikipedia.org/wiki/%E7%BD%97%E8%90%A8%E9%87%8C%E5%A5%A5	罗萨里奥	https://es.wikipedia.org/wiki/Rosario_(Argentina)	¿Cuál es la tercera urbe metropolitana más poblada de Argentina?
412	https://sv.wikipedia.org/wiki/Den_nikomachiska_etiken	Den nikomachiska etiken	https://es.wikipedia.org/wiki/Ética_nicomáquea	¿Cómo se llama el primer tratado sistemático sobre la ética y quén lo escribió?
413	https://zh.wikipedia.org/wiki/%E7%BE%8E%E9%BA%97%E8%B9%BA%E4%BD%B3%E4%BA%BA	美麗蹺佳人	https://es.wikipedia.org/wiki/Sweet_Home_Alabama_(pel%C3%ADcula)	¿Con qué premios fue galardonada la palícula estadounidense "Sweet Home alabama"?
415	https://zh.wikipedia.org/wiki/%E5%90%90%E9%B2%81%E7%95%AA%E5%B8%82	吐鲁番市	https://es.wikipedia.org/wiki/Turfán	¿En qué región autónoma China está bicada la ciudad de Turfán?
417	https://sv.wikipedia.org/wiki/%C4%90%E1%BA%B7ng_Th%E1%BB%8B_Ng%E1%BB%8Dc_Th%E1%BB%8Bnh	Đặng Thị Ngọc Thịnh	https://es.wikipedia.org/wiki/Đặng_Thị_Ng%E1%BB%8Dc_Thịnh	¿Cómo se llama la primera mujer en convertirse en presidenta de Vietnam?
421	https://fr.wikipedia.org/wiki/Murero	Murero	https://es.wikipedia.org/wiki/Murero	¿En qué comunidad autónoma de España está localizado Murero?
422	https://en.wikipedia.org/wiki/French_paradox	French paradox	https://es.wikipedia.org/wiki/Paradoja_francesa	¿A qué hace referencia la llamada "paradoja francesa" en teoría nutricional?
423	https://sv.wikipedia.org/wiki/H-motor	H-motor	https://es.wikipedia.org/wiki/Motor_en_H	¿Qué ventajas presentan los motores en H que los hacen más adecuados para usos en aeronáutica?
428	https://sv.wikipedia.org/wiki/Real_Madrid_Castilla	Real Madrid Castilla	https://es.wikipedia.org/wiki/Real_Madrid_Castilla_Club_de_Fútbol	¿Cuántos presidentes ha tenido el club de football español Real Madrid Castilla?
430	https://zh.wikipedia.org/wiki/%E6%9D%9C%E5%9D%8E%E7%BA%A4%E9%A3%9F%E6%B3%95	杜坎纤食法	https://es.wikipedia.org/wiki/Dieta_Dukan	¿En qué año el dietista Pierre Dukan fue expulsado del colegio de médicos francés?
445	https://sv.wikipedia.org/wiki/V%C3%A4rldsm%C3%A4sterskapen_i_taekwondo	Världsmästerskapen i taekwondo	https://es.wikipedia.org/wiki/Campeonato_Mundial_de_Taekwondo	¿En qué año se celebró el primer Campeonato Mundial de Taekwondo femenino?
446	https://en.wikipedia.org/wiki/El_Mercurio_de_Valpara%C3%ADso	El Mercurio de Valparaíso	https://es.wikipedia.org/wiki/El_Mercurio_de_Valpara%C3%ADso	¿Cuál es el nombre completo del fundador de "El Mercurio de Valparaíso"?
448	https://zh.wikipedia.org/wiki/%E9%BB%98%E6%A0%BC%E6%9E%97%E6%A0%B9	默格林根	https://es.wikipedia.org/wiki/Möglingen	¿Desde qué siglo se tienen registros de la existencia de Möglingen, situado en la actual Alemania?
449	https://sv.wikipedia.org/wiki/Chun_Jung-myung	Chun Jung-myung	https://es.wikipedia.org/wiki/Chun_Jung-myung	¿Cuál fue la primera serie de television en la que participó el actor surcoreano  Chun Jung-myung?
450	https://sv.wikipedia.org/wiki/Benny_Benassi	Benny Benassi	https://es.wikipedia.org/wiki/Benny_Benassi	¿Cómo se llama el sencillo más famoso del DJ Benny Benassi, mismo que debuto en 2002?
451	https://fr.wikipedia.org/wiki/Fraction_unitaire	Fraction unitaire	https://es.wikipedia.org/wiki/Fracción_unitaria	¿Qué es una fracción unitaria en matemáticas?
453	https://zh.wikipedia.org/wiki/%E8%B4%BE%E6%9E%97%C2%B7%E6%89%80%E7%BD%97%E9%97%A8	贾林·所罗门	https://es.wikipedia.org/wiki/Jarrin_Solomon	¿En qué disciplina deportiva destacó Jarrin Solomon?
455	https://en.wikipedia.org/wiki/Irrawaddy_River	Irrawaddy River	https://es.wikipedia.org/wiki/R%C3%ADo_Irawadi	¿Cómo se llama el río más largo de Myanmar?
458	https://fr.wikipedia.org/wiki/Fuligo_septica	Fuligo septica	https://es.wikipedia.org/wiki/Fuligo_septica	¿De qué color es el moho Fuligo septica?
459	https://zh.wikipedia.org/wiki/%E7%BD%97%E7%89%B9%E5%B7%B4%E5%85%8B	罗特巴克	https://es.wikipedia.org/wiki/Rothbach	¿En qué región de Francia esta ubicado Rothbach?
460	https://zh.wikipedia.org/wiki/2018%E5%B9%B4%E4%B8%AD%E5%9C%8B%E5%A4%A7%E7%8D%8E%E8%B3%BD	2018年中國大獎賽	https://es.wikipedia.org/wiki/Anexo:Gran_Premio_de_China_de_2018	¿Quién ganó el Grand Prix de la Fórmula 1 en China en el 2018?
461	https://fr.wikipedia.org/wiki/Dissidia:_Final_Fantasy	Dissidia: Final Fantasy	https://es.wikipedia.org/wiki/Dissidia:_Final_Fantasy	¿En qué consola se lanzó por primera vez "Dissidia: Final Fantasy"?
463	https://zh.wikipedia.org/wiki/%E5%AE%97%E5%BA%A7%E9%A2%9D%E6%88%91%E7%95%A5%E5%A4%A7%E5%AD%A6	宗座额我略大学	https://es.wikipedia.org/wiki/Pontificia_Universidad_Gregoriana	¿Quién es el fundador de la Pontificia Universidad Gregoriana?
464	https://fr.wikipedia.org/wiki/G%C3%B6d%C3%B6ll%C5%91	Gödöllő	https://es.wikipedia.org/wiki/Gödöllő	¿En qué país se encuentra la ciudad de Gödöllő?
465	https://zh.wikipedia.org/wiki/%E5%BE%B7%E5%93%88%E7%B6%AD%E8%98%AD%E5%8A%A0%E6%8B%BF%E5%A4%A7DHC-8	德哈維蘭加拿大DHC-8	https://es.wikipedia.org/wiki/De_Havilland_Canada_Dash_8	¿En donde se producen los aviones de la serie de aviones DHC-8 o Dash-8?
466	https://fr.wikipedia.org/wiki/Folding@home	Folding@home	https://es.wikipedia.org/wiki/Folding@home	¿Cuál es el principal propósito del proyecto Folding@home?
469	https://sv.wikipedia.org/wiki/PJAK	PJAK	https://es.wikipedia.org/wiki/Partido_por_una_Vida_Libre_en_Kurdistán	¿En qué países está activo la organización política llamada Partido por una Vida Libre en Kurdistán?
470	https://sv.wikipedia.org/wiki/41_(tal)	41 (tal)	https://es.wikipedia.org/wiki/Cuarenta_y_uno	¿Cómo se puede obtener el número 41 expresado como suma de dos cuadrados?
472	https://zh.wikipedia.org/wiki/%E6%95%98%E5%88%A9%E4%BA%9E%E5%9F%BA%E7%9D%A3%E6%95%99	敘利亞基督教	https://es.wikipedia.org/wiki/Cristianismo_sir%C3%ADaco	¿Cuál es la corriente de cristianimo más comunmente praticada en Karala, India?
474	https://sv.wikipedia.org/wiki/Carlo_Gozzi	Carlo Gozzi	https://es.wikipedia.org/wiki/Carlo_Gozzi	¿Según el dramaturgo Carlo Gozzi, cuántos argumentos dramáticos existen?
475	https://fr.wikipedia.org/wiki/Gordon_Strachan	Gordon Strachan	https://es.wikipedia.org/wiki/Gordon_Strachan	Gordon Strachan es un entrenador de football, ¿Cuál fue el último equipo que entrenó ?
478	https://fr.wikipedia.org/wiki/La_Robine-sur-Galabre	La Robine-sur-Galabre	https://es.wikipedia.org/wiki/La_Robine-sur-Galabre	¿En qué provicina francesa está ubicado La Robine-sur-Galabre?
481	https://zh.wikipedia.org/wiki/%E5%B0%A4%E9%87%8C%C2%B7%E5%8A%A0%E6%B4%A5%E6%96%AF%E5%9F%BA	尤里·加津斯基	https://es.wikipedia.org/wiki/Yuri_Gazinski	¿Qué deporte practica Yuri Gazinski (Ю́рий Гази́нский)?
482	https://zh.wikipedia.org/wiki/%E4%BA%9A%E5%8E%86%E5%B1%B1%E5%BE%B7%E7%BD%97%C2%B7%E6%99%AE%E5%A5%87%E5%B0%BC	亚历山德罗·普奇尼	https://es.wikipedia.org/wiki/Alessandro_Puccini	¿Qué deporte practicaba Alessandro Puccini?
488	https://fr.wikipedia.org/wiki/111_West_57th_Street	111 West 57th Street	https://es.wikipedia.org/wiki/111_West_57th_Street	¿Cuántos años se tardó en construir la Torre Steinway en Manhattan?
491	https://sv.wikipedia.org/wiki/Plastic_Letters	Plastic Letters	https://es.wikipedia.org/wiki/Plastic_Letters	¿Cómo se llama el segundo álbum de la banda estadounidense Blondie?
492	https://fr.wikipedia.org/wiki/Cirrostratus	Cirrostratus	https://es.wikipedia.org/wiki/Cirrostrato	¿Es probable que llueva si veo un cirrostrato?
495	https://sv.wikipedia.org/wiki/Guillaume_Bud%C3%A9	Guillaume Budé	https://es.wikipedia.org/wiki/Guillaume_Budé	¿En qué siglos vivió Guillaume Budé?
497	https://zh.wikipedia.org/wiki/%E7%B1%B3%E8%8E%B1%E6%89%98	米莱托	https://es.wikipedia.org/wiki/Mileto_(Italia)	¿Está en aumento la población de Mileto en Calabria?
500	https://sv.wikipedia.org/wiki/Mutoskop	Mutoskop	https://es.wikipedia.org/wiki/Mutoscopio	¿En qué años fueron populares los mutoscopios?
