primary_url	fi_url	title	languages	question	alt_question
https://en.wikipedia.org/wiki/David_F._Sandberg	https://fi.wikipedia.org/wiki/David_F._Sandberg	David F. Sandberg	en,fi,sv,zh,fr	Millä nimellä David Sandberg tunnetaan YouTubessa?	Kuka on David F. Sandbergin vaimo?
https://en.wikipedia.org/wiki/Nokia_E5-00	https://fi.wikipedia.org/wiki/Nokia_E5	Nokia E5	en,fr,fi	Kenen käyttöön Nokian E5-malli pääasiallisesti suunniteltiin?	Mikä on Nokian E5-puhelimen käyttöjärjestelmä?
https://en.wikipedia.org/wiki/Mouthier-Haute-Pierre	X	Mouthier-Haute-Pierre	en,fr,sv,zh		
https://en.wikipedia.org/wiki/Cyrtophora_moluccensis	X	Cyrtophora moluccensis	en,fr,sv,zh		
https://en.wikipedia.org/wiki/Cilleruelo_de_San_Mam%C3%A9s	X	Cilleruelo de San Mamés	en,fr,sv,zh		
https://en.wikipedia.org/wiki/Helsingin_Jalkapalloklubi	https://fi.wikipedia.org/wiki/Helsingin_Jalkapalloklubi	Helsingin Jalkapalloklubi	en,fi,sv,zh,fr	Kuka perusti Helsingin Jalkapalloklubin?	
https://en.wikipedia.org/wiki/Zonitoides	X	Zonitoides	en,sv,zh		
https://en.wikipedia.org/wiki/Gampel-Bratsch	X	Gampel-Bratsch	en,fr,sv,zh		
https://en.wikipedia.org/wiki/Pet_store	https://fi.wikipedia.org/wiki/Lemmikkikauppa	Lemmikkikauppa	en,fr,fi,zh	Myydäänkö lemmikkikaupoissa eksoottisia lintuja ja matelijoita?
https://en.wikipedia.org/wiki/Tilia_dasystyla	X	Tilia dasystyla	en,fr,sv		
https://en.wikipedia.org/wiki/White-winged_chough	https://fi.wikipedia.org/wiki/Mutavaris	Mutavaris	en,fr,fi,sv	Mille alueille mutavariksen levinnäisyys ulottuu?
https://en.wikipedia.org/wiki/Input%E2%80%93output_memory_management_unit	https://fi.wikipedia.org/wiki/IOMMU	IOMMU	en,fi,zh		
https://en.wikipedia.org/wiki/1997%E2%80%9398_Asian_Club_Championship	X	1997–98 Asian Club Championship	en,fr,zh		
https://en.wikipedia.org/wiki/FC_Zhenis	https://fi.wikipedia.org/wiki/FK_Astana-1964	FK Astana-1964	en,fr,fi,zh	Mikä oli FK Astana-1964:n alkuperäinen nimi?	
https://en.wikipedia.org/wiki/Herpy-l%27Arl%C3%A9sienne	https://fi.wikipedia.org/wiki/Herpy-l%27Arlésienne	Herpy-l'Arlésienne	en,fi,sv,zh,fr	Missä Ranskan departementissa Herpy-l’Arlésienne sijaitsee?	Minkä joen varrella Herpy-l’Arlésienne sijaitsee?
https://en.wikipedia.org/wiki/Irus_irus	X	Irus irus	en,sv,zh		
https://en.wikipedia.org/wiki/Petra_van_Staveren	https://fi.wikipedia.org/wiki/Petra_van_Staveren	Petra van Staveren	en,fi,sv,zh,fr	Minkä lajin olympiavoittaja Petra van Straveren on?	Mikä on Petra van Straverenin oikea nimi?
https://en.wikipedia.org/wiki/Paul_Egede	X	Paul Egede	en,fr,sv		
https://en.wikipedia.org/wiki/Argyrosomus_hololepidotus	X	Argyrosomus hololepidotus	en,sv,zh		
https://en.wikipedia.org/wiki/Carl_L%C3%B6wenhielm	https://fi.wikipedia.org/wiki/Carl_Löwenhielm	Carl Löwenhielm	en,fr,fi,sv	Kuka oli Carl Löwenhielmin isä?	Missä kaupungissa Carl Löwenhielm syntyi?
https://en.wikipedia.org/wiki/H%C3%BCffelsheim	X	Hüffelsheim	en,fr,sv,zh		
https://en.wikipedia.org/wiki/Steelville,_Missouri	X	Steelville, Missouri	en,fr,sv,zh		
https://en.wikipedia.org/wiki/Western_oriole	https://fi.wikipedia.org/wiki/Huilukuhankeittäjä	Western oriole	en,fr,fi,sv	Onko huilukuhankeittäjä uhanalainen laji?	Minkä eläinlajin edustaja on huilukuhankeittäjä?
https://en.wikipedia.org/wiki/White_Collar_(TV_series)	https://fi.wikipedia.org/wiki/Kovat_kaulassa	White Collar (TV series)	en,fi,sv,zh,fr	Kuka esitti erikoisagentti Peter Burkea sarjassa Kovat Kaulassa?	Kuka näytteli huijari Neal Caffreya sarjassa Kovat Kaulassa?
https://en.wikipedia.org/wiki/Dharma_name	X	Dharma name	en,fr,zh		
https://en.wikipedia.org/wiki/Ted_Lange	https://fi.wikipedia.org/wiki/Ted_Lange	Ted Lange	fr,fi	Kuka esitti baarinpitäjä Isaac Washingtonia televisiosarjassa Lemmenlaiva?	Missä televisiosarjassa Ted Lange esitti baarinpitäjä Isaac Washingtonia?
https://en.wikipedia.org/wiki/Chris_Claremont	https://fi.wikipedia.org/wiki/Chris_Claremont	Chris Claremont	en,fr,fi,sv	Mistä sarjakuvasarjasta Chris Claremont erityisesti tunnetaan?	
https://en.wikipedia.org/wiki/Bundesautobahn_73	X	Bundesautobahn 73	en,fr,sv		
https://en.wikipedia.org/wiki/Gianrico_Carofiglio	X	Gianrico Carofiglio	en,fr,sv		
https://en.wikipedia.org/wiki/Bischofsheim,_Hesse	X	Bischofsheim, Hesse	en,fr,sv,zh		
https://en.wikipedia.org/wiki/Hamilton_Academical_F.C.	https://fi.wikipedia.org/wiki/Hamilton_Academical_FC	Hamilton Academical F.C.	en,fi,sv,zh,fr	Mikä on Hamilton Academical FC:n kotikenttä?	Kuka perusti Hamilton Academical FC:n?
https://en.wikipedia.org/wiki/Ghislain_Konan	X	Ghislain Konan	en,fr,zh		
https://en.wikipedia.org/wiki/Swedish_Navy	https://fi.wikipedia.org/wiki/Ruotsin_merivoimat	Swedish Navy	en,fi,sv,zh,fr	Montako aselajia Ruotsin merivoimiin kuuluu?	Kuka toimii Ruotsin merivoimien komentajana?
https://en.wikipedia.org/wiki/Pennard	X	Pennard	en,fr,sv		
https://en.wikipedia.org/wiki/Galicia_(Spain)	https://fi.wikipedia.org/wiki/Galicia	Galicia (Spain)	en,fi,sv,zh,fr	Mistä maakunnista Galicia koostuu?	Mitkä ovat Galician rajanaapurit?
https://en.wikipedia.org/wiki/United_States_Army_Medical_Command	X	United States Army Medical Command	en,fr,zh		
https://zh.wikipedia.org/wiki/%E5%92%8C%E5%B9%B3%E5%8F%B7%E7%A9%BA%E9%97%B4%E7%AB%99	https://fi.wikipedia.org/wiki/Mir	和平号空间站	zh,en,fi,fr,sv	Mihin avaruusasemasarjaan Mir-avaruusasema perustui?	Montaako miehistön jäsentä Mir tyypillisesti majoitti?
https://zh.wikipedia.org/wiki/%E6%88%B4%E5%A4%AB%C2%B7%E5%BC%97%E8%98%AD%E7%A7%91	https://fi.wikipedia.org/wiki/Dave_Franco	戴夫·弗蘭科	zh,en,fi,fr,sv	Mikä oli Dave Francon läpimurtoelokuva?	Kuka on Dave Francon vaimo?
https://zh.wikipedia.org/wiki/%E5%88%B6%E8%A3%81%E8%80%85_(%E9%9B%BB%E8%A6%96%E5%8A%87)	https://fi.wikipedia.org/wiki/The_Punisher_(televisiosarja)	制裁者 (電視劇)	zh,en,fi,fr,sv	Mistä Tuomari pyrkii puhdistamaan Hell’s Kitchenin sarjassa The Punisher?
https://zh.wikipedia.org/wiki/%E5%A1%94%E5%B9%B3%E5%8E%BF	X	塔平县	zh,en,fr,sv		
https://zh.wikipedia.org/wiki/%E7%B4%85%E7%89%9B%E9%AB%94%E8%82%B2%E5%A0%B4_(%E8%96%A9%E7%88%BE%E6%96%AF%E5%A0%A1)	https://fi.wikipedia.org/wiki/Red_Bull_Arena_(Salzburg)	紅牛體育場 (薩爾斯堡)	zh,en,fi,fr,sv	Mitä nimeä Red Bull Arenasta käytettiin vuoden 2008 EM-kilpailujen aikaan?
https://sv.wikipedia.org/wiki/Captain_Morgan	https://fi.wikipedia.org/wiki/Captain_Morgan	Captain Morgan	sv,en,fr,fi	Mistä vuodesta lähtien Captain Morgania on valmistettu?	Milloin Captain Morgan myytiin Diageolle?
https://zh.wikipedia.org/wiki/%E8%93%AC%E4%BD%90%E5%86%85	X	蓬佐内	zh,en,fr,sv		
https://fr.wikipedia.org/wiki/%C3%89tude_cas-t%C3%A9moins	https://fi.wikipedia.org/wiki/Tapaus-verrokkitutkimus	Étude cas-témoins	fr,en,fi,sv,zh	Kuinka montaa ryhmää tapaus-verrokkitutkimuksessa tarkastellaan?	
https://fr.wikipedia.org/wiki/Championnats_du_monde_de_biathlon_1991	https://fi.wikipedia.org/wiki/Ampumahiihdon_maailmanmestaruuskilpailut_1991	Championnats du monde de biathlon 1991	fr,en,fi,sv	Kuka voitti vuoden 1991 ampumahiihdon maailmanmestaruuskilpailujen miesten 20 kilometrin kilpailun?
https://sv.wikipedia.org/wiki/Edu_Manga	https://fi.wikipedia.org/wiki/Edu_Manga	Edu Manga	sv,en,fr,fi,zh	Kuka on Edu Manga?	Mitä lajia Edu Manga pelasi?
https://zh.wikipedia.org/wiki/%E5%8D%A2%E6%A0%BC%E6%9D%9C%E5%8A%AA%E5%A7%86	X	卢格杜努姆	zh,en,fr,sv		
https://fr.wikipedia.org/wiki/Xiong_Ai	X	Xiong Ai	fr,en,zh		
https://sv.wikipedia.org/wiki/A_Portuguesa	https://fi.wikipedia.org/wiki/A_Portuguesa	A Portuguesa	sv,en,fr,fi,zh	Kuka sävelsi Portugalin kansallislaulun?	Milloin A Portuguesa valittiin Portugalin kansallislauluksi?
https://sv.wikipedia.org/wiki/Bleeding_Kansas	X	Bleeding Kansas	sv,en,fr,zh		
https://fr.wikipedia.org/wiki/Manifestations_de_mars-avril_2022_au_P%C3%A9rou	X	Manifestations de mars-avril 2022 au Pérou	fr,en,zh		
https://zh.wikipedia.org/wiki/%E9%A5%B6%E8%88%8C%E8%80%85%E9%92%B1%E6%96%AF	https://fi.wikipedia.org/wiki/Chance_the_Rapper	饶舌者钱斯	zh,en,fi,fr,sv	Mikä on Chance the Rapperin oikea nimi?	Kuka on Chance the Rapperin veli?
https://en.wikipedia.org/wiki/Sustainable_city	https://fi.wikipedia.org/wiki/Kestävä_kaupunki	Sustainable city	en,fr,fi,zh	Mitä tarkoitetaan kestävällä kaupungilla?	Miksi kestävä kaupunkikehitys on kestävän kehityksen kannalta merkittävä osa-alue?
https://sv.wikipedia.org/wiki/Zhejiangk%C3%B6ket	X	Zhejiangköket	sv,en,fr,zh		
https://zh.wikipedia.org/wiki/%E7%93%A6%E7%88%BE%E9%87%8C%E7%A7%91_(%E4%BD%9B%E7%BE%85%E9%87%8C%E9%81%94%E5%B7%9E)	X	瓦爾里科 (佛羅里達州)	zh,en,fr,sv		
https://zh.wikipedia.org/wiki/%E4%B8%8B%E5%A1%94%E5%90%89%E5%B0%94	https://fi.wikipedia.org/wiki/Nižni_Tagil	下塔吉尔	zh,en,fi,fr,sv	Millä alueella Nižni Tagil sijaitsee?	Mikä on Nižni Tagilin korkeus merenpinnasta?
https://zh.wikipedia.org/wiki/%E5%8A%9B	https://fi.wikipedia.org/wiki/Voima_(fysiikka)	力	zh,en,fi,fr,sv	Kuvaile hyvin lyhyesti vakiovoimaa dynamiikan peruslain mukaan.
https://fr.wikipedia.org/wiki/Quarten	X	Quarten	fr,en,sv,zh		
https://sv.wikipedia.org/wiki/V%C3%A4rldsm%C3%A4sterskapet_i_ishockey_f%C3%B6r_herrar_1931	https://fi.wikipedia.org/wiki/Jääkiekon_maailmanmestaruuskilpailut_1931	Världsmästerskapet i ishockey för herrar 1931	sv,en,fr,fi	Mikä joukkue edusti Yhdysvaltoja vuoden 1931 jääkiekon maailmanmestaruuskilpailuissa?	Missä vuoden 1931 jääkiekon maailmanmestaruuskilpailut järjestettiin?
https://zh.wikipedia.org/wiki/%E8%96%A9%E8%BF%A6%E6%B3%95%E7%8E%8B	X	薩迦法王	zh,en,fr,sv		
https://fr.wikipedia.org/wiki/General_Pinedo	X	General Pinedo	fr,en,sv,zh		
https://sv.wikipedia.org/wiki/Toru%C5%84	https://fi.wikipedia.org/wiki/Toruń	Toruń	sv,en,fr,fi,zh	Missä voivodikunnassa Toruń sijaitsee?	Mistä materiaalista suurin osa Toruńin vanhan kaupungin taloista on rakennettu?
https://en.wikipedia.org/wiki/Gregory_III_Laham	X	Gregory III Laham	en,fr,sv,zh		
https://sv.wikipedia.org/wiki/F%C3%B6rlossning	https://fi.wikipedia.org/wiki/Synnytys	Förlossning	sv,en,fr,fi,zh	Mitä tarkoitetaan raivotarjonnalla?	Millä eri tarjonnoilla sikiö voi syntyä?
https://zh.wikipedia.org/wiki/%E5%B7%A7%E5%85%8B%E5%8A%9B%E7%B3%96%E6%BC%BF	X	巧克力糖漿	zh,en,fr,sv		
https://fr.wikipedia.org/wiki/Jef_Raskin	https://fi.wikipedia.org/wiki/Jef_Raskin	Jef Raskin	fr,en,fi,sv,zh	Missä yliopistossa Jef Raskin opiskeli?	Aloittiko Jef Raskin Macintosh-projektin?
https://fr.wikipedia.org/wiki/Delley-Portalban	X	Delley-Portalban	fr,en,sv,zh		
https://zh.wikipedia.org/wiki/%E5%8A%89%E6%98%93%E6%96%AF%E6%95%A6_(%E5%AF%86%E8%98%87%E9%87%8C%E5%B7%9E)	X	劉易斯敦 (密蘇里州)	zh,en,fr		
https://zh.wikipedia.org/wiki/%E5%87%B1%E4%BC%8A%E7%88%BE%C2%B7%E7%99%BD%E6%9C%97%E5%AF%A7	X	凱伊爾·白朗寧	zh,en,fr,sv		
https://zh.wikipedia.org/wiki/%E5%B8%8C%E5%BE%B7_(%E7%B4%A2%E6%81%A9-%E5%8D%A2%E7%93%A6%E5%B0%94%E7%9C%81)	X	希德 (索恩-卢瓦尔省)	zh,en,fr,sv		
https://fr.wikipedia.org/wiki/Prato_allo_Stelvio	X	Prato allo Stelvio	fr,en,sv,zh		
https://zh.wikipedia.org/wiki/2011%E5%B9%B4%E6%AD%90%E6%B4%B2%E8%B6%85%E7%B4%9A%E7%9B%83	https://fi.wikipedia.org/wiki/UEFA_Super_Cup_2011	2011年歐洲超級盃	zh,en,fi,fr	Mikä joukkue voitti vuoden 2011 UEFA Super Cupin?	Mitkä joukkueet kohtasivat vuoden 2011 UEFA Super Cupissa?
https://sv.wikipedia.org/wiki/HD_123569	X	HD 123569	sv,en,fr,zh		
https://zh.wikipedia.org/wiki/%E8%8E%AB%E9%87%8C%E8%8C%A8%C2%B7%E7%A6%8F%E5%B0%94%E8%8C%A8	https://fi.wikipedia.org/wiki/Moritz_Volz	莫里茨·福尔茨	zh,en,fi,fr	Mikä on jalkapalloilija Moritz Volzin lempinimi?	
https://sv.wikipedia.org/wiki/Virginia_Cavaliers	X	Virginia Cavaliers	sv,en,fr,zh		
https://zh.wikipedia.org/wiki/%E6%B2%99%E8%90%A8%E6%B6%85	X	沙萨涅	zh,en,fr,sv		
https://en.wikipedia.org/wiki/Antenna_(biology)	https://fi.wikipedia.org/wiki/Tuntosarvi	Antenna (biology)	en,fr,fi,sv,zh	Onko kaikilla niveljalkaisilla tuntosarvet?	Millä niveljalkaisilla ei ole lainkaan tuntosarvia?
https://zh.wikipedia.org/wiki/%E7%BD%97%E6%A3%AE%E5%A4%9A%E5%A4%AB	X	罗森多夫	zh,en,fr,sv		
https://zh.wikipedia.org/wiki/%E7%99%BD%E7%B2%89%E8%8F%8C%E7%9B%AE	https://fi.wikipedia.org/wiki/Härmäsienet	白粉菌目	zh,en,fi,fr,sv	Mikä on härmäsienten ainoa heimo?	Mihin sienikunnan kaareen härmäsienet kuuluvat?
https://sv.wikipedia.org/wiki/Ludhiana	https://fi.wikipedia.org/wiki/Ludhiana	Ludhiana	sv,en,fr,fi,zh	Mitkä ovat Ludhianan koordinaatit?	
https://sv.wikipedia.org/wiki/Bert_Olmstead	https://fi.wikipedia.org/wiki/Bert_Olmstead	Bert Olmstead	sv,en,fr,fi	Millä lisänimellä Bert Olmsteadia kutsuttiin?	Mitä joukkuetta Bert Olmstead valmensi aktiiviuransa jälkeen?
https://fr.wikipedia.org/wiki/Fortescue_(Missouri)	X	Fortescue (Missouri)	fr,en,zh		
https://zh.wikipedia.org/wiki/%E8%85%A6%E6%80%A7%E9%BA%BB%E7%97%BA	https://fi.wikipedia.org/wiki/CP-vamma	腦性麻痺	zh,en,fi,fr,sv	Milloin vietetään Maailman CP-päivää?	Mitä eri CP-vammatyyppejä on olemassa?
https://zh.wikipedia.org/wiki/%E9%93%B2%E9%BD%BF%E4%B8%AD%E5%96%99%E9%B2%B8	https://fi.wikipedia.org/wiki/Mesoplodon_traversii	铲齿中喙鲸	zh,en,fi,fr,sv	Mikä on mesoplodon traversiin suomenkielinen nimi?	Mihin heimoon mesoplodon traversii kuuluu? 
https://sv.wikipedia.org/wiki/F%C3%BCzesabonyi_J%C3%A1r%C3%A1s	X	Füzesabonyi Járás	sv,en,fr,zh		
https://fr.wikipedia.org/wiki/Khobar	https://fi.wikipedia.org/wiki/Al-Khobar	Khobar	fr,en,fi,sv,zh	Minkä seurauksena Al-Khobar perustettiin?	Mihin valtioon Al-Khobar kytkeytyy sillalla?
https://en.wikipedia.org/wiki/BAFTA_Award_for_Best_Actor_in_a_Supporting_Role	https://fi.wikipedia.org/wiki/Parhaan_miessivuosan_Bafta-palkinto	BAFTA Award for Best Actor in a Supporting Role	en,fr,fi,sv,zh	Milloin jaettiin ensimmäinen parhaan miessivuosan Bafta-palkinto?	
https://fr.wikipedia.org/wiki/Deuxi%C3%A8me_concile_de_Nic%C3%A9e	https://fi.wikipedia.org/wiki/Nikean_toinen_kirkolliskokous	Deuxième concile de Nicée	fr,en,fi,sv,zh	Mistä syystä Nikean toinen kirkolliskokous oli kutsuttu koolle?	Kenen aloitteesta Nikean toinen kirkolliskokous kutsuttiin koolle?
https://en.wikipedia.org/wiki/Mario_Bolatti	https://fi.wikipedia.org/wiki/Mario_Bolatti	Mario Bolatti	en,fr,fi,sv,zh	Missä Mario Bolatti aloitti ammattilaisuransa?	Pelasiko Mario Bolatti koskaan Italian maajoukkueessa?
https://en.wikipedia.org/wiki/Spotted_blue-eye	X	Spotted blue-eye	en,fr,sv,zh		
https://zh.wikipedia.org/wiki/%E6%A2%81%E5%B1%B1%E5%8E%BF	X	梁山县	zh,en,fr,sv		
https://zh.wikipedia.org/wiki/%E5%A5%A7%E5%BA%AB%E6%96%AF%E6%89%98%E9%9B%85%E6%96%AF%E5%B1%B1	https://fi.wikipedia.org/wiki/Aukštojas	奧庫斯托雅斯山	zh,en,fi,fr,sv	Minkä mukaan Aukštojas on nimetty?	Mikä on Liettuan korkein kohta?
https://zh.wikipedia.org/wiki/%E7%A7%91%E5%B0%94%E5%AF%9F%E8%87%AA%E6%B2%BB%E7%9C%81	X	科尔察自治省	zh,en,fr,sv		
https://fr.wikipedia.org/wiki/D%C3%A9partement_de_Federal	X	Département de Federal	fr,en,sv,zh		
https://fr.wikipedia.org/wiki/Sophie_N%C3%A9lisse	X	Sophie Nélisse	fr,en,sv		
https://en.wikipedia.org/wiki/Wheein	X	Wheein	en,fr,sv,zh		
https://sv.wikipedia.org/wiki/7532_Pelh%C5%99imov	X	7532 Pelhřimov	sv,en,fr,zh		
https://fr.wikipedia.org/wiki/Capitaine_(football)	X	Capitaine (football)	fr,en,zh		
https://zh.wikipedia.org/wiki/%E7%B4%84%E7%BF%B0%C2%B7%E6%96%AF%E6%96%87%E5%B0%BC	X	約翰·斯文尼	zh,en,fr		
https://fr.wikipedia.org/wiki/The_Fens	https://fi.wikipedia.org/wiki/The_Fens	The Fens	fr,en,fi	Kuka hollantilainen insinööri palkattiin kuivattamaan the Fensin suot 1600-luvun puolivälin paikkeilla?	Mitkä joet laskevat the Fensin läpi?
https://zh.wikipedia.org/wiki/%E5%9F%83%E8%92%82%E5%A5%A5%E5%8B%92	X	埃蒂奥勒	zh,en,fr,sv		
https://sv.wikipedia.org/wiki/Labalme	X	Labalme	sv,en,fr,zh		
https://fr.wikipedia.org/wiki/Soustons	X	Soustons	fr,en,sv,zh		
https://en.wikipedia.org/wiki/Kremlin_(fortification)	https://fi.wikipedia.org/wiki/Kreml	Kremlin (fortification)	en,fr,fi,sv,zh	Kuuluuko Pyhän Vasilin kirkko Moskovan kremliin?	Ovatko kremlit aina kaupungissa?
https://zh.wikipedia.org/wiki/150	X	150	zh,en,fr,sv		
https://zh.wikipedia.org/wiki/%E5%85%B1%E4%BA%AB%E6%BA%90%E4%BB%A3%E7%A0%81	https://fi.wikipedia.org/wiki/Jaettu_lähdekoodi	共享源代码	zh,en,fi,fr,sv	Mihin Microsoftin aloitteeseen termillä jaettu lähdekoodi tyypillisesti viitataan?	
https://sv.wikipedia.org/wiki/8536_M%C3%A5ns	X	8536 Måns	sv,en,fr,zh		
https://zh.wikipedia.org/wiki/%E5%8D%A1%E6%96%AF%E7%9A%AE%E6%96%AF%E5%85%8B	https://fi.wikipedia.org/wiki/Kaspijsk	Kaspijsk	zh,en,fi,fr,sv	Millä nimellä Kaspijsk alkujaan perustettiin?	
https://zh.wikipedia.org/wiki/%E8%8B%A5%E9%98%BF%E7%BA%B3	https://fi.wikipedia.org/wiki/Joannas	若阿纳	zh,en,fi,fr,sv		
https://sv.wikipedia.org/wiki/Hylarana_elberti	X	Hylarana elberti	sv,en,fr		
https://sv.wikipedia.org/wiki/La_Belli%C3%A8re,_Seine-Maritime	X	La Bellière, Seine-Maritime	sv,en,fr,zh		
https://fr.wikipedia.org/wiki/Diab%C3%A8te_de_type_2	https://fi.wikipedia.org/wiki/Tyypin_2_diabetes	Diabète de type 2	fr,en,fi,sv,zh	Moniko suomalainen potee tyypin 2 diabetesta?	Lyhentääkö diabetes potilaiden keskimääräistä elinikää?
https://zh.wikipedia.org/wiki/%E9%98%BF%E9%81%93%E5%A4%AB%C2%B7%E5%8A%A0%E5%85%B0%E5%BE%B7	https://fi.wikipedia.org/wiki/Adolf_Galland	阿道夫·加兰德	zh,en,fi,fr,sv	Missä tehtävissä Adolf Gallandin kaksi veljeä toimi toisessa maailmansodassa?	Mitä laivuetta Adolf Galland komensi El Ferrolissa vuonna 1937?
https://zh.wikipedia.org/wiki/%E5%9C%A3%E7%93%A6%E5%B0%94	X	圣瓦尔	zh,en,fr,sv		
https://zh.wikipedia.org/wiki/%E6%B3%A2%E8%A5%BF%E7%B8%A3_(%E5%8D%B0%E7%AC%AC%E5%AE%89%E7%B4%8D%E5%B7%9E)	X	波西縣 (印第安納州)	zh,en,fr,sv		
https://zh.wikipedia.org/wiki/%E4%BB%A5%E8%89%B2%E5%88%97%E8%88%AA%E7%A9%BA402%E8%99%9F%E7%8F%AD%E6%A9%9F%E7%A9%BA%E9%9B%A3	https://fi.wikipedia.org/wiki/El_Alin_lento_402	以色列航空402號班機空難	zh,en,fi,fr	Miksi El Alin lento 402 ajautui sivuun reitiltään?	
https://fr.wikipedia.org/wiki/Folorunsho_Alakija	https://fi.wikipedia.org/wiki/Folorunsho_Alakija	Folorunsho Alakija	fr,en,fi,sv	Kuka on Folorunsho Alakija?	Kuinka suuri arvioitu omaisuus Folorunsho Alakijalla on?
https://zh.wikipedia.org/wiki/%E8%A7%82%E6%B5%8B%E5%AE%87%E5%AE%99%E5%AD%A6	https://fi.wikipedia.org/wiki/Havaitseva_kosmologia	Havaitseva kosmologia	zh,en,fi,fr	Mihin havaitsevassa kosmologiassa keskitytään?	
https://zh.wikipedia.org/wiki/%E5%BA%93%E5%B0%94%E6%81%B0%E5%B0%94%C2%B7%E7%9B%96%E5%B0%94%E7%9B%96%E4%BC%8A	https://fi.wikipedia.org/wiki/Gergely_Kulcsár	Gergely Kulcsár	zh,en,fi,fr,sv	Missä järjestetyissä EM-kilpailuissa Gergely Kulcsár voitti ensimmäisen arvokisamitalinsa?	
https://fr.wikipedia.org/wiki/Victoire_Tomegah_Dogb%C3%A9	https://fi.wikipedia.org/wiki/Victoire_Tomegah_Dogbé	Victoire Tomegah Dogbé	fr,en,fi,sv	Kuka oli Togon ensimmäinen naispääministeri?	
https://zh.wikipedia.org/wiki/695%E5%B9%B4	https://fi.wikipedia.org/wiki/695	695	zh,en,fi,fr,sv	Minä vuonna syyrialainen kenraali Muhammad bin Qasim syntyi?	
https://fr.wikipedia.org/wiki/Comt%C3%A9_de_Gogebic	https://fi.wikipedia.org/wiki/Gogebicin_piirikunta	Gogebicin piirikunta	fr,en,fi,sv,zh	Missä Yhdysvaltain osavaltiossa Gogebicin piirikunta sijaitsee?	Mikä on Gogebicin piirikunnan suurin kaupunki?
https://zh.wikipedia.org/wiki/%E6%B4%A5%E5%B7%B4%E5%B8%83%E9%9F%A6%E5%8E%86%E5%8F%B2	https://fi.wikipedia.org/wiki/Zimbabwen_historia	Zimbabwen historia	zh,en,fi,fr	Mikä kansa saapui 900-luvun tienoilla Mapungubwen alueelle?	Minkä niminen kansallinen vapautusliike Zimbabwessa toimi 1950-luvulla?
https://zh.wikipedia.org/wiki/%E5%B0%8F%E8%A1%8C%E6%98%9F8903	X	小行星8903	zh,en,fr,sv		
https://zh.wikipedia.org/wiki/%E7%BA%A6%E7%BF%B0%C2%B7%E5%85%8B%E9%87%8C%E6%96%AF%E6%89%98%E5%BC%97%C2%B7%E5%A8%81%E5%88%A9%E6%96%AF	X	约翰·克里斯托弗·威利斯	zh,en,fr,sv		
https://en.wikipedia.org/wiki/Aloadae	https://fi.wikipedia.org/wiki/Aloadit	Aloadit	en,fr,fi,zh	Kuka oli kreikkalaisen mytologian mukaan Aloeidien äiti?	Kuka surmasi Aloeidit?
https://sv.wikipedia.org/wiki/Retronym	X	Retronym	sv,en,fr,zh		
https://zh.wikipedia.org/wiki/%E9%9F%A6%E5%BB%96%E5%A4%AB%E9%87%91%E6%B4%9E%E7%A9%B4	X	韦廖夫金洞穴	zh,en,fr,sv		
https://zh.wikipedia.org/wiki/%E9%98%BF%E5%B0%94%E5%8D%91%E6%96%AF%E5%B8%A6	X	阿尔卑斯带	zh,en,fr,sv		
https://zh.wikipedia.org/wiki/%E5%B0%8F%E9%87%8E%E8%B2%93%E7%9A%84%E5%85%AC%E8%B7%AF%E6%AD%B7%E9%9A%AA%E8%A8%98	X	小野貓的公路歷險記	zh,en,fr,sv		
https://en.wikipedia.org/wiki/Swea_City,_Iowa	X	Swea City, Iowa	en,fr,zh		
https://fr.wikipedia.org/wiki/Gare_de_Walthamstow_Central	X	Gare de Walthamstow Central	fr,en,zh		
https://fr.wikipedia.org/wiki/Amyema	X	Amyema	fr,en,sv,zh		
https://fr.wikipedia.org/wiki/Marko_Kiprusoff	https://fi.wikipedia.org/wiki/Marko_Kiprusoff	Marko Kiprusoff	fr,en,fi,sv,zh	Montako maalia Marko Kiprusoff teki NHL-urallaan?
https://zh.wikipedia.org/wiki/%E6%B3%95%E5%9C%8B%E8%88%AA%E7%A9%BA296%E8%99%9F%E7%8F%AD%E6%A9%9F%E7%A9%BA%E9%9B%A3	https://fi.wikipedia.org/wiki/Air_Francen_lento_296	Air Francen lento 296	zh,en,fi,fr	Mistä Air Francen lento 296 tunnetaan?	Mitkä syyt mahdollisesti aiheuttivat Air Francen lennon 296 onnettomuuden?
https://en.wikipedia.org/wiki/JL-2	X	JL-2	en,fr,sv,zh		
https://zh.wikipedia.org/wiki/%E7%90%86%E6%9F%A5%E5%BE%B7%C2%B7%E6%B2%83%E6%81%A9%C2%B7%E6%96%AF%E5%AE%BE%E5%A1%9E	X	理查德·沃恩·斯宾塞	zh,en,fr		
https://en.wikipedia.org/wiki/BMW_X2	https://fi.wikipedia.org/wiki/BMW_X2	BMW X2	en,fi,sv,zh	Missä BMW X2:n konsepti esiteltiin?	
https://zh.wikipedia.org/wiki/%E5%8F%A4%E5%B7%B4%E5%9C%8B%E5%AE%B6%E7%94%B7%E5%AD%90%E6%8E%92%E7%90%83%E9%9A%8A	https://fi.wikipedia.org/wiki/Kuuban_miesten_lentopallomaajoukkue	Kuuban miesten lentopallomaajoukkue	zh,en,fi,fr,sv	Montako olympiamitalia Kuuban miesten lentopallomaajoukkue on voittanut?	Milloin Kuuban miesten lentopallomaajoukkue voitti lentopallon maailmanliigan?
https://fr.wikipedia.org/wiki/The_Eternal_Idol	https://fi.wikipedia.org/wiki/The_Eternal_Idol	The Eternal Idol	fr,en,fi,sv	Mitä Black Sabbath -yhtyeen The Eternal Idol -albumin kansitaiteessa esiintyville malleille tapahtui?
https://zh.wikipedia.org/wiki/%E5%9C%8B%E9%9A%9B%E5%A5%87%E9%80%A3%E8%97%8D	X	國際奇連藍	zh,en,fr,sv		
https://zh.wikipedia.org/wiki/%E5%93%A5%E4%BC%A6%E6%AF%94%E4%BA%9A%E6%80%BB%E7%BB%9F	https://fi.wikipedia.org/wiki/Kolumbian_presidentti	Kolumbian presidentti	zh,en,fi,fr	Kuka oli Kolumbian ensimmäinen presidentti?	Mitkä ehdot Kolumbian presidentin tulee täyttää?
https://zh.wikipedia.org/wiki/Windows_Neptune	X	Windows Neptune	zh,en,fr,sv		
https://zh.wikipedia.org/wiki/%E5%85%83%E4%BA%A8_(%E6%97%A5%E6%9C%AC)	X	元亨 (日本)	zh,en,fr,sv		
https://sv.wikipedia.org/wiki/Film_i_Frankrike	X	Film i Frankrike	sv,en,fr,zh		
https://zh.wikipedia.org/wiki/%E8%A5%BF%E9%9B%85%E5%85%B8%E4%B8%93%E5%8C%BA	https://fi.wikipedia.org/wiki/Länsi-Ateena	Länsi-Ateena	zh,en,fi,fr	Mikä on Länsi-Ateenan hallinnollinen keskus?	Minkä suunnitelman myötä Länsi-Ateenan alueyksikkö perustettiin?
https://zh.wikipedia.org/wiki/%E5%87%B1%E6%92%92%E9%A6%96%E9%A0%98	https://fi.wikipedia.org/wiki/Kaiser_Chiefs	Kaiser Chiefs	zh,en,fi,fr,sv	Onko Kaiser Chiefsin musiikkia käytetty videopeleissä?	
https://sv.wikipedia.org/wiki/19521_Chaos	https://fi.wikipedia.org/wiki/19521_Chaos	19521 Chaos	sv,en,fr,fi,zh	Millä tunnuksella 19521 Chaos tunnettiin ennen nimeämistään?
https://zh.wikipedia.org/wiki/%E7%9B%8E%E6%A0%BC%E9%AD%AF%E6%84%9B%E7%88%BE%E8%98%AD%E4%BA%BA	https://fi.wikipedia.org/wiki/Angloirlantilaiset	Angloirlantilaiset	zh,en,fi,fr,sv	Minkä sosiopoliittisen ja taloudellisen ylivallan edustajien jälkeläisiä angloirlantilaiset olivat?
https://sv.wikipedia.org/wiki/Ter%C3%A9ny	X	Terény	sv,en,fr,zh		
https://zh.wikipedia.org/wiki/%E9%87%8C%E5%BE%B9%E9%AB%98%E5%9C%B0	X	里徹高地	zh,en,fr,sv		
https://sv.wikipedia.org/wiki/Dourbies	X	Dourbies	sv,en,fr,zh		
https://zh.wikipedia.org/wiki/%E7%9F%B3%E8%95%8A%E7%A7%91	X	石蕊科	zh,en,fr,sv		
https://fr.wikipedia.org/wiki/Domantas_Sabonis	https://fi.wikipedia.org/wiki/Domantas_Sabonis	Domantas Sabonis	fr,en,fi,sv,zh	Mitä seuraa Domantas Sabonis edustaa?	Mitä pelipaikkaa Domantas Sabonis pelaa?
https://zh.wikipedia.org/wiki/%E9%98%BF%E5%B0%94%E5%BC%97%E9%9B%B7%E5%BE%B7%C2%B7%E6%99%AE%E8%8E%B1	https://fi.wikipedia.org/wiki/Alfred_Plé	Alfred Plé	zh,en,fi,fr	Missä lajissa Alfred Plé edusti Ranskaa vuoden 1920 kesäolympialaisissa?	Kuka on Alfred Plé?
https://sv.wikipedia.org/wiki/Terrazzo,_Veneto	X	Terrazzo, Veneto	sv,en,fr,zh		
https://fr.wikipedia.org/wiki/Liu_Wenhui	X	Liu Wenhui	fr,en,sv,zh		
https://zh.wikipedia.org/wiki/%E6%BE%84%E6%B1%9F%E5%B8%82	X	澄江市	zh,en,fr,sv		
https://sv.wikipedia.org/wiki/Amblychaeturichthys	X	Amblychaeturichthys	sv,en,fr,zh		
https://zh.wikipedia.org/wiki/%E6%8B%9F%E9%9A%99%E8%9B%9B%E5%B1%9E	X	拟隙蛛属	zh,en,fr,sv		
https://sv.wikipedia.org/wiki/Det_Norske_Baptistsamfunn	https://fi.wikipedia.org/wiki/Norjan_baptistiliitto	Norjan baptistiliitto	sv,en,fr,fi	Montako seurakuntaa Norjan baptistiliittoon kuului vuonna 2016?	Kuuluuko Norjan baptistiliitto Baptistien maailmanliittoon?
https://zh.wikipedia.org/wiki/%E5%A5%A7%E6%89%8E%E9%AD%AF%E5%A4%AB	X	奧扎魯夫	zh,en,fr,sv		
https://zh.wikipedia.org/wiki/%E6%99%AE%E8%B4%B9%E4%B8%81%E6%96%AF%E8%8E%B1%E6%9C%AC	X	普费丁斯莱本	zh,en,fr,sv		
https://fr.wikipedia.org/wiki/Palm_River-Clair_Mel	X	Palm River-Clair Mel	fr,en,sv,zh		
https://fr.wikipedia.org/wiki/Bataille_de_Long_Island	https://fi.wikipedia.org/wiki/Long_Islandin_taistelu	Long Islandin taistelu	fr,en,fi,sv,zh	Mikä oli Long Islandin taistelun lopputulos?	Missä sodassa Long Islandin taistelu käytiin?
https://en.wikipedia.org/wiki/Bruce_Sterling	https://fi.wikipedia.org/wiki/Bruce_Sterling	Bruce Sterling	en,fr,fi,sv,zh	Millä salanimellä Bruce Sterling toimitti Cheap Truth -nimistä science fiction -uutiskirjettä?	Minkä tieteiskirjallisuuden alalajin perustajana Bruce Sterling tunnetaan?
https://zh.wikipedia.org/wiki/%E8%B4%A1%E7%BA%B3%E5%B0%94%C2%B7%E9%98%BF%E6%96%AF%E6%99%AE%E9%9A%86%E5%BE%B7	https://fi.wikipedia.org/wiki/Gunnar_Asplund	Gunnar Asplund	zh,en,fi,fr,sv	Mitkä ovat Gunnar Asplundin tunnetuimmat työt?	Mihin Gunnar Asplund on haudattu?
https://sv.wikipedia.org/wiki/Gu_Bon-gil	X	Gu Bon-gil	sv,en,fr,zh		
https://sv.wikipedia.org/wiki/Movimiento_Bolivariano_Revolucionario_200	X	Movimiento Bolivariano Revolucionario 200	sv,en,fr,zh		
https://zh.wikipedia.org/wiki/%E5%89%8D485%E5%B9%B4	https://fi.wikipedia.org/wiki/485_eaa.	485 eaa.	zh,en,fi,fr,sv	Kuka Persian kuningas kuoli vuonna 485 eaa.?
https://zh.wikipedia.org/wiki/%E7%A7%91%E5%85%8B%E5%A4%A7%E5%AD%A6	X	科克大学	zh,en,fr,sv		
https://zh.wikipedia.org/wiki/%E5%AE%89%E5%90%89%E6%96%AF%E7%89%B9%E9%87%8C%E5%B2%9B	https://fi.wikipedia.org/wiki/Agk%C3%ADstri	Agkístri	zh,en,fi,fr,sv	Mihin saariryhmään Agkístri kuuluu?	Mikä on Agkístrin korkein kohta?
https://fr.wikipedia.org/wiki/Johnny_Cash	https://fi.wikipedia.org/wiki/Johnny_Cash	Johnny Cash	fr,en,fi,sv,zh	Missä puolustushaarassa Johnny Cash palveli Korean sodan sytyttyä?	
https://en.wikipedia.org/wiki/Beauvechain	https://fi.wikipedia.org/wiki/Beauvechain	Beauvechain	en,fr,fi,sv,zh	Missä provinssissa Beauvechain sijaitsee?	
https://fr.wikipedia.org/wiki/Noonie_Bao	https://fi.wikipedia.org/wiki/Noonie_Bao	Noonie Bao	fr,en,fi,sv	Millä nimellä Jonnali Mikaela Parmenius paremmin tunnetaan?	
https://zh.wikipedia.org/wiki/%E8%89%B3%E7%BB%87%E9%9B%80%E5%B1%9E	https://fi.wikipedia.org/wiki/Saarikutojat	艳织雀属	zh,en,fi,fr,sv	Mitä saarikutojat ovat?
https://zh.wikipedia.org/wiki/%E9%94%A1%E5%BE%B7%E9%87%8C%E5%85%8B%C2%B7%E5%88%A9%E5%BE%B7%E5%B0%94	X	锡德里克·利德尔	zh,en,fr,sv		
https://en.wikipedia.org/wiki/Takara	X	Takara	en,fr,sv,zh		
https://en.wikipedia.org/wiki/Le_Mesnil-Opac	X	Le Mesnil-Opac	en,fr,sv,zh		
https://fr.wikipedia.org/wiki/14_octobre	https://fi.wikipedia.org/wiki/14._lokakuuta	14. lokakuuta	fr,en,fi,sv,zh	Mikä lisämerkintä saattoi esiintyä vanhoissa almanakoissa päivän 14. lokakuuta kohdalla?	
https://fr.wikipedia.org/wiki/Peter_Iwers	https://fi.wikipedia.org/wiki/Peter_Iwers	Peter Iwers	fr,en,fi,sv	Ketkä Peter Iwers on maininnut musiikillisiksi vaikutteikseen?
https://zh.wikipedia.org/wiki/%E5%88%B6%E5%8B%95%E6%B6%B2	https://fi.wikipedia.org/wiki/Jarruneste	Jarruneste	zh,en,fi,fr,sv	Mikä on DOT 5.1 -jarrunesteen kuiva-kiehumispiste?	
https://sv.wikipedia.org/wiki/Saint-Cl%C3%A9ment,_Yonne	X	Saint-Clément, Yonne	sv,en,fr,zh		
https://zh.wikipedia.org/wiki/%E9%B5%9D%E8%9B%8B%E5%BD%A2	X	鵝蛋形	zh,en,fr,sv		
https://fr.wikipedia.org/wiki/Catherine_McCormack	https://fi.wikipedia.org/wiki/Catherine_McCormack	Catherine McCormack	fr,en,fi,sv,zh	Missä Catherine McCormack kuoli?	
https://fr.wikipedia.org/wiki/Taekwondo_aux_Jeux_olympiques_d%27%C3%A9t%C3%A9_de_2012_-_Plus_de_67_kg_femmes	X	Taekwondo aux Jeux olympiques d'été de 2012 - Plus de 67 kg femmes	fr,en,sv,zh		
https://sv.wikipedia.org/wiki/Lautersheim	X	Lautersheim	sv,en,fr,zh		
https://sv.wikipedia.org/wiki/R%C3%B6strubbningar	https://fi.wikipedia.org/wiki/Äänihäiriö	Äänihäiriö	sv,en,fr,fi,zh	Mihin luokkiin äänihäiriöt voidaan luokitella?
https://en.wikipedia.org/wiki/Pasteur_(lunar_crater)	X	Pasteur (lunar crater)	en,fr,sv,zh		
https://zh.wikipedia.org/wiki/%E7%A6%8F%E9%97%A8%E7%89%B9%E6%8B%89%E5%B2%9B	https://fi.wikipedia.org/wiki/Formentera	福门特拉岛	zh,en,fi,fr,sv	Mistä Formentera tunnetaan?	Mihin maakuntaan Formentera kuuluu?
https://fr.wikipedia.org/wiki/Ligne_8_du_m%C3%A9tro_de_Paris	https://fi.wikipedia.org/wiki/Linja_8_(Pariisin_metro)	Ligne 8 du métro de Paris	fr,en,fi,sv,zh	Milloin Pariisin metron linja 8 avattiin?	
https://zh.wikipedia.org/wiki/%E9%98%BF%E6%96%AF%E7%8F%80%E8%92%99%E7%89%B9_(%E5%BE%B7%E5%85%8B%E8%96%A9%E6%96%AF%E5%B7%9E) 阿斯珀蒙特		(德克薩斯州)	zh,en,fr,sv		
https://zh.wikipedia.org/wiki/%E8%83%8C%E5%8F%9B%E7%9C%9F%E7%90%86%E7%9A%84%E4%BA%BA%E4%BB%AC	X	背叛真理的人们	zh,en,fr		
https://fr.wikipedia.org/wiki/Abrus	https://fi.wikipedia.org/wiki/Korupavut	Korupavut	fr,en,fi,sv,zh	Montako lajia korupapuihin sisältyy?	Missä korupapuja esiintyy alkuperäisenä lajina?
https://sv.wikipedia.org/wiki/Fomitiporia	https://fi.wikipedia.org/wiki/Tammenkäävät	Tammenkäävät	sv,en,fi,zh	Mikä on tammenkääpä?
https://fr.wikipedia.org/wiki/Oxford_University_Association_Football_Club	https://fi.wikipedia.org/wiki/Oxford_University_AFC	Oxford University AFC	fr,en,fi,sv	Minkä joukkueen Oxford University AFC voitti vuoden 1874 FA Cupin finaalissa?	Mitkä joukkueet muodostivat 1950-luvulla suositun Pegasus AFC:n?
https://zh.wikipedia.org/wiki/%E7%A7%8B%E5%A4%95_(%E6%9C%9D%E9%AE%AE%E5%8D%8A%E5%B3%B6)	X	秋夕 (朝鮮半島)	zh,en,fr,sv		
https://zh.wikipedia.org/wiki/%E9%85%92%E7%94%B0%E5%B8%82	https://fi.wikipedia.org/wiki/Sakata	酒田市	zh,en,fi,fr,sv	Minkä rautatieyhtiön Uetsu-päälinja palvelee Sakataa?
https://zh.wikipedia.org/wiki/%E9%A9%AC%E5%B0%94%E7%BB%B4%E5%B0%94	X	马尔维尔	zh,en,fr,sv		
https://fr.wikipedia.org/wiki/Health_(groupe)	https://fi.wikipedia.org/wiki/Health	Health	fr,en,fi,sv	Ketkä muodostavat yhtyeen Health?	Minä vuonna yhtye Health on perustettu?
https://en.wikipedia.org/wiki/HSC_Cs%C3%ADkszereda	https://fi.wikipedia.org/wiki/HSC_Cs%C3%ADkszereda	HSC Csíkszereda	en,fr,fi,sv	Missä lajissa HSC Csíkszereda kilpailee? 	Missä sarjassa HSC Csíkszereda kilpailee?
https://sv.wikipedia.org/wiki/Lil_Dagover	https://fi.wikipedia.org/wiki/Lil_Dagover	Lil Dagover	sv,en,fr,fi	Onko Lil Dagover julkaissut yhtään albumia?	Kuka on Lil Dagover?
https://fr.wikipedia.org/wiki/Mar%C3%ADa_Grever	X	María Grever	fr,en,sv,zh		
https://fr.wikipedia.org/wiki/Cap-Vert_aux_Jeux_olympiques	https://fi.wikipedia.org/wiki/Kap_Verde_olympialaisissa	Kap Verde olympialaisissa	fr,en,fi,sv,zh	Missä järjestettiin ensimmäiset olympialaiset, joihin Kap Verde osallistui?	Kuka on ollut nuorin Kap Verdeä olympialaisissa edustanut urheilija?
https://zh.wikipedia.org/wiki/%E9%A9%AC%E9%B2%81%E7%93%A6%E5%8B%92%E5%A5%B6%E9%85%AA	https://fi.wikipedia.org/wiki/Maroilles	Maroilles	zh,en,fi,fr	Mistä Maroilles valmistetaan?	Mitä makuvivahteita Maroillesista voidaan löytää?
https://zh.wikipedia.org/wiki/%E5%8D%A1%E8%8E%B1%E5%B0%94%E6%B2%83%C2%B7%E5%8A%B3%E5%93%88%E6%8B%89	https://fi.wikipedia.org/wiki/Kalervo_Rauhala	Kalervo Rauhala	zh,en,fi,fr	Minkä lajin olympiamitalisti Kalervo Rauhala on?	Miksi Kalervo Rauhala vetäytyi vuoden 1955 kreikkalais-roomalaisen painin maailmanmestaruuskilpailuista?
https://en.wikipedia.org/wiki/Arcade_(architecture)	https://fi.wikipedia.org/wiki/Arkadi	Arkadi	en,fr,fi,sv,zh	Kerro lyhyesti, mikä on arkadi.	
https://fr.wikipedia.org/wiki/Dioumat%C3%A9n%C3%A9	https://fi.wikipedia.org/wiki/Dioumaténé	Dioumaténé	fr,en,fi,zh	Mitkä ovat Dioumaténén yleisimmät kielet?	Mitä ovat Dioumaténén väestön pääasialliset elinkeinot?
https://zh.wikipedia.org/wiki/%E5%B0%8F%E7%AB%B9%E9%BC%A0%E5%B1%AC	X	小竹鼠屬	zh,en,fr,sv		
https://fr.wikipedia.org/wiki/Manteo	X	Manteo	fr,en,sv,zh		
https://zh.wikipedia.org/wiki/%E7%8D%B5%E8%B2%93%E7%A7%91	https://fi.wikipedia.org/wiki/Valesapelihammaskissat	獵貓科	zh,en,fi,fr,sv	Mistä valesapelihammaskissojen fossiileja on löydetty?	Ovatko valesapelihammaskissat oikeita eläimiä?
https://zh.wikipedia.org/wiki/%E5%A4%96%E4%BA%A4%E4%BB%A3%E8%A1%A8%E6%A9%9F%E6%A7%8B	X	外交代表機構	zh,en,fr,sv		
https://sv.wikipedia.org/wiki/Magnar_Solberg	https://fi.wikipedia.org/wiki/Magnar_Solberg	Magnar Solberg	sv,en,fr,fi,zh	Montako maailmanmestaruutta Magnar Solberg on voittanut?	Missä lajissa Magnar Solberg kilpaili?
https://fr.wikipedia.org/wiki/Kyle_Korver	https://fi.wikipedia.org/wiki/Kyle_Korver	Kyle Korver	fr,en,fi,zh	Missä joukkueessa Kyle Korver aloitti ammattilaisuransa?	Missä urheilulajissa Kyle Korver kilpailee?
https://sv.wikipedia.org/wiki/Alvignac	X	Alvignac	sv,en,fr,zh		
https://sv.wikipedia.org/wiki/%C3%96gonh%C3%A5la	https://fi.wikipedia.org/wiki/Silmäkuoppa	Ögonhåla	sv,en,fr,fi,zh	Montako reikää silmäkuopassa on?	Mitkä luut muodostavat silmäkuopan?
https://sv.wikipedia.org/wiki/Emerging_Church	X	Emerging Church	sv,en,fr,zh		
https://zh.wikipedia.org/wiki/%E9%98%BF%E6%96%AF%E9%A1%BF%C2%B7%E9%A9%AC%E4%B8%81V12_Vanquish	https://fi.wikipedia.org/wiki/Aston_Martin_V12_Vanquish	阿斯顿·马丁V12 Vanquish	zh,en,fi,fr,sv	Kuka muotoili Aston Martin V12 Vanquishin?	Minkälainen vaihteisto Aston Martin V12 Vanquishissa on?
https://sv.wikipedia.org/wiki/Chichester,_New_Hampshire	X	Chichester, New Hampshire	sv,en,fr		
https://zh.wikipedia.org/wiki/%E5%90%95%E6%9E%97	https://fi.wikipedia.org/wiki/Lu_Lin	Lu Lin	zh,en,fi,fr,sv	Kenen parina Lu Lin voitti olympiakultaa Barcelonassa 1992?	Minkä lajin olympiakultaa ja -hopeaa Lu Lin on voittanut?
https://fr.wikipedia.org/wiki/%C3%82ge_d%27or_danois	X	Âge d'or danois	fr,en,sv,zh		
https://en.wikipedia.org/wiki/Andrei_Kravchuk	https://fi.wikipedia.org/wiki/Andrei_Kravtšuk	Andrei Kravtšuk	en,fr,fi,sv,zh	Kuka on Andrei Kravtšuk?	Mistä elokuvasta Andrei Kravtšuk erityisesti tunnetaan?
https://zh.wikipedia.org/wiki/%E5%8B%92%E8%92%99%E6%B3%B0%E4%BC%8A	X	勒蒙泰伊	zh,en,fr,sv		
https://zh.wikipedia.org/wiki/%E5%BD%BC%E5%BE%97%E7%BD%97%C2%B7%E5%8D%97%E5%B0%BC	https://fi.wikipedia.org/wiki/Pietro_Nenni	Pietro Nenni	zh,en,fi,fr,sv	Mitä puoluetta Pietro Nenni edusti?	
https://zh.wikipedia.org/wiki/%E6%A0%BC%E7%BE%85%E5%AF%A7%E6%A0%B9%E5%8D%9A%E7%89%A9%E9%A4%A8	X	格羅寧根博物館	zh,en,fr,sv		
https://zh.wikipedia.org/wiki/%E7%8E%89%E6%A0%91%E5%B8%82	https://fi.wikipedia.org/wiki/Yushu_(Qinghai)	Yushu (Qinghai)	zh,en,fi,fr,sv	Mikä oli Yushun hallintopaikka ennen vuotta 2013?	
https://fr.wikipedia.org/wiki/Feng_Kai	X	Feng Kai	fr,en,sv,zh		
https://fr.wikipedia.org/wiki/Bee_Train	X	Bee Train	fr,en,zh		
https://zh.wikipedia.org/wiki/%E5%8D%A1%E4%BC%A6%C2%B7%E7%8F%80%E8%A5%BF	https://fi.wikipedia.org/wiki/Karen_Percy	Karen Percy	zh,en,fi,fr,sv	Missä alppihiihdon lajeissa Karen Percy saavutti pronssimitalinsa vuoden 1988 olympialaisissa?	
https://zh.wikipedia.org/wiki/%E8%B0%A2%E5%B0%94%E7%9B%96%C2%B7%E5%B8%95%E6%8B%89%E6%9D%B0%E8%AF%BA%E5%A4%AB	https://fi.wikipedia.org/wiki/Sergei_Paradžanov	Sergei Paradžanov	zh,en,fi,fr,sv	Mistä syystä Sergei Paradžanov tuomittiin vankilaan vuonna 1974?	Milloin Sergei Paradžanov kuoli?
https://fr.wikipedia.org/wiki/Oudalan_(province)	https://fi.wikipedia.org/wiki/Oudalan	Oudalan	fr,en,fi,sv,zh	Mitkä ovat Oudalanin suurimmat etniset ryhmät?	Mikä on Oudalanin pääkaupunki?
https://fr.wikipedia.org/wiki/Fredrikstad_FK	https://fi.wikipedia.org/wiki/Fredrikstad_FK	Fredrikstad FK	fr,en,fi,sv,zh	Millä stadionilla Fredrikstad FK pelaa kotiottelunsa?	Minkä joukkueen Fredrikstad FK voitti Norjan cupin loppuottelussa vuonna 1932?
https://zh.wikipedia.org/wiki/%E6%B5%B7%E6%B3%95%E5%A4%A7%E5%AD%A6	https://fi.wikipedia.org/wiki/Haifan_yliopisto	Haifan yliopisto	zh,en,fi,fr	Millä alueella Haifan yliopisto alkujaan sijaitsi?	Kuka suunnitteli Haifan yliopiston kampuksen?
https://sv.wikipedia.org/wiki/Alan_Rachins	https://fi.wikipedia.org/wiki/Alan_Rachins	Alan Rachins	sv,en,fr,fi	Mistä televisiosarjoista Alan Rachins parhaiten tunnetaan?	Mitä tunnettua televisiosarjaa Alan Rachins käsikirjoitti 1970- ja 1980-luvuilla?
https://fr.wikipedia.org/wiki/(5412)_Rou	X	(5412) Rou	fr,en,sv,zh		
https://fr.wikipedia.org/wiki/(661)_Cl%C3%A9lie	X	(661) Clélie	fr,en,sv,zh		
https://zh.wikipedia.org/wiki/%E5%9C%A3%E4%BE%9D%E8%A5%BF%E5%A4%9A%E7%A6%84%E5%A0%82_(%E7%BD%97%E9%A9%AC)	X	圣依西多禄堂 (罗马)	zh,en,fr,sv		
https://zh.wikipedia.org/wiki/%E5%B7%B4%E8%B5%AB%E6%8B%89%E5%A7%86%E4%B8%80%E4%B8%96	X	巴赫拉姆一世	zh,en,fr,sv		
https://fr.wikipedia.org/wiki/Guillemot_de_Tro%C3%AFl	https://fi.wikipedia.org/wiki/Etelänkiisla	Etelänkiisla	fr,en,fi,sv,zh	Kuvaile lyhyesti etelänkiislan ääntelyä.	
https://fr.wikipedia.org/wiki/Collage_(art)	https://fi.wikipedia.org/wiki/Kollaasi	Collage (art)	fr,en,fi,sv,zh	Mistä kollaasi-sanan historian kerrotaan alkaneen?	
https://sv.wikipedia.org/wiki/Middleham	X	Middleham	sv,en,fr,zh		
https://zh.wikipedia.org/wiki/%E7%B4%84%E5%A7%86%E6%96%AF%E7%B6%AD%E4%BA%AC	https://fi.wikipedia.org/wiki/Jomsviikingit	Jomsviikingit	zh,en,fi,fr,sv	Kenen kerrotaan perustaneen jomsviikinkien veljeskunnan?	Mitä tehtiin veljeskunnan sääntöjä rikkoneille jomsviikingeille?
https://zh.wikipedia.org/wiki/2013%E5%B9%B4%E4%BC%8A%E6%9C%97%E6%80%BB%E7%BB%9F%E9%80%89%E4%B8%BE	https://fi.wikipedia.org/wiki/Iranin_presidentinvaalit_2013	Iranin presidentinvaalit 2013	zh,en,fi,fr,sv	Mikä oli Iranin vuoden 2013 presidentinvaalien lopputulos?	Montako ehdokasta Iranin vuoden 2013 presidentinvaaleissa oli?
https://fr.wikipedia.org/wiki/268_av._J.-C.	https://fi.wikipedia.org/wiki/268_eaa.	268 eaa.	fr,en,fi,sv,zh	Mitä merkittävää tapahtui Suomessa vuonna 268 eaa.?
https://zh.wikipedia.org/wiki/%E7%93%A6%E5%B0%94%E5%BE%B7%E9%9F%A6%E5%8B%92	X	瓦尔德韦勒	zh,en,fr,sv		
https://zh.wikipedia.org/wiki/%E5%AE%B9%E5%85%8B%E9%87%8C	X	容克里	zh,en,fr,sv		
https://fr.wikipedia.org/wiki/Alberto_Fouillioux	https://fi.wikipedia.org/wiki/Alberto_Fouillioux	Alberto Fouillioux	fr,en,fi,sv	Minkä urheilulajin edustajana Alberto Fouillioux tunnetaan?	Mitä maata Alberto Fouillioux edusti vuoden 1962 jalkapallon MM-kilpailuissa?
https://sv.wikipedia.org/wiki/8437_Bernicla	X	8437 Bernicla	sv,en,fr,zh		
https://zh.wikipedia.org/wiki/%E5%8A%A0%E6%8B%89%E9%9C%8D%E5%A5%88%E5%9B%BD%E5%AE%B6%E5%85%AC%E5%9B%AD	https://fi.wikipedia.org/wiki/Garajonayn_kansallispuisto	Garajonayn kansallispuisto	zh,en,fi,fr,sv	Minkä mukaan Garajonayn kansallispuisto on nimetty?	Missä Garajonayn kansallispuisto sijaitsee?
https://sv.wikipedia.org/wiki/Theano_(filosof)	https://fi.wikipedia.org/wiki/Theano	Theano	sv,en,fr,fi	Mitkä keksinnöt luetaan Theanon suurimmiksi ansioiksi?
https://zh.wikipedia.org/wiki/%E5%9C%B0%E7%8B%B1_(%E5%B0%8F%E8%AF%B4)	https://fi.wikipedia.org/wiki/Inferno_(Dan_Brownin_romaani)	Inferno (Dan Brownin romaani)	zh,en,fi,fr,sv	Mitä kuvitteellista tieteenalaa Robert Langdon edustaa Dan Brownin romaanissa Inferno?	Minkä niminen päähenkilö seikkailee Dan Brownin romaanissa Inferno?
https://sv.wikipedia.org/wiki/Laurance_Rockefeller	https://fi.wikipedia.org/wiki/Laurance_Rockefeller	Laurance Rockefeller	sv,en,fr,fi	Montako lasta Laurance Rockefellerillä oli?	Mihin Laurance Rockefeller kuoli?
https://en.wikipedia.org/wiki/Frances_Farmer	https://fi.wikipedia.org/wiki/Frances_Farmer	Frances Farmer	en,fr,fi,sv	Miksi Frances Farmer tuomittiin vankeuteen vuonna 1942?	Mihin Frances Farmer kuoli?
https://fr.wikipedia.org/wiki/Pl%C3%A9iotropie	https://fi.wikipedia.org/wiki/Pleiotropia	Pleiotropia	fr,en,fi,sv,zh	Mistä sanoista pleiotropia juontuu?
https://sv.wikipedia.org/wiki/C%C3%B3rdobaemiratet	X	Córdobaemiratet	sv,en,fr,zh		
https://sv.wikipedia.org/wiki/Uda_(kejsare)	X	Uda (kejsare)	sv,en,fr,zh		
https://fr.wikipedia.org/wiki/Baseball-Reference.com	X	Baseball-Reference.com	fr,en,zh		
https://fr.wikipedia.org/wiki/Agastache	https://fi.wikipedia.org/wiki/Iisot	Idiot	fr,en,fi,sv,zh	Mihin heimoon iisot kuuluvat?	Montako lajia iisojen sukuun kuuluu?
https://sv.wikipedia.org/wiki/Tuck_Everlasting	X	Tuck Everlasting	sv,en,fr		
https://fr.wikipedia.org/wiki/Valeille_(Loire)	X	Valeille (Loire)	fr,en,sv,zh		
https://sv.wikipedia.org/wiki/Litoria_rara	X	Litoria rara	sv,en,fr		
https://sv.wikipedia.org/wiki/Sauga_kommun	X	Sauga kommun	sv,en,fr,zh		
https://sv.wikipedia.org/wiki/Speichersdorf	X	Speichersdorf	sv,en,fr,zh		
https://zh.wikipedia.org/wiki/%E8%B5%AB%E5%B0%94%E6%9B%BC%C2%B7%E5%BC%97%E9%9B%B7%E6%B3%BD	https://fi.wikipedia.org/wiki/Herman_Frazier	Herman Frazier	zh,en,fi,fr,sv	Minkä lajin olympiavoittaja Herman Frazier on?	Mikä on Herman Frazierin koko nimi?
https://sv.wikipedia.org/wiki/Geoffroi_de_Villehardouin	https://fi.wikipedia.org/wiki/Geoffroi_de_Villehardouin	Geoffroi de Villehardouin	sv,en,fr,fi,zh	Kenen kreivin alaisena Geoffroi de Villehardouin toimi muun muassa Peloponnesoksen ruhtinaana?	Minkä kaupungin valloituksen kuvauksen Geoffroi de Villehardouin on kirjoittanut? 
https://zh.wikipedia.org/wiki/%E6%B3%95%E7%93%A6%E6%8B%89%E5%BE%B7%E6%8B%89%E9%87%8C%E9%9F%A6%E6%8B%89	X	法瓦拉德拉里韦拉	zh,en,fr,sv		
https://sv.wikipedia.org/wiki/Stahlberg	X	Stahlberg	sv,en,fr,zh		
https://sv.wikipedia.org/wiki/Tucum%C3%A1ntangara	https://fi.wikipedia.org/wiki/Tucumáninsirkku	Tucumáninsirkku	sv,en,fr,fi	Missä tucumáninsirkkua tavataan?	Minkävärisiä tucumáninsirkut ovat?
https://zh.wikipedia.org/wiki/%E5%87%B9%E8%80%B3%E8%83%A1%E6%B9%8D%E8%9B%99	X	凹耳胡湍蛙	zh,en,fr,sv		
https://sv.wikipedia.org/wiki/HMY_Britannia	https://fi.wikipedia.org/wiki/HMY_Britannia	HMY Britannia	sv,en,fr,fi,zh	Monesko kuninkaallinen huvijahti HMY Britannia on?
https://sv.wikipedia.org/wiki/Sydower_Flie%C3%9F	X	Sydower Fließ	sv,en,fr,zh		
https://fr.wikipedia.org/wiki/The_Leftovers	https://fi.wikipedia.org/wiki/The_Leftovers	The Leftovers	fr,en,fi,sv	Ketkä loivat The Leftovers -draamasarjan?
https://fr.wikipedia.org/wiki/FEAR_(jeu_vid%C3%A9o)	https://fi.wikipedia.org/wiki/F.E.A.R.	F.E.A.R.	fr,en,fi,sv,zh	Mikä on F.E.A.R.-videopelin pääasiallinen kauhun lähde?	Mistä F.E.A.R.-pelin kauhuteema on saanut vaikutteita?
https://zh.wikipedia.org/wiki/%E5%8D%A1%E9%BD%90%E7%BA%B3%E5%B7%9E	https://fi.wikipedia.org/wiki/Katsina_(osavaltio)	Katsina (osavaltio)	zh,en,fi,fr,sv	Mitkä ovat Katsinan suurimmat väestöryhmät?	Missä Katsina sijaitsee?
https://sv.wikipedia.org/wiki/Dave_Tippett	https://fi.wikipedia.org/wiki/Dave_Tippett	Dave Tippett	sv,en,fr,fi,zh	Missä joukkueessa Dave Tippett aloitti ammattilaisuransa?	Missä joukkueessa Dave Tippett toimi ensimmäisen kerran valmentajana?
https://fr.wikipedia.org/wiki/Championnat_d%27Europe_f%C3%A9minin_de_handball_2016	https://fi.wikipedia.org/wiki/Käsipallon_naisten_Euroopan-mestaruuskilpailut_2016	Käsipallon naisten Euroopan-mestaruuskilpailut 2016	fr,en,fi,sv	Kuka valittiin vuoden 2016 käsipallon naisten Euroopan-mestaruuskilpailujen arvokkaimmaksi pelaajaksi?	Missä kaupungeissa vuoden 2016 käsipallon naisten Euroopan-mestaruuskilpailut järjestettiin?
https://sv.wikipedia.org/wiki/Alemanner	https://fi.wikipedia.org/wiki/Alemannit	Alemannit	sv,en,fr,fi,zh	Mihin tapahtumaan liittyen alemannit mainitaan ensimmäisen kerran kirjallisissa lähteissä?	
https://zh.wikipedia.org/wiki/%E9%A9%AC%E5%85%8B%C2%B7%E6%B2%83%E7%BA%B3	https://fi.wikipedia.org/wiki/Mark_Warner	Mark Warner	zh,en,fi,fr,sv	Mitä osavaltiota Mark Warner edustaa Yhdysvaltain senaatissa?	Kuka on Mark Robert Warnerin vaimo?
https://sv.wikipedia.org/wiki/Choe_Ryong-hae	X	Choe Ryong-hae	sv,en,fr,zh		
https://zh.wikipedia.org/wiki/%E4%B8%96%E7%95%8C%E5%9B%BD%E9%99%85%E8%B1%A1%E6%A3%8B%E8%81%94%E5%90%88%E4%BC%9A	https://fi.wikipedia.org/wiki/Maailman_shakkiliitto	Maailman shakkiliitto	zh,en,fi,fr,sv	Mikä on Maailman shakkiliiton motto?	Missä Maailman shakkiliitto perustettiin?
https://zh.wikipedia.org/wiki/%E6%8B%89%E6%B2%99%E4%BD%A9%E5%8B%92%E5%9B%BE%E9%98%BF%E7%BD%97	X	拉沙佩勒图阿罗	zh,en,fr,sv		
https://zh.wikipedia.org/wiki/%E6%96%B0%E7%BC%AC%E8%8D%89%E5%B1%9E	https://fi.wikipedia.org/wiki/Vuonankaalit	Vuonankaalit	zh,en,fi,fr,sv	Mihin kasviheimoon vuonankaalit kuuluvat?	Esiintyykö vuonankaalia Suomessa luonnonvaraisena?
https://fr.wikipedia.org/wiki/Adriana_Lisboa	https://fi.wikipedia.org/wiki/Adriana_Lisboa	Adriana Lisboa	fr,en,fi,sv	Mistä Adriana Lisboa erityisesti tunnetaan?	Kirjoittaako Adriana Lisboa vain runoutta?
https://fr.wikipedia.org/wiki/Liaison_m%C3%A9tallique	https://fi.wikipedia.org/wiki/Metallisidos	Metallisidos	fr,en,fi,sv,zh	Mikä metallisidos on?
https://en.wikipedia.org/wiki/Arts_and_Humanities_Citation_Index	https://fi.wikipedia.org/wiki/Arts_%26_Humanities_Citation_Index	Arts & Humanities Citation Index	en,fr,fi,zh	Keskittyykö Taiteiden ja humanististen tieteiden viittausindeksi (A&HCI) ainoastaan taiteen ja humanististen tieteiden oppiaineisiin?	Mistä syystä Rainer Enrique Hamel on kritisoinut Taiteiden ja humanististen tieteiden viittausindeksiä?
https://fr.wikipedia.org/wiki/Infiniti_G	https://fi.wikipedia.org/wiki/Infiniti_G20	Infiniti G	fr,en,fi,zh	Millä sloganilla Infiniti G20:tä myytiin?	Minkä Euroopassa myydyn auton kanssa Infiniti G20 oli lähes identtinen?
https://sv.wikipedia.org/wiki/Vaux-en-Ami%C3%A9nois	X	Vaux-en-Amiénois	sv,en,fr,zh		
https://fr.wikipedia.org/wiki/Sminthuridae	https://fi.wikipedia.org/wiki/Pallohyppiäiset	Pallohyppiäiset	fr,en,fi,sv	Mitä pallohyppiäiset ovat?	
https://zh.wikipedia.org/wiki/VinFast	https://fi.wikipedia.org/wiki/VinFast	VinFast	zh,en,fi,fr,sv	Missä VinFastin ensimmäiset automallit esiteltiin?	Mitä ajoneuvoja VinFast valmistaa?
https://fr.wikipedia.org/wiki/Omega_Centauri	https://fi.wikipedia.org/wiki/Omega_Centauri	Omega Centauri	fr,en,fi,sv,zh	Kuka löysi Omega Centauri -tähtijoukon?	Milloin Omega Centauri voidaan nähdä Suomessa?
https://fr.wikipedia.org/wiki/Corneille_%C3%A0_t%C3%AAte_brune	https://fi.wikipedia.org/wiki/Ruskopäävaris	Ruskopäävaris	fr,en,fi,sv,zh	Tavataanko ruskopäävarista Suomessa?	Montako ruskopäävariksen alalajia tunnetaan?
https://zh.wikipedia.org/wiki/%E5%9F%83%E5%85%8B%E6%A3%AE_(%E5%BE%B7%E5%9B%BD)	X	埃克森 (德国)	zh,en,fr,sv		
https://sv.wikipedia.org/wiki/Hugh_Fraser	https://fi.wikipedia.org/wiki/Hugh_Fraser	Hugh Fraser	sv,en,fr,fi	Mistä Hugh Fraser on erityisesti tunnettu?	Ketä Hugh Fraser esittää Hercule Poirot -televisiosarjassa?
https://sv.wikipedia.org/wiki/Amoncourt	X	Amoncourt	sv,en,fr,zh		
https://zh.wikipedia.org/wiki/%E8%81%8C%E4%B8%9A%E6%9D%80%E6%89%8B_(%E7%94%B5%E5%BD%B1)	X	职业杀手 (电影)	zh,en,fr,sv		
https://zh.wikipedia.org/wiki/%E9%94%A1%E4%BC%8A%E6%98%82%E5%8F%A4%E8%B4%B9%E6%81%A9	X	锡伊昂古费恩	zh,en,fr,sv		
https://fr.wikipedia.org/wiki/Canon_EOS_70D	https://fi.wikipedia.org/wiki/Canon_EOS_70D	Canon EOS 70D	fr,en,fi,sv,zh	Minkälainen kenno Canon EOS D-70 -kamerassa on?
https://fr.wikipedia.org/wiki/Nina_Curtis	X	Nina Curtis	fr,en,sv,zh		
https://zh.wikipedia.org/wiki/%E7%B4%84%E7%BF%B0%C2%B7%E8%8F%AF%E7%89%B9%E6%96%AF	https://fi.wikipedia.org/wiki/John_Waters	John Waters	zh,en,fi,fr,sv	Millä nimityksellä kirjailija William S. Burroughs nimitti John Watersia?	
https://en.wikipedia.org/wiki/Delta,_British_Columbia	https://fi.wikipedia.org/wiki/Delta_(Kanada)	Delta (Kanada)	en,fr,fi,sv,zh	Mistä asuinalueista Kanadassa sijaitseva Delta koostuu?	Minkä kaupungin metropolialueeseen Delta kuuluu?
https://zh.wikipedia.org/wiki/%E9%98%BF%E7%88%BE%E5%A1%94%E8%BF%AA%E7%B4%8D_(%E5%8A%A0%E5%88%A9%E7%A6%8F%E5%B0%BC%E4%BA%9E%E5%B7%9E)	https://fi.wikipedia.org/wiki/Altadena	Altadena	zh,en,fi,fr,sv	Kuinka paljon lunta Altadenassa keskimäärin sataa vuodessa?
https://en.wikipedia.org/wiki/Brothers_in_Arms_(album)	https://fi.wikipedia.org/wiki/Brothers_in_Arms_(albumi)	Brothers in Arms (albumi)	en,fr,fi,sv	Mihin tapahtumiin Brothers in Armsin neljä viimeistä kappaletta erityisesti keskittyvät?	Monesko Dire Straitsin albumi Brothers in Arms oli?
https://en.wikipedia.org/wiki/Susan_Mayer	https://fi.wikipedia.org/wiki/Susan_Mayer	Susan Mayer	en,fr,fi,sv,zh	Missä naapurustossa Susan Mayer asuu televisiosarjassa Täydelliset naiset?	Mikä on Teri Hatcherin hahmon nimi televisiosarjassa Täydelliset naiset?
https://fr.wikipedia.org/wiki/Al%C3%A9m_Para%C3%ADba	X	Além Paraíba	fr,en,sv,zh		
https://fr.wikipedia.org/wiki/Ab%C3%A1dszal%C3%B3k	X	Abádszalók	fr,en,sv,zh		
https://zh.wikipedia.org/wiki/%E4%B8%8A%E6%A2%85%E5%B0%94%E8%A5%BF	https://fi.wikipedia.org/wiki/Mercy-le-Haut	Mercy-le-Haut	zh,en,fi,fr,sv	Miehittikö Saksa koskaan Mercy-le-Hautia?	Millä alueella Mercy-le-Haut sijaitsee?
https://zh.wikipedia.org/wiki/%E8%AD%A6%E5%AF%9F%E5%AD%A6%E6%A0%A1_(%E7%94%B5%E5%BD%B1)	https://fi.wikipedia.org/wiki/Poliisiopisto_(elokuva)	Poliisiopisto (elokuva)	zh,en,fi,fr,sv	Mitä hahmoa David Graf näytteli Poliisiopisto-elokuvassa?
https://fr.wikipedia.org/wiki/Moshood_Abiola	https://fi.wikipedia.org/wiki/Moshood_Abiola	Moshood Abiola	fr,en,fi,sv	Mistä syystä Moshood Abiolasta ei tullut Nigerian presidenttiä?
https://zh.wikipedia.org/wiki/%E4%BF%AE%E8%BE%9E%E5%AD%A6	https://fi.wikipedia.org/wiki/Retoriikka	Retoriikka	zh,en,fi,fr,en-simple,sv		
https://zh.wikipedia.org/wiki/%E7%83%8F%E5%85%8B%E8%98%AD%E5%BA%AB%E9%82%A6	https://fi.wikipedia.org/wiki/Ukrainan_karbovanets	Ukrainan karbovanets	zh,en,fi,fr	Minä vuosikymmeninä Ukrainan karbovanets on ollut käytössä? 	
https://fr.wikipedia.org/wiki/Pachychilon_pictum	X	Pachychilon pictum	fr,en,sv,zh		
https://zh.wikipedia.org/wiki/%E5%90%89%E5%88%97%E4%BD%93%E8%82%B2%E5%9C%BA	https://fi.wikipedia.org/wiki/Gillette_Stadium	Gillette Stadium	zh,en,fi,fr,sv	Minkälainen kenttä Gillette Stadiumilla on ollut vuodesta 2006 lähtien?
https://fr.wikipedia.org/wiki/Oxycarenidae	X	Oxycarenidae	fr,en,sv,zh		
https://sv.wikipedia.org/wiki/Microsoft_Edge	https://fi.wikipedia.org/wiki/Microsoft_Edge	Microsoft Edge	sv,en,fr,fi,zh	Mikä oli Microsoft Edgen koodinimi?	Tukeeko Microsoft Edge ActiveX:ää ja Silverlightia?
https://en.wikipedia.org/wiki/Bombykol	https://fi.wikipedia.org/wiki/Bombykoli	Bombykoli	en,fr,fi,zh	Mitkä hyönteiset tuottavat bombykolia?	Minkä mukaan bombykoli on nimetty?
https://fr.wikipedia.org/wiki/Emden_(1925)	https://fi.wikipedia.org/wiki/Emden_(1925)	Emden (1925)	fr,en,fi,zh	Mikä oli ensimmäinen ensimmäisen maailmansodan jälkeen Saksassa valmistettu sotalaiva?	Mitä alustyyppiä Emden edusti?
https://en.wikipedia.org/wiki/Alborz_province	https://fi.wikipedia.org/wiki/Ālborz	Ālborz	fi,sv,zh,fr	Mikä on Ālborzin provinssin pääkaupunki?	
https://zh.wikipedia.org/wiki/%E8%8E%B1%E8%8C%B5%E6%B2%B3%E7%95%94%E9%98%BF%E5%B0%94%E8%8A%AC	https://fi.wikipedia.org/wiki/Alphen_aan_den_Rijn	莱茵河畔阿尔芬	fi,fr,sv		
https://zh.wikipedia.org/wiki/%E5%9F%83%E9%BB%98%E8%8E%89%C2%B7%E8%B4%9D%E9%87%8C%E6%A0%BC%E4%BC%A6	https://fi.wikipedia.org/wiki/Emelie_Berggren	Emelie Berggren	fi,sv	Mitä seuroja Emelie Berggren edusti ammattilaisuransa aikana?	Voittiko Emelie Berggren koskaan olympiamitalia?
https://en.wikipedia.org/wiki/Mont%C3%A9gut-Arros	X	Montégut-Arros	fr,sv,zh		
https://sv.wikipedia.org/wiki/Stryn	https://fi.wikipedia.org/wiki/Stryn_(taajama)	Stryn (taajama)	fr,fi	Miksi Stryn taajaman keskustaa kutsutaan?	
https://zh.wikipedia.org/wiki/%E6%8B%89%E7%88%BE%E5%A4%AB%C2%B7%E6%9E%97%E9%A0%93	X	拉爾夫·林頓	fr,sv		
https://zh.wikipedia.org/wiki/%E5%8D%97%E5%8D%A1%E7%BD%97%E6%9D%A5%E7%BA%B3%E5%B7%9E%E5%8E%BF%E7%BA%A7%E8%A1%8C%E6%94%BF%E5%8C%BA%E5%88%97%E8%A1%A8	https://fi.wikipedia.org/wiki/Luettelo_Etelä-Carolinan_piirikunnista	南卡罗来纳州县级行政区列表	fi,sv,zh,fr		
https://en.wikipedia.org/wiki/Lapleau	X	Lapleau	fr,sv,zh		
https://en.wikipedia.org/wiki/D%27oh-in%27_in_the_Wind	X	D'oh-in' in the Wind	fr,sv		
https://sv.wikipedia.org/wiki/8_juli	https://fi.wikipedia.org/wiki/8._heinäkuuta	8 juli	fi,sv,zh,fr		
https://fr.wikipedia.org/wiki/Les_Larmes_d%27un_homme	https://fi.wikipedia.org/wiki/Mies_joka_itki	Mies joka itki	fi,sv	Kuka näytteli Fegele Abramovichin hahmoa elokuvassa Mies joka itki?	Mihin kaupunkiin elokuva Mies joka itki sijoittuu?
https://sv.wikipedia.org/wiki/Rammelsberg	https://fi.wikipedia.org/wiki/Rammelsberg	Rammelsberg	fr,fi,zh	Mistä Rammelsberg on tunnettu?	
https://sv.wikipedia.org/wiki/Jelena_Naimusjina	https://fi.wikipedia.org/wiki/Jelena_Naimušina	Jelena Naimušina	fr,fi	Minkä lajin olympiavoittaja Jelena Naimušina on?	
https://zh.wikipedia.org/wiki/%E6%9F%A5%E5%B0%94%E6%96%AF%C2%B7%E5%8D%A1%E7%B1%B3%E8%8E%B1%E9%87%8C	https://fi.wikipedia.org/wiki/Charles_Camilleri	Charles Camilleri	fi,fr	Mistä Charles Camilleri on pääosin tunnettu?	
https://zh.wikipedia.org/wiki/%E6%9C%B4%E5%85%83%E6%B7%B3	X	朴元淳	fr,sv		
https://zh.wikipedia.org/wiki/%E9%AD%8F%E6%A0%B9%E6%B5%B7%E5%A7%86	X	魏根海姆	fr,sv		
https://zh.wikipedia.org/wiki/%E8%82%89%E5%BA%A7%E8%8F%8C%E7%9B%AE	https://fi.wikipedia.org/wiki/Hypocreales	肉座菌目	fi,sv,zh,fr		
https://zh.wikipedia.org/wiki/%E9%94%A1%E4%BA%9A%E6%B6%85%E6%B2%B3%E7%95%94%E6%8B%89%E7%BD%97%E5%87%AF%E7%89%B9	X	锡亚涅河畔拉罗凯特	fr,sv		
https://zh.wikipedia.org/wiki/%E6%97%A9%E5%B9%B4%E8%A1%B0%E8%80%81%E7%97%87%E5%80%99%E7%BE%A4	https://fi.wikipedia.org/wiki/Progeria	Progeria	fi,fr,sv	Minkä sairauden kasvoina brittiläinen Hayley Okines on esiintynyt julkisuudessa?	Kasvattaako progeria riskiä sairastua dementiaan poikkeuksellisen nuorena?
https://zh.wikipedia.org/wiki/%E9%BB%98%E4%BC%A6%E5%B7%B4%E8%B5%AB	X	默伦巴赫	fr,sv		
https://sv.wikipedia.org/wiki/Sous-Parsat	X	Sous-Parsat	fr,zh		
https://fr.wikipedia.org/wiki/Harpyia	X	Harpyia	sv,zh		
https://en.wikipedia.org/wiki/Modern_pentathlon	https://fi.wikipedia.org/wiki/Nykyaikainen_viisiottelu	Nykyaikainen viisiottelu	fi,sv,zh,fr	Kuka kehitti nykyaikaisen viisiottelun?
https://zh.wikipedia.org/wiki/1996%E5%B9%B4%E6%AC%A7%E6%B4%B2%E8%B6%B3%E7%90%83%E9%94%A6%E6%A0%87%E8%B5%9B%E9%A2%84%E9%80%89%E8%B5%9B	X	1996年欧洲足球锦标赛预选赛	fr,sv		
https://fr.wikipedia.org/wiki/Torey_Hayden	https://fi.wikipedia.org/wiki/Torey_Hayden	Torey Hayden	fi,sv	Mikä on Torey Haydenin kirjojen pääasiallinen aihepiiri?	
https://sv.wikipedia.org/wiki/Tandrot_(v%C3%A4xt)	https://fi.wikipedia.org/wiki/Hammasjuuri	Hammasjuuri	fr,fi	Millainen kukka hammasjuurella on?	
https://sv.wikipedia.org/wiki/Daler_Mehndi	https://fi.wikipedia.org/wiki/Daler_Mehndi	Daler Mehndi	fr,fi,zh	Mikä Daler Mehndin laulu on tunnettu videopelistä World of Warcraft?	
https://fr.wikipedia.org/wiki/24,_promenade_Sussex	https://fi.wikipedia.org/wiki/24_Sussex_Drive	24 Sussex Drive	fi,zh	Mitä arkkitehtuurin suuntaa 24 Sussex Drive edustaa?	
https://en.wikipedia.org/wiki/Flag_and_coat_of_arms_of_Terengganu	https://fi.wikipedia.org/wiki/Terengganun_lippu	Terengganun lippu	fi,zh	Kuvaile lyhyesti Terengganun lippu.	
https://zh.wikipedia.org/wiki/%E5%85%8B%E5%88%A9%E7%A6%8F%E5%BE%B7%C2%B7%E6%B2%99%E5%B0%94	https://fi.wikipedia.org/wiki/Clifford_Glenwood_Shull	Clifford Glenwood Shull	fi,fr,sv	Missä yliopistossa Clifford Glenwood Shull suoritti perusopintonsa?	
https://en.wikipedia.org/wiki/Aulavik_National_Park	X	Aulavik National Park	fr,sv,zh		
https://zh.wikipedia.org/wiki/%E5%9F%83%E7%88%BE%E6%B3%A2%E7%88%BE%E8%B2%9D%E5%B0%BC%E7%88%BE_(%E5%BC%97%E6%9C%97%E8%A5%BF%E6%96%AF%E7%A7%91-%E8%8E%AB%E6%8B%89%E6%A1%91%E7%9C%81)	X	埃爾波爾貝尼爾 (弗朗西斯科-莫拉桑省)	fr,sv		
https://fr.wikipedia.org/wiki/Saint-Porquier	X	Saint-Porquier	sv,zh		
https://en.wikipedia.org/wiki/Monterchi	X	Monterchi	fr,sv,zh		
https://zh.wikipedia.org/wiki/%E9%98%BF%E7%99%BB%E6%AF%94%E7%89%B9%E5%B0%94	X	阿登比特尔	fr,sv		
https://fr.wikipedia.org/wiki/Uta_Hagen	X	Uta Hagen	sv,zh		
https://fr.wikipedia.org/wiki/Mouvement_de_transformation_africain	X	Mouvement de transformation africain	sv,zh		
https://en.wikipedia.org/wiki/Keepalive	X	Keepalive	fr,zh		
https://en.wikipedia.org/wiki/Boma_Airport	X	Boma Airport	fr,sv		
https://zh.wikipedia.org/wiki/%E5%86%9B%E6%B0%91%E4%B8%A4%E7%94%A8	https://fi.wikipedia.org/wiki/Kaksikäyttötuote	Kaksikäyttötuote	fi,fr	Mitä kaksikäyttötuotteella tarkoitetaan?	
https://fr.wikipedia.org/wiki/Isolobodon_portoricensis	https://fi.wikipedia.org/wiki/Isolobodon_portoricensis	Isolobodon portoricensis	fi,sv,zh	Mitä pidetään syynä isolobodon portoricensisin sukupuuttoon kuolemiseen?	
https://zh.wikipedia.org/wiki/%E5%B1%88%E9%9F%A6%E5%B0%94%E5%B0%BC%E7%BF%81	X	屈韦尔尼翁	fr,sv		
https://en.wikipedia.org/wiki/Canavanine	https://fi.wikipedia.org/wiki/Kanavaniini	Kanavaniini	fr,fi,zh	Mihin kanavaniinin myrkyllisyys perustuu?	Minkä kasvin siemenissä kanavaniinia tavataan?
https://zh.wikipedia.org/wiki/%E8%BF%B7%E4%BD%A0%E7%BA%A2%E7%99%BD%E6%9C%BA	https://fi.wikipedia.org/wiki/Nintendo_Classic_Mini	Nintendo Classic Mini	fi,fr,sv	Minkä muiden pelikonsolien ohjaimia Nintendo Classic Mini -pelikonsoli tukee?
https://zh.wikipedia.org/wiki/%E5%B7%B4%E7%A5%96%E7%83%AD	X	巴祖热	fr,sv		
https://zh.wikipedia.org/wiki/%E5%B8%9D%E5%9B%BD	https://fi.wikipedia.org/wiki/Imperiumi	帝国	fi,fr,sv		
https://zh.wikipedia.org/wiki/%E9%98%BF%E5%8D%9C%E6%9D%9C%E6%8B%89%E8%B5%AB%E6%9B%BC%C2%B7%E9%98%BF%E9%87%8C%E5%A4%AB	https://fi.wikipedia.org/wiki/Abdulrahman_Arif	Abdulrahman Arif	fi,fr,sv	Mistä Abdulrahman Arif tunnetaan?	
https://en.wikipedia.org/wiki/Richard_Layard,_Baron_Layard	https://fi.wikipedia.org/wiki/Richard_Layard	Richard Layard	fi,sv,zh,fr	Mitä Richard Layard ajattelee progressiivisesta tuloverotuksesta?	
https://fr.wikipedia.org/wiki/Nocera_Terinese	X	Nocera Terinese	sv,zh		
https://fr.wikipedia.org/wiki/Aesculus_hippocastanum	https://fi.wikipedia.org/wiki/Hevoskastanja	Aesculus hippocastanum	fi,sv,zh,fr	Tuottaako hevoskastanja syötävän hedelmän?
https://zh.wikipedia.org/wiki/%E5%B0%8F%E8%A1%8C%E6%98%9F5757	X	小行星5757	fr,sv		
https://zh.wikipedia.org/wiki/%E7%BA%B3%E7%93%A6%E5%BE%B7%E5%A4%AB%E5%85%B0%E8%A5%BF%E4%BA%9A	X	纳瓦德夫兰西亚	fr,sv		
https://fr.wikipedia.org/wiki/Gar%C3%A9oult	X	Garéoult	sv,zh		
https://zh.wikipedia.org/wiki/%E5%8D%A1%E7%88%BE%E6%96%AF%E5%B7%B4%E5%BE%B7%E6%B1%BA%E8%AD%B0	https://fi.wikipedia.org/wiki/Karlsbadin_asetukset	Karlsbadin asetukset	fi,fr,sv	Minkä aatteiden rajoittamiseksi Karlsbadin asetukset säädettiin?	
https://fr.wikipedia.org/wiki/Occupation_du_Japon	https://fi.wikipedia.org/wiki/Miehitetty_Japani	Occupation du Japon	fi,sv,zh	Mihin Japanin historian aikakauteen Japanin miehitys ajoittui?	Mikä oli Neuvostoliiton rooli Japanin miehityksessä?
https://zh.wikipedia.org/wiki/%E7%93%A6%E7%9B%A7%E6%96%AF	https://fi.wikipedia.org/wiki/Publius_Quinctilius_Varus	Publius Quinctilius Varus	fi,fr,sv	Miten Publius Quinctilius Varus kuoli?	
https://en.wikipedia.org/wiki/Royal_Theater_Carr%C3%A9	X	Royal Theater Carré	fr,zh		
https://en.wikipedia.org/wiki/Helgoland-class_battleship	https://fi.wikipedia.org/wiki/Helgoland-luokka	Helgoland-luokka	fr,fi,zh	Mikä oli Helgoland-luokan ero sitä edeltäneeseen Nassau-luokkaan?	Mihin sota-alustyyppiin Helgoland-luokka kuului?
https://zh.wikipedia.org/wiki/%E7%8E%B3%E7%91%81	https://fi.wikipedia.org/wiki/Karettikilpikonna	玳瑁	fi,fr,sv		
https://zh.wikipedia.org/wiki/%E6%B3%B0%E5%A1%94%E6%BA%AB%E7%9C%81	https://fi.wikipedia.org/wiki/Tataouine_(kuvernementti)	Tataouine (kuvernementti)	fi,sv,zh,fr	Mihin valtioihin Tataouinen kuvernementti rajautuu?	
https://fr.wikipedia.org/wiki/Ethel_Smyth	https://fi.wikipedia.org/wiki/Ethel_Smyth	Ethel Smyth	fi,sv,zh	Keiden säveltäjien yksityisopetuksessa Ethel Smyth oli?	
https://en.wikipedia.org/wiki/Linda_Pritchard	X	Linda Pritchard	fr,sv		
https://zh.wikipedia.org/wiki/%E4%B8%B9%E5%B0%BC%E6%96%AF%C2%B7%E6%B3%A2%E5%88%A9%E4%BA%9E%E7%A7%91%E5%A4%AB	https://fi.wikipedia.org/wiki/Dzjanis_Paljakou	Dzjanis Paljakou	fi,fr,sv	Mitä joukkuetta Dzjanis Paljakou edustaa?	
https://fr.wikipedia.org/wiki/Haplochromis_azureus	X	Haplochromis azureus	sv,zh		
https://en.wikipedia.org/wiki/Marcelinho_Carioca	https://fi.wikipedia.org/wiki/Marcelinho_Carioca	Marcelinho Carioca	fi,sv,zh,fr	Pelasiko Marcelinho Carioca koskaan Saudi-arabian valioliigassa?	
https://sv.wikipedia.org/wiki/Den_tunna_r%C3%B6da_linjen	https://fi.wikipedia.org/wiki/Veteen_piirretty_viiva_(elokuva)	Veteen piirretty viiva	fr,fi,zh	Mihin taisteluun elokuvan Veteen piirretty viiva tapahtumat sijoittuvat?	Mihin romaaniin elokuva Veteen piirretty viiva perustuu?
https://sv.wikipedia.org/wiki/F%C3%A4ltkrabbspindel	X	Fältkrabbspindel	fr,zh		
https://fr.wikipedia.org/wiki/271	https://fi.wikipedia.org/wiki/271	271	fi,sv,zh		
https://sv.wikipedia.org/wiki/Sagar	https://fi.wikipedia.org/wiki/Sagar	Sagar	fr,fi,zh	Millä lisänimellä Sagaria toisinaan kutsutaan?	
https://sv.wikipedia.org/wiki/The_Fratellis	https://fi.wikipedia.org/wiki/The_Fratellis	The Fratellis	fr,fi	Ketkä muodostavat The Fratellis -yhtyeen?
https://sv.wikipedia.org/wiki/Houilles	X	Houilles	fr,zh		
https://sv.wikipedia.org/wiki/Catunda	X	Catunda	fr,zh		
https://fr.wikipedia.org/wiki/Belleville-en-Caux	X	Belleville-en-Caux	sv,zh		
https://fr.wikipedia.org/wiki/Tateyama	https://fi.wikipedia.org/wiki/Tateyama	Tateyama	fi,sv,zh,fr	Mitä merkittäviä elinkeinoja Tateyamalla on turismin lisäksi?	
https://en.wikipedia.org/wiki/S%C3%A1ndor_Palace,_Budapest	X	Sándor Palace, Budapest	fr,zh		
https://zh.wikipedia.org/wiki/%E8%8D%B7%E5%85%B0%E4%B8%AD%E5%A4%AE%E9%93%B6%E8%A1%8C	https://fi.wikipedia.org/wiki/De_Nederlandsche_Bank	荷兰中央银行	fi,fr,sv		
https://sv.wikipedia.org/wiki/Rade_Kruni%C4%87	https://fi.wikipedia.org/wiki/Rade_Krunić	Rade Krunić	fr,fi,zh		
https://en.wikipedia.org/wiki/Wasenbach	X	Wasenbach	fr,sv,zh		
https://fr.wikipedia.org/wiki/Pauline_Hammarlund	X	Pauline Hammarlund	sv,zh		
https://sv.wikipedia.org/wiki/Herrarnas_turnering_i_handboll_vid_olympiska_sommarspelen_2016	https://fi.wikipedia.org/wiki/Käsipallo_kesäolympialaisissa_2016_–_miesten_turnaus	Herrarnas turnering i handboll vid olympiska sommarspelen 2016	fr,fi,zh		
https://en.wikipedia.org/wiki/Chabet_el_Ameur	X	Chabet el Ameur	fr,sv		
https://sv.wikipedia.org/wiki/Farrukhabad	X	Farrukhabad	fr,zh		
https://en.wikipedia.org/wiki/Argentiniformes	https://fi.wikipedia.org/wiki/Sillikuorekalat	Argentiniformes	fi,sv,zh		
https://fr.wikipedia.org/wiki/Tiburtino	X	Tiburtino	sv,zh		
https://zh.wikipedia.org/wiki/%E5%BF%83%E6%99%BA%E6%A8%A1%E5%9E%8B	X	心智模型	fr,sv		
https://fr.wikipedia.org/wiki/Thasos_(%C3%AEle)	https://fi.wikipedia.org/wiki/Thásos	Thásos	fi,sv,zh	Millä nimillä Thásos tunnettiin antiikin aikana?	
https://fr.wikipedia.org/wiki/Henrik_Rydstr%C3%B6m	https://fi.wikipedia.org/wiki/Henrik_Rydström	Henrik Rydström	fi,sv		
https://fr.wikipedia.org/wiki/Atypus_karschi	X	Atypus karschi	sv,zh		
https://fr.wikipedia.org/wiki/Pentastomida	https://fi.wikipedia.org/wiki/Matoäyriäiset	Pentastomida	fi,sv,zh		
https://zh.wikipedia.org/wiki/%E8%90%A8%E8%8E%AB%E5%A5%88%E4%BA%BA	https://fi.wikipedia.org/wiki/Samnilaiset	萨莫奈人	fi,fr,sv		
https://fr.wikipedia.org/wiki/Jaume_Dom%C3%A9nech	https://fi.wikipedia.org/wiki/Jaume_Domènech	Jaume Doménech	fi,sv,zh		
https://zh.wikipedia.org/wiki/%E7%BD%97%E8%90%A8%E9%87%8C%E5%A5%A5	https://fi.wikipedia.org/wiki/Rosario_(Argentiina)	Rosario (Argentiina)	fi,sv,zh,fr	Ketä merkittäviä henkilöitä on lähtöisin Rosariosta?	Onko Rosariossa lentokenttää?
https://en.wikipedia.org/wiki/Ernest_Cole_(photographer)	X	Ernest Cole (photographer)	fr,sv		
https://en.wikipedia.org/wiki/Irani_River	X	Irani River	fr,sv		
https://zh.wikipedia.org/wiki/%E7%8A%AF%E7%BD%AA%E4%BE%A6%E6%9F%A5%E5%AD%A6	X	犯罪侦查学	fr,sv		
https://sv.wikipedia.org/wiki/Den_nikomachiska_etiken	https://fi.wikipedia.org/wiki/Nikomakhoksen_etiikka	Den nikomachiska etiken	fr,fi,zh		
https://zh.wikipedia.org/wiki/%E7%BE%8E%E9%BA%97%E8%B9%BA%E4%BD%B3%E4%BA%BA	https://fi.wikipedia.org/wiki/Sweet_Home_Alabama_(elokuva)	美麗蹺佳人	fi,fr,sv		
https://zh.wikipedia.org/wiki/%E5%B8%83%E9%9B%B7%E8%90%A8%E7%BA%B3%E5%8D%9A%E5%A1%94%E7%BD%97%E5%86%85	X	布雷萨纳博塔罗内	fr,sv		
https://zh.wikipedia.org/wiki/%E5%90%90%E9%B2%81%E7%95%AA%E5%B8%82	https://fi.wikipedia.org/wiki/Turpan	吐鲁番市	fi,fr,sv		
https://fr.wikipedia.org/wiki/Villar_San_Costanzo	https://fi.wikipedia.org/wiki/Villar_San_Costanzo	Villar San Costanzo	fi,sv,zh		
https://sv.wikipedia.org/wiki/%C4%90%E1%BA%B7ng_Th%E1%BB%8B_Ng%E1%BB%8Dc_Th%E1%BB%8Bnh	X	Đặng Thị Ngọc Thịnh	fr,zh		
https://zh.wikipedia.org/wiki/%E5%86%85%E8%BF%88%E7%89%B9%E5%87%AF%E5%B0%94	X	内迈特凯尔	fr,sv		
https://en.wikipedia.org/wiki/Them_(2006_film)	https://fi.wikipedia.org/wiki/Uhka_(vuoden_2006_elokuva)	Them (2006 film)	fr,fi		
https://zh.wikipedia.org/wiki/Hear,_hear	https://fi.wikipedia.org/wiki/Hear_hear	Hear, hear	fi,fr		
https://fr.wikipedia.org/wiki/Murero	X	Murero	sv,zh		
https://en.wikipedia.org/wiki/French_paradox	X	French paradox	fr,zh		
https://sv.wikipedia.org/wiki/H-motor	X	H-motor	fr,zh		
https://sv.wikipedia.org/wiki/Everton_LFC	https://fi.wikipedia.org/wiki/Everton_LFC	Everton LFC	fr,fi,zh		
https://zh.wikipedia.org/wiki/%E8%89%BE%E5%8A%9B%E5%85%8B%E6%96%AF%C2%B7%E5%B8%83%E8%90%8A%E6%A0%BC%E6%9B%BC	X	艾力克斯·布萊格曼	fr,sv		
https://fr.wikipedia.org/wiki/Ch%C3%A2tillon-sous-les-C%C3%B4tes	X	Châtillon-sous-les-Côtes	sv,zh		
https://zh.wikipedia.org/wiki/%E5%85%8B%E7%B6%AD%E7%89%B9%E7%B6%8F	https://fi.wikipedia.org/wiki/Kvitsøy	克維特綏	fi,fr,sv		
https://sv.wikipedia.org/wiki/Real_Madrid_Castilla	https://fi.wikipedia.org/wiki/Real_Madrid_Castilla	Real Madrid Castilla	fr,fi,zh		
https://en.wikipedia.org/wiki/Marquess_Ai_of_Han	X	Marquess Ai of Han	lzh,zh		
https://zh.wikipedia.org/wiki/%E6%9D%9C%E5%9D%8E%E7%BA%A4%E9%A3%9F%E6%B3%95	https://fi.wikipedia.org/wiki/Dukan-dieetti	杜坎纤食法	fi,fr		
https://zh.wikipedia.org/wiki/%E7%BE%8E%E5%9B%BD%E6%B0%91%E6%97%8F%E5%AD%A6%E5%B1%80	X	美国民族学局	fr,sv		
https://en.wikipedia.org/wiki/Arajadzor,_Nagorno-Karabakh	X	Arajadzor, Nagorno-Karabakh	fr,sv		
https://zh.wikipedia.org/wiki/%E5%BF%8D%E6%9C%AF	https://fi.wikipedia.org/wiki/Ninjutsu	忍术	fi,fr,sv		
https://en.wikipedia.org/wiki/Port_Wentworth,_Georgia	X	Port Wentworth, Georgia	fr,sv,zh		
https://fr.wikipedia.org/wiki/Vilvorde	X	Vilvorde	frr,sv,zh		
https://fr.wikipedia.org/wiki/Cadeilhan-Trach%C3%A8re	X	Cadeilhan-Trachère	sv,zh		
https://en.wikipedia.org/wiki/Diane_Valkenburg	https://fi.wikipedia.org/wiki/Diane_Valkenburg	Diane Valkenburg	fr,fi		
https://fr.wikipedia.org/wiki/Seimu	https://fi.wikipedia.org/wiki/Seimu	Seimu	fi,sv,zh		
https://en.wikipedia.org/wiki/Tobias_Karlsson_(handballer)	X	Tobias Karlsson (handballer)	fr,sv,zh		
https://sv.wikipedia.org/wiki/Fj%C3%A4llglim	https://fi.wikipedia.org/wiki/Tunturikohokki	Fjällglim	frp,fr,fi		
https://fr.wikipedia.org/wiki/Britney	https://fi.wikipedia.org/wiki/Britney_(albumi)	Britney	fi,sv,zh		
https://zh.wikipedia.org/wiki/%E8%82%BA%E7%A7%BB%E6%A4%8D	https://fi.wikipedia.org/wiki/Keuhkonsiirto	肺移植	fi,fr		
https://sv.wikipedia.org/wiki/Manly,_Iowa	X	Manly, Iowa	fr,zh		
https://zh.wikipedia.org/wiki/%E4%BC%8A%E6%96%AF%E7%89%B9%E6%8B%89%E5%8D%8A%E5%B3%B6	https://fi.wikipedia.org/wiki/Istria	伊斯特拉半岛	fi,fr,sv		
https://sv.wikipedia.org/wiki/V%C3%A4rldsm%C3%A4sterskapen_i_taekwondo	X	Världsmästerskapen i taekwondo	fr,zh		
https://en.wikipedia.org/wiki/El_Mercurio_de_Valpara%C3%ADso	X	El Mercurio de Valparaíso	fr,sv		
https://fr.wikipedia.org/wiki/Hornbach_(ville)	X	Hornbach (ville)	sv,zh		
https://zh.wikipedia.org/wiki/%E9%BB%98%E6%A0%BC%E6%9E%97%E6%A0%B9	X	默格林根	fr,sv		
https://sv.wikipedia.org/wiki/Chun_Jung-myung	https://fi.wikipedia.org/wiki/Chun_Jung-myung	Chun Jung-myung	fr,fi,zh		
https://sv.wikipedia.org/wiki/Benny_Benassi	https://fi.wikipedia.org/wiki/Benny_Benassi	Benny Benassi	fr,fi,zh		
https://fr.wikipedia.org/wiki/Fraction_unitaire	https://fi.wikipedia.org/wiki/Yksikkömurtoluku	Fraction unitaire	fi,zh		
https://zh.wikipedia.org/wiki/%E5%A3%AE%E8%9F%B9%E8%9B%9B%E5%B1%9E	X	壮蟹蛛属	fr,sv		
https://zh.wikipedia.org/wiki/%E8%B4%BE%E6%9E%97%C2%B7%E6%89%80%E7%BD%97%E9%97%A8	https://fi.wikipedia.org/wiki/Jarrin_Solomon	贾林·所罗门	fi,fr,sv		
https://zh.wikipedia.org/wiki/%E6%96%B0%E5%A0%A1-%E6%97%A7%E5%9F%8E	X	新堡-旧城	fr,sv		
https://en.wikipedia.org/wiki/Irrawaddy_River	https://fi.wikipedia.org/wiki/Iravadi	Iravadi	fi,sv,zh,fr	Mistä Iravadi on mahdollisesti saanut nimensä?	Mikä on Iravadin suurin sivujoki?
https://zh.wikipedia.org/wiki/%E9%98%BF%E8%BE%BE%E6%B2%B3%E7%95%94%E5%8D%A1%E5%8D%A2%E6%96%AF%E7%A7%91	X	阿达河畔卡卢斯科	fr,sv		
https://zh.wikipedia.org/wiki/%E6%96%BD%E6%B3%B0%E5%B0%94%E9%A9%AC%E5%85%8B%E5%B7%9E%E9%AD%8F%E6%96%AF%E5%9F%BA%E5%85%B4	X	施泰尔马克州魏斯基兴	fr,sv		
https://fr.wikipedia.org/wiki/Fuligo_septica	https://fi.wikipedia.org/wiki/Paranvoi	Fuligo septica	fi,sv		
https://zh.wikipedia.org/wiki/%E7%BD%97%E7%89%B9%E5%B7%B4%E5%85%8B	X	罗特巴克	fr,sv		
https://zh.wikipedia.org/wiki/2018%E5%B9%B4%E4%B8%AD%E5%9C%8B%E5%A4%A7%E7%8D%8E%E8%B3%BD	https://fi.wikipedia.org/wiki/Kiinan_Grand_Prix_2018	2018年中國大獎賽	fi,fr,sv		
https://fr.wikipedia.org/wiki/Dissidia:_Final_Fantasy	https://fi.wikipedia.org/wiki/Dissidia_Final_Fantasy	Dissidia Final Fantasy	fi,sv,zh	Mille pelikonsolille Dissidia Final Fantasy julkaistiin?	Montako hahmoa Dissidia Final Fantasy -videopelissä on?
https://zh.wikipedia.org/wiki/%E5%9B%BE%E5%8F%99%E5%8B%92%E8%AF%BA%E5%B8%83%E5%8B%92	https://fi.wikipedia.org/wiki/Toussus-le-Noble	图叙勒诺布勒	fi,fr,sv		
https://zh.wikipedia.org/wiki/%E5%AE%97%E5%BA%A7%E9%A2%9D%E6%88%91%E7%95%A5%E5%A4%A7%E5%AD%A6	X	宗座额我略大学	fr,sv		
https://fr.wikipedia.org/wiki/G%C3%B6d%C3%B6ll%C5%91	https://fi.wikipedia.org/wiki/Gödöllő	Gödöllő	fi,sv,zh	Mitä taidesuuntausta Gödöllőssä sijaitseva Grassalkovichin palatsi edustaa?	Missä kaupungissa sijaitsee Grassalkovichin palatsi?
https://zh.wikipedia.org/wiki/%E5%BE%B7%E5%93%88%E7%B6%AD%E8%98%AD%E5%8A%A0%E6%8B%BF%E5%A4%A7DHC-8	https://fi.wikipedia.org/wiki/De_Havilland_Canada_Dash_8	德哈維蘭加拿大DHC-8	fi,fr,sv		
https://fr.wikipedia.org/wiki/Folding@home	https://fi.wikipedia.org/wiki/Folding@home	Folding@home	fi,sv,zh		
https://zh.wikipedia.org/wiki/%E5%8D%9A%E7%88%BE%E9%A6%AC%E9%87%8C%E7%83%8F%E5%B8%95%E9%BD%8A%E6%8B%89	X	博爾馬里烏帕齊拉	fr,sv		
https://sv.wikipedia.org/wiki/Rakke_kommun	X	Rakke kommun	fr,zh		
https://sv.wikipedia.org/wiki/PJAK	X	PJAK	fr,zh		
https://sv.wikipedia.org/wiki/41_(tal)	https://fi.wikipedia.org/wiki/41_(luku)	41 (tal)	fr,fi,zh		
https://sv.wikipedia.org/wiki/Munic%C3%ADpio_Namacunde	https://fi.wikipedia.org/wiki/Namakunde	Município Namacunde	fi,zh		
https://zh.wikipedia.org/wiki/%E6%95%98%E5%88%A9%E4%BA%9E%E5%9F%BA%E7%9D%A3%E6%95%99	https://fi.wikipedia.org/wiki/Syyriankielinen_kristillisyys	敘利亞基督教	fi,sv		
https://sv.wikipedia.org/wiki/Douglas_County,_Georgia	X	Douglas County, Georgia	fr,frr,zh		
https://sv.wikipedia.org/wiki/Carlo_Gozzi	https://fi.wikipedia.org/wiki/Carlo_Gozzi	Carlo Gozzi	fr,fi,zh	Minkä näytelmäkirjallisuuden alalajin kirjoittajana Carlo Gozzi pääosin tunnetaan?	Mikä oli Carlo Gozzin veljen ammatti?
https://fr.wikipedia.org/wiki/Gordon_Strachan	https://fi.wikipedia.org/wiki/Gordon_Strachan	Gordon Strachan	fi,sv,zh	Mikä on Gavin Strachanin isän ammatti?	Mitä pelipaikkaa Gordon Strachan pelasi?
https://zh.wikipedia.org/wiki/%E6%B1%89%E5%86%85%E6%96%AF%C2%B7%E9%9C%8D%E5%B0%94%E5%A7%86	X	汉内斯·霍尔姆	fr,sv		
https://en.wikipedia.org/wiki/Entomobrya	X	Entomobrya	fr,sv		
https://fr.wikipedia.org/wiki/La_Robine-sur-Galabre	X	La Robine-sur-Galabre	sv,zh		
https://fr.wikipedia.org/wiki/Sagrada_Fam%C3%ADlia_(Rio_Grande_do_Sul)	X	Sagrada Família (Rio Grande do Sul)	sv,zh		
https://zh.wikipedia.org/wiki/1994%E5%B9%B4%E5%8C%97%E5%B2%AD%E5%9C%B0%E9%9C%87	https://fi.wikipedia.org/wiki/Northridgen_maanjäristys_1994	1994年北岭地震	fi,fr		
https://zh.wikipedia.org/wiki/%E5%B0%A4%E9%87%8C%C2%B7%E5%8A%A0%E6%B4%A5%E6%96%AF%E5%9F%BA	X	尤里·加津斯基	fr,sv		
https://zh.wikipedia.org/wiki/%E4%BA%9A%E5%8E%86%E5%B1%B1%E5%BE%B7%E7%BD%97%C2%B7%E6%99%AE%E5%A5%87%E5%B0%BC	https://fi.wikipedia.org/wiki/Alessandro_Puccini	Alessandro Puccini	fi,fr,sv	Minkä lajin edustaja on Alessandro Puccini?	Mitä seuraa Alessandro Puccini edustaa?
https://zh.wikipedia.org/wiki/%E9%98%BF%E7%99%BB-%E9%98%BF%E5%87%B1%E5%BE%B7_(%E5%8A%A0%E5%88%A9%E7%A6%8F%E5%B0%BC%E4%BA%9E%E5%B7%9E)	X	阿登-阿凱德 (加利福尼亞州)	fr,sv		
https://zh.wikipedia.org/wiki/%E9%98%BF%E6%9B%BC%E8%BE%BE%E7%A7%80	X	阿曼达秀	fr,sv		
https://sv.wikipedia.org/wiki/Condette	X	Condette	fr,zh		
https://zh.wikipedia.org/wiki/%E5%A4%A9%E7%90%86_(%E5%84%92%E5%AE%B6)	https://fi.wikipedia.org/wiki/Li_(kiinalainen_kosmologia)	Li (kiinalainen kosmologia)	fi,sv	Mitä li tarkoittaa kiinalaisessa kosmologiassa?	
https://fr.wikipedia.org/wiki/Paire_de_bases	https://fi.wikipedia.org/wiki/Emäspari	Paire de bases	fi,sv,zh		
https://fr.wikipedia.org/wiki/111_West_57th_Street	https://fi.wikipedia.org/wiki/111_West_57th_Street	111 West 57th Street	fi,sv,zh	Miten 111 West 57th Streetiä on pyritty vakauttamaan esimerkiksi kovan tuulen sattuessa? 	
https://en.wikipedia.org/wiki/Neolana	X	Neolana	fr,sv		
https://en.wikipedia.org/wiki/Apsilus	X	Apsilus	fr,sv		
https://sv.wikipedia.org/wiki/Plastic_Letters	https://fi.wikipedia.org/wiki/Plastic_Letters	Plastic Letters	fr,fi		
https://fr.wikipedia.org/wiki/Cirrostratus	https://fi.wikipedia.org/wiki/Harsopilvi	Harsopilvi	fi,sv,zh	Miten harsopilvet muodostuvat?	
https://en.wikipedia.org/wiki/R%C3%B3ger_Guedes	X	Róger Guedes	fr,zh		
https://zh.wikipedia.org/wiki/186%E5%B9%B4	https://fi.wikipedia.org/wiki/186	186年	fi,fr,sv		
https://sv.wikipedia.org/wiki/Guillaume_Bud%C3%A9	https://fi.wikipedia.org/wiki/Guillaume_Budé	Guillaume Budé	fr,fi,zh	Minkä tutkimuslaitoksen perustamiseen Guillaume Budé on merkittävästi vaikuttanut?	Missä yliopistossa Guillaume Budé opiskeli oikeustiedettä?
https://sv.wikipedia.org/wiki/Gammelstaden,_Helsingfors	https://fi.wikipedia.org/wiki/Vanhakaupunki_(Helsinki)	Vanhakaupunki (Helsinki)	fr,fi	Mihin suurpiiriin Helsingin kaupunginosa nimeltä Vanhakaupunki kuuluu?	Minkä kylän paikalle Helsinki alkujaan perustettiin?
https://zh.wikipedia.org/wiki/%E7%B1%B3%E8%8E%B1%E6%89%98	X	米莱托	fr,sv		
https://zh.wikipedia.org/wiki/%E5%88%86%E5%AD%90%E7%94%9F%E7%89%A9%E5%AD%A6	https://fi.wikipedia.org/wiki/Molekyylibiologia	分子生物学	fi,fr,sv		
https://zh.wikipedia.org/wiki/%E4%B8%B9%C2%B7%E8%98%AD%E6%A0%BC%E5%80%AB	X	丹·蘭格倫	fr,sv		
https://sv.wikipedia.org/wiki/Mutoskop	https://fi.wikipedia.org/wiki/Mutoskooppi	Mutoskop	fr,fi		
	#REF!				
