url	title	languages
https://en.wikipedia.org/wiki/David_F._Sandberg	David F. Sandberg	ar,en,es,fi,fr,it,sv,zh
https://en.wikipedia.org/wiki/Nokia_E5-00	Nokia E5-00	ar,en,fi,fr
https://en.wikipedia.org/wiki/Mouthier-Haute-Pierre	Mouthier-Haute-Pierre	en,es,fr,it,sv,zh
https://en.wikipedia.org/wiki/Cyrtophora_moluccensis	Cyrtophora moluccensis	en,fr,sv,zh
https://en.wikipedia.org/wiki/Cilleruelo_de_San_Mam%C3%A9s	Cilleruelo de San Mamés	en,es,fr,it,sv,zh
https://en.wikipedia.org/wiki/Helsingin_Jalkapalloklubi	Helsingin Jalkapalloklubi	ar,en,es,fi,fr,it,sv,zh
https://en.wikipedia.org/wiki/Zonitoides	Zonitoides	en,sv,zh
https://en.wikipedia.org/wiki/Gampel-Bratsch	Gampel-Bratsch	en,es,fr,it,sv,zh
https://en.wikipedia.org/wiki/Pet_store	Pet store	en,es,fi,fr,it,zh
https://en.wikipedia.org/wiki/Tilia_dasystyla	Tilia dasystyla	en,fr,sv
https://en.wikipedia.org/wiki/White-winged_chough	White-winged chough	en,es,fi,fr,it,sv
https://en.wikipedia.org/wiki/Input%E2%80%93output_memory_management_unit	Input–output memory management unit	en,es,fi,it,zh
https://en.wikipedia.org/wiki/1997%E2%80%9398_Asian_Club_Championship	1997–98 Asian Club Championship	ar,en,es,fr,it,zh
https://en.wikipedia.org/wiki/FC_Zhenis	FC Zhenis	en,es,fi,fr,it,zh
https://en.wikipedia.org/wiki/Herpy-l%27Arl%C3%A9sienne	Herpy-l'Arlésienne	en,es,fi,fr,it,sv,zh
https://en.wikipedia.org/wiki/Irus_irus	Irus irus	en,sv,zh
https://en.wikipedia.org/wiki/Petra_van_Staveren	Petra van Staveren	en,es,fi,fr,it,sv,zh
https://en.wikipedia.org/wiki/Paul_Egede	Paul Egede	en,es,fr,sv
https://en.wikipedia.org/wiki/Argyrosomus_hololepidotus	Argyrosomus hololepidotus	en,es,sv,zh
https://en.wikipedia.org/wiki/Carl_L%C3%B6wenhielm	Carl Löwenhielm	en,es,fi,fr,sv
https://en.wikipedia.org/wiki/H%C3%BCffelsheim	Hüffelsheim	ar,en,es,fr,it,sv,zh
https://en.wikipedia.org/wiki/Steelville,_Missouri	Steelville, Missouri	ar,en,es,fr,it,sv,zh
https://en.wikipedia.org/wiki/Western_oriole	Western oriole	en,es,fi,fr,it,sv
https://en.wikipedia.org/wiki/White_Collar_(TV_series)	White Collar (TV series)	en,es,fi,fr,hi,it,sv,zh
https://en.wikipedia.org/wiki/Dharma_name	Dharma name	en,fr,it,zh
https://en.wikipedia.org/wiki/Ted_Lange	Ted Lange	ar,en,es,fi,fr,it
https://en.wikipedia.org/wiki/Chris_Claremont	Chris Claremont	ar,en,es,fi,fr,it,sv
https://en.wikipedia.org/wiki/Bundesautobahn_73	Bundesautobahn 73	en,fr,it,sv
https://en.wikipedia.org/wiki/Gianrico_Carofiglio	Gianrico Carofiglio	en,es,fr,it,sv
https://en.wikipedia.org/wiki/Bischofsheim,_Hesse	Bischofsheim, Hesse	en,es,fr,it,sv,zh
https://en.wikipedia.org/wiki/Hamilton_Academical_F.C.	Hamilton Academical F.C.	ar,en,es,fi,fr,it,sv,zh
https://en.wikipedia.org/wiki/Ghislain_Konan	Ghislain Konan	ar,en,es,fr,it,zh
https://en.wikipedia.org/wiki/Swedish_Navy	Swedish Navy	ar,en,es,fi,fr,it,sv,zh
https://en.wikipedia.org/wiki/Pennard	Pennard	en,fr,it,sv
https://en.wikipedia.org/wiki/Galicia_(Spain)	Galicia (Spain)	ar,en,es,fi,fr,hi,it,sv,zh
https://en.wikipedia.org/wiki/United_States_Army_Medical_Command	United States Army Medical Command	en,fr,zh
https://zh.wikipedia.org/wiki/%E5%92%8C%E5%B9%B3%E5%8F%B7%E7%A9%BA%E9%97%B4%E7%AB%99	和平号空间站	ar,en,es,fi,fr,hi,it,sv,zh
https://zh.wikipedia.org/wiki/%E6%88%B4%E5%A4%AB%C2%B7%E5%BC%97%E8%98%AD%E7%A7%91	戴夫·弗蘭科	ar,en,es,fi,fr,hi,it,sv,zh
https://zh.wikipedia.org/wiki/%E5%88%B6%E8%A3%81%E8%80%85_(%E9%9B%BB%E8%A6%96%E5%8A%87)	制裁者 (電視劇)	ar,en,es,fi,fr,it,sv,zh
https://zh.wikipedia.org/wiki/%E5%A1%94%E5%B9%B3%E5%8E%BF	塔平县	en,fr,it,sv,zh
https://zh.wikipedia.org/wiki/%E7%B4%85%E7%89%9B%E9%AB%94%E8%82%B2%E5%A0%B4_(%E8%96%A9%E7%88%BE%E6%96%AF%E5%A0%A1)	紅牛體育場 (薩爾斯堡)	ar,en,es,fi,fr,it,sv,zh
https://sv.wikipedia.org/wiki/Captain_Morgan	Captain Morgan	en,es,fi,fr,it,sv
https://zh.wikipedia.org/wiki/%E8%93%AC%E4%BD%90%E5%86%85	蓬佐内	ar,en,es,fr,it,sv,zh
https://fr.wikipedia.org/wiki/%C3%89tude_cas-t%C3%A9moins	Étude cas-témoins	ar,en,es,fi,fr,sv,zh
https://fr.wikipedia.org/wiki/Championnats_du_monde_de_biathlon_1991	Championnats du monde de biathlon 1991	en,es,fi,fr,it,sv
https://sv.wikipedia.org/wiki/Edu_Manga	Edu Manga	ar,en,es,fi,fr,it,sv,zh
https://zh.wikipedia.org/wiki/%E5%8D%A2%E6%A0%BC%E6%9D%9C%E5%8A%AA%E5%A7%86	卢格杜努姆	ar,en,es,fr,it,sv,zh
https://fr.wikipedia.org/wiki/Xiong_Ai	Xiong Ai	en,fr,zh
https://sv.wikipedia.org/wiki/A_Portuguesa	A Portuguesa	ar,en,es,fi,fr,it,sv,zh
https://sv.wikipedia.org/wiki/Bleeding_Kansas	Bleeding Kansas	ar,en,es,fr,it,sv,zh
https://fr.wikipedia.org/wiki/Manifestations_de_mars-avril_2022_au_P%C3%A9rou	Manifestations de mars-avril 2022 au Pérou	ar,en,es,fr,zh
https://zh.wikipedia.org/wiki/%E9%A5%B6%E8%88%8C%E8%80%85%E9%92%B1%E6%96%AF	饶舌者钱斯	ar,en,es,fi,fr,it,sv,zh
https://en.wikipedia.org/wiki/Sustainable_city	Sustainable city	ar,en,es,fi,fr,zh
https://sv.wikipedia.org/wiki/Zhejiangk%C3%B6ket	Zhejiangköket	en,es,fr,sv,zh
https://zh.wikipedia.org/wiki/%E7%93%A6%E7%88%BE%E9%87%8C%E7%A7%91_(%E4%BD%9B%E7%BE%85%E9%87%8C%E9%81%94%E5%B7%9E)	瓦爾里科 (佛羅里達州)	ar,en,es,fr,it,sv,zh
https://zh.wikipedia.org/wiki/%E4%B8%8B%E5%A1%94%E5%90%89%E5%B0%94	下塔吉尔	ar,en,es,fi,fr,it,sv,zh
https://zh.wikipedia.org/wiki/%E5%8A%9B	力	ar,en,es,fi,fr,hi,it,sv,zh
https://fr.wikipedia.org/wiki/Quarten	Quarten	en,es,fr,it,sv,zh
https://sv.wikipedia.org/wiki/V%C3%A4rldsm%C3%A4sterskapet_i_ishockey_f%C3%B6r_herrar_1931	Världsmästerskapet i ishockey för herrar 1931	en,fi,fr,it,sv
https://zh.wikipedia.org/wiki/%E8%96%A9%E8%BF%A6%E6%B3%95%E7%8E%8B	薩迦法王	en,es,fr,sv,zh
https://fr.wikipedia.org/wiki/General_Pinedo	General Pinedo	en,es,fr,it,sv,zh
https://sv.wikipedia.org/wiki/Toru%C5%84	Toruń	ar,en,es,fi,fr,it,sv,zh
https://en.wikipedia.org/wiki/Gregory_III_Laham	Gregory III Laham	ar,en,es,fr,it,sv,zh
https://sv.wikipedia.org/wiki/F%C3%B6rlossning	Förlossning	ar,en,es,fi,fr,hi,it,sv,zh
https://zh.wikipedia.org/wiki/%E5%B7%A7%E5%85%8B%E5%8A%9B%E7%B3%96%E6%BC%BF	巧克力糖漿	ar,en,es,fr,sv,zh
https://fr.wikipedia.org/wiki/Jef_Raskin	Jef Raskin	ar,en,es,fi,fr,it,sv,zh
https://fr.wikipedia.org/wiki/Delley-Portalban	Delley-Portalban	en,es,fr,it,sv,zh
https://zh.wikipedia.org/wiki/%E5%8A%89%E6%98%93%E6%96%AF%E6%95%A6_(%E5%AF%86%E8%98%87%E9%87%8C%E5%B7%9E)	劉易斯敦 (密蘇里州)	ar,en,es,fr,it,zh
https://zh.wikipedia.org/wiki/%E5%87%B1%E4%BC%8A%E7%88%BE%C2%B7%E7%99%BD%E6%9C%97%E5%AF%A7	凱伊爾·白朗寧	en,es,fr,sv,zh
https://zh.wikipedia.org/wiki/%E5%B8%8C%E5%BE%B7_(%E7%B4%A2%E6%81%A9-%E5%8D%A2%E7%93%A6%E5%B0%94%E7%9C%81)	希德 (索恩-卢瓦尔省)	en,es,fr,it,sv,zh
https://fr.wikipedia.org/wiki/Prato_allo_Stelvio	Prato allo Stelvio	en,es,fr,it,sv,zh
https://zh.wikipedia.org/wiki/2011%E5%B9%B4%E6%AD%90%E6%B4%B2%E8%B6%85%E7%B4%9A%E7%9B%83	2011年歐洲超級盃	ar,en,es,fi,fr,it,zh
https://sv.wikipedia.org/wiki/HD_123569	HD 123569	en,fr,sv,zh
https://zh.wikipedia.org/wiki/%E8%8E%AB%E9%87%8C%E8%8C%A8%C2%B7%E7%A6%8F%E5%B0%94%E8%8C%A8	莫里茨·福尔茨	ar,en,es,fi,fr,it,zh
https://sv.wikipedia.org/wiki/Virginia_Cavaliers	Virginia Cavaliers	en,es,fr,sv,zh
https://zh.wikipedia.org/wiki/%E6%B2%99%E8%90%A8%E6%B6%85	沙萨涅	en,es,fr,it,sv,zh
https://en.wikipedia.org/wiki/Antenna_(biology)	Antenna (biology)	ar,en,es,fi,fr,hi,it,sv,zh
https://zh.wikipedia.org/wiki/%E7%BD%97%E6%A3%AE%E5%A4%9A%E5%A4%AB	罗森多夫	en,es,fr,it,sv,zh
https://zh.wikipedia.org/wiki/%E7%99%BD%E7%B2%89%E8%8F%8C%E7%9B%AE	白粉菌目	en,es,fi,fr,it,sv,zh
https://sv.wikipedia.org/wiki/Ludhiana	Ludhiana	ar,en,es,fi,fr,hi,it,sv,zh
https://sv.wikipedia.org/wiki/Bert_Olmstead	Bert Olmstead	en,es,fi,fr,it,sv
https://fr.wikipedia.org/wiki/Fortescue_(Missouri)	Fortescue (Missouri)	ar,en,es,fr,it,zh
https://zh.wikipedia.org/wiki/%E8%85%A6%E6%80%A7%E9%BA%BB%E7%97%BA	腦性麻痺	ar,en,es,fi,fr,hi,it,sv,zh
https://zh.wikipedia.org/wiki/%E9%93%B2%E9%BD%BF%E4%B8%AD%E5%96%99%E9%B2%B8	铲齿中喙鲸	ar,en,es,fi,fr,it,sv,zh
https://sv.wikipedia.org/wiki/F%C3%BCzesabonyi_J%C3%A1r%C3%A1s	Füzesabonyi Járás	en,es,fr,it,sv,zh
https://fr.wikipedia.org/wiki/Khobar	Khobar	ar,en,es,fi,fr,hi,sv,zh
https://en.wikipedia.org/wiki/BAFTA_Award_for_Best_Actor_in_a_Supporting_Role	BAFTA Award for Best Actor in a Supporting Role	ar,en,es,fi,fr,it,sv,zh
https://fr.wikipedia.org/wiki/Deuxi%C3%A8me_concile_de_Nic%C3%A9e	Deuxième concile de Nicée	ar,en,es,fi,fr,it,sv,zh
https://en.wikipedia.org/wiki/Mario_Bolatti	Mario Bolatti	ar,en,es,fi,fr,it,sv,zh
https://en.wikipedia.org/wiki/Spotted_blue-eye	Spotted blue-eye	en,fr,it,sv,zh
https://zh.wikipedia.org/wiki/%E6%A2%81%E5%B1%B1%E5%8E%BF	梁山县	en,fr,it,sv,zh
https://zh.wikipedia.org/wiki/%E5%A5%A7%E5%BA%AB%E6%96%AF%E6%89%98%E9%9B%85%E6%96%AF%E5%B1%B1	奧庫斯托雅斯山	en,es,fi,fr,it,sv,zh
https://zh.wikipedia.org/wiki/%E7%A7%91%E5%B0%94%E5%AF%9F%E8%87%AA%E6%B2%BB%E7%9C%81	科尔察自治省	en,es,fr,it,sv,zh
https://fr.wikipedia.org/wiki/D%C3%A9partement_de_Federal	Département de Federal	en,es,fr,it,sv,zh
https://fr.wikipedia.org/wiki/Sophie_N%C3%A9lisse	Sophie Nélisse	ar,en,es,fr,it,sv
https://en.wikipedia.org/wiki/Wheein	Wheein	ar,en,es,fr,it,sv,zh
https://sv.wikipedia.org/wiki/7532_Pelh%C5%99imov	7532 Pelhřimov	en,fr,it,sv,zh
https://fr.wikipedia.org/wiki/Capitaine_(football)	Capitaine (football)	ar,en,es,fr,it,zh
https://zh.wikipedia.org/wiki/%E7%B4%84%E7%BF%B0%C2%B7%E6%96%AF%E6%96%87%E5%B0%BC	約翰·斯文尼	en,es,fr,it,zh
https://fr.wikipedia.org/wiki/The_Fens	The Fens	en,es,fi,fr,it
https://zh.wikipedia.org/wiki/%E5%9F%83%E8%92%82%E5%A5%A5%E5%8B%92	埃蒂奥勒	en,es,fr,it,sv,zh
https://sv.wikipedia.org/wiki/Labalme	Labalme	ar,en,es,fr,it,sv,zh
https://fr.wikipedia.org/wiki/Soustons	Soustons	en,es,fr,it,sv,zh
https://en.wikipedia.org/wiki/Kremlin_(fortification)	Kremlin (fortification)	ar,en,es,fi,fr,hi,it,sv,zh
https://zh.wikipedia.org/wiki/150	150	ar,en,fr,it,sv,zh
https://zh.wikipedia.org/wiki/%E5%85%B1%E4%BA%AB%E6%BA%90%E4%BB%A3%E7%A0%81	共享源代码	en,es,fi,fr,it,sv,zh
https://sv.wikipedia.org/wiki/8536_M%C3%A5ns	8536 Måns	en,fr,it,sv,zh
https://zh.wikipedia.org/wiki/%E5%8D%A1%E6%96%AF%E7%9A%AE%E6%96%AF%E5%85%8B	卡斯皮斯克	ar,en,es,fi,fr,it,sv,zh
https://zh.wikipedia.org/wiki/%E8%8B%A5%E9%98%BF%E7%BA%B3	若阿纳	en,es,fi,fr,it,sv,zh
https://sv.wikipedia.org/wiki/Hylarana_elberti	Hylarana elberti	en,es,fr,sv
https://sv.wikipedia.org/wiki/La_Belli%C3%A8re,_Seine-Maritime	La Bellière, Seine-Maritime	en,es,fr,it,sv,zh
https://fr.wikipedia.org/wiki/Diab%C3%A8te_de_type_2	Diabète de type 2	ar,en,es,fi,fr,hi,it,sv,zh
https://zh.wikipedia.org/wiki/%E9%98%BF%E9%81%93%E5%A4%AB%C2%B7%E5%8A%A0%E5%85%B0%E5%BE%B7	阿道夫·加兰德	ar,en,es,fi,fr,it,sv,zh
https://zh.wikipedia.org/wiki/%E5%9C%A3%E7%93%A6%E5%B0%94	圣瓦尔	en,es,fr,it,sv,zh
https://zh.wikipedia.org/wiki/%E6%B3%A2%E8%A5%BF%E7%B8%A3_(%E5%8D%B0%E7%AC%AC%E5%AE%89%E7%B4%8D%E5%B7%9E)	波西縣 (印第安納州)	ar,en,es,fr,hi,it,sv,zh
https://zh.wikipedia.org/wiki/%E4%BB%A5%E8%89%B2%E5%88%97%E8%88%AA%E7%A9%BA402%E8%99%9F%E7%8F%AD%E6%A9%9F%E7%A9%BA%E9%9B%A3	以色列航空402號班機空難	en,fi,fr,it,zh
https://fr.wikipedia.org/wiki/Folorunsho_Alakija	Folorunsho Alakija	en,es,fi,fr,sv
https://zh.wikipedia.org/wiki/%E8%A7%82%E6%B5%8B%E5%AE%87%E5%AE%99%E5%AD%A6	观测宇宙学	en,es,fi,fr,zh
https://zh.wikipedia.org/wiki/%E5%BA%93%E5%B0%94%E6%81%B0%E5%B0%94%C2%B7%E7%9B%96%E5%B0%94%E7%9B%96%E4%BC%8A	库尔恰尔·盖尔盖伊	en,es,fi,fr,it,sv,zh
https://fr.wikipedia.org/wiki/Victoire_Tomegah_Dogb%C3%A9	Victoire Tomegah Dogbé	ar,en,es,fi,fr,it,sv
https://zh.wikipedia.org/wiki/695%E5%B9%B4	695年	ar,en,es,fi,fr,hi,it,sv,zh
https://fr.wikipedia.org/wiki/Comt%C3%A9_de_Gogebic	Comté de Gogebic	ar,en,es,fi,fr,it,sv,zh
https://zh.wikipedia.org/wiki/%E6%B4%A5%E5%B7%B4%E5%B8%83%E9%9F%A6%E5%8E%86%E5%8F%B2	津巴布韦历史	ar,en,es,fi,fr,it,zh
https://zh.wikipedia.org/wiki/%E5%B0%8F%E8%A1%8C%E6%98%9F8903	小行星8903	en,fr,it,sv,zh
https://zh.wikipedia.org/wiki/%E7%BA%A6%E7%BF%B0%C2%B7%E5%85%8B%E9%87%8C%E6%96%AF%E6%89%98%E5%BC%97%C2%B7%E5%A8%81%E5%88%A9%E6%96%AF	约翰·克里斯托弗·威利斯	en,es,fr,sv,zh
https://en.wikipedia.org/wiki/Aloadae	Aloadae	ar,en,es,fi,fr,it,zh
https://sv.wikipedia.org/wiki/Retronym	Retronym	ar,en,es,fr,it,sv,zh
https://zh.wikipedia.org/wiki/%E9%9F%A6%E5%BB%96%E5%A4%AB%E9%87%91%E6%B4%9E%E7%A9%B4	韦廖夫金洞穴	ar,en,es,fr,sv,zh
https://zh.wikipedia.org/wiki/%E9%98%BF%E5%B0%94%E5%8D%91%E6%96%AF%E5%B8%A6	阿尔卑斯带	ar,en,es,fr,sv,zh
https://zh.wikipedia.org/wiki/%E5%B0%8F%E9%87%8E%E8%B2%93%E7%9A%84%E5%85%AC%E8%B7%AF%E6%AD%B7%E9%9A%AA%E8%A8%98	小野貓的公路歷險記	en,es,fr,it,sv,zh
https://en.wikipedia.org/wiki/Swea_City,_Iowa	Swea City, Iowa	ar,en,es,fr,it,zh
https://fr.wikipedia.org/wiki/Gare_de_Walthamstow_Central	Gare de Walthamstow Central	ar,en,fr,it,zh
https://fr.wikipedia.org/wiki/Amyema	Amyema	en,es,fr,sv,zh
https://fr.wikipedia.org/wiki/Marko_Kiprusoff	Marko Kiprusoff	en,fi,fr,it,sv,zh
https://zh.wikipedia.org/wiki/%E6%B3%95%E5%9C%8B%E8%88%AA%E7%A9%BA296%E8%99%9F%E7%8F%AD%E6%A9%9F%E7%A9%BA%E9%9B%A3	法國航空296號班機空難	ar,en,es,fi,fr,it,zh
https://en.wikipedia.org/wiki/JL-2	JL-2	en,es,fr,it,sv,zh
https://zh.wikipedia.org/wiki/%E7%90%86%E6%9F%A5%E5%BE%B7%C2%B7%E6%B2%83%E6%81%A9%C2%B7%E6%96%AF%E5%AE%BE%E5%A1%9E	理查德·沃恩·斯宾塞	ar,en,es,fr,it,zh
https://en.wikipedia.org/wiki/BMW_X2	BMW X2	ar,en,es,fi,it,sv,zh
https://zh.wikipedia.org/wiki/%E5%8F%A4%E5%B7%B4%E5%9C%8B%E5%AE%B6%E7%94%B7%E5%AD%90%E6%8E%92%E7%90%83%E9%9A%8A	古巴國家男子排球隊	ar,en,es,fi,fr,it,sv,zh
https://fr.wikipedia.org/wiki/The_Eternal_Idol	The Eternal Idol	en,es,fi,fr,it,sv
https://zh.wikipedia.org/wiki/%E5%9C%8B%E9%9A%9B%E5%A5%87%E9%80%A3%E8%97%8D	國際奇連藍	en,es,fr,it,sv,zh
https://zh.wikipedia.org/wiki/%E5%93%A5%E4%BC%A6%E6%AF%94%E4%BA%9A%E6%80%BB%E7%BB%9F	哥伦比亚总统	ar,en,es,fi,fr,zh
https://zh.wikipedia.org/wiki/Windows_Neptune	Windows Neptune	ar,en,es,fr,hi,it,sv,zh
https://zh.wikipedia.org/wiki/%E5%85%83%E4%BA%A8_(%E6%97%A5%E6%9C%AC)	元亨 (日本)	en,fr,sv,zh
https://sv.wikipedia.org/wiki/Film_i_Frankrike	Film i Frankrike	ar,en,es,fr,it,sv,zh
https://zh.wikipedia.org/wiki/%E8%A5%BF%E9%9B%85%E5%85%B8%E4%B8%93%E5%8C%BA	西雅典专区	ar,en,es,fi,fr,it,zh
https://zh.wikipedia.org/wiki/%E5%87%B1%E6%92%92%E9%A6%96%E9%A0%98	凱撒首領	ar,en,es,fi,fr,it,sv,zh
https://sv.wikipedia.org/wiki/19521_Chaos	19521 Chaos	ar,en,es,fi,fr,it,sv,zh
https://zh.wikipedia.org/wiki/%E7%9B%8E%E6%A0%BC%E9%AD%AF%E6%84%9B%E7%88%BE%E8%98%AD%E4%BA%BA	盎格魯愛爾蘭人	ar,en,es,fi,fr,sv,zh
https://sv.wikipedia.org/wiki/Ter%C3%A9ny	Terény	en,es,fr,it,sv,zh
https://zh.wikipedia.org/wiki/%E9%87%8C%E5%BE%B9%E9%AB%98%E5%9C%B0	里徹高地	en,fr,sv,zh
https://sv.wikipedia.org/wiki/Dourbies	Dourbies	en,es,fr,it,sv,zh
https://zh.wikipedia.org/wiki/%E7%9F%B3%E8%95%8A%E7%A7%91	石蕊科	en,es,fr,it,sv,zh
https://fr.wikipedia.org/wiki/Domantas_Sabonis	Domantas Sabonis	ar,en,es,fi,fr,it,sv,zh
https://zh.wikipedia.org/wiki/%E9%98%BF%E5%B0%94%E5%BC%97%E9%9B%B7%E5%BE%B7%C2%B7%E6%99%AE%E8%8E%B1	阿尔弗雷德·普莱	en,es,fi,fr,zh
https://sv.wikipedia.org/wiki/Terrazzo,_Veneto	Terrazzo, Veneto	en,es,fr,it,sv,zh
https://fr.wikipedia.org/wiki/Liu_Wenhui	Liu Wenhui	en,fr,sv,zh
https://zh.wikipedia.org/wiki/%E6%BE%84%E6%B1%9F%E5%B8%82	澄江市	en,es,fr,it,sv,zh
https://sv.wikipedia.org/wiki/Amblychaeturichthys	Amblychaeturichthys	en,es,fr,sv,zh
https://zh.wikipedia.org/wiki/%E6%8B%9F%E9%9A%99%E8%9B%9B%E5%B1%9E	拟隙蛛属	en,es,fr,sv,zh
https://sv.wikipedia.org/wiki/Det_Norske_Baptistsamfunn	Det Norske Baptistsamfunn	en,fi,fr,sv
https://zh.wikipedia.org/wiki/%E5%A5%A7%E6%89%8E%E9%AD%AF%E5%A4%AB	奧扎魯夫	en,fr,sv,zh
https://zh.wikipedia.org/wiki/%E6%99%AE%E8%B4%B9%E4%B8%81%E6%96%AF%E8%8E%B1%E6%9C%AC	普费丁斯莱本	en,es,fr,it,sv,zh
https://fr.wikipedia.org/wiki/Palm_River-Clair_Mel	Palm River-Clair Mel	en,es,fr,it,sv,zh
https://fr.wikipedia.org/wiki/Bataille_de_Long_Island	Bataille de Long Island	ar,en,es,fi,fr,it,sv,zh
https://en.wikipedia.org/wiki/Bruce_Sterling	Bruce Sterling	ar,en,es,fi,fr,hi,it,sv,zh
https://zh.wikipedia.org/wiki/%E8%B4%A1%E7%BA%B3%E5%B0%94%C2%B7%E9%98%BF%E6%96%AF%E6%99%AE%E9%9A%86%E5%BE%B7	贡纳尔·阿斯普隆德	en,es,fi,fr,it,sv,zh
https://sv.wikipedia.org/wiki/Gu_Bon-gil	Gu Bon-gil	en,es,fr,it,sv,zh
https://sv.wikipedia.org/wiki/Movimiento_Bolivariano_Revolucionario_200	Movimiento Bolivariano Revolucionario 200	en,es,fr,sv,zh
https://zh.wikipedia.org/wiki/%E5%89%8D485%E5%B9%B4	前485年	ar,en,es,fi,fr,it,sv,zh
https://zh.wikipedia.org/wiki/%E7%A7%91%E5%85%8B%E5%A4%A7%E5%AD%A6	科克大学	ar,en,es,fr,it,sv,zh
https://zh.wikipedia.org/wiki/%E5%AE%89%E5%90%89%E6%96%AF%E7%89%B9%E9%87%8C%E5%B2%9B	安吉斯特里岛	en,es,fi,fr,it,sv,zh
https://fr.wikipedia.org/wiki/Johnny_Cash	Johnny Cash	ar,en,es,fi,fr,hi,it,sv,zh
https://en.wikipedia.org/wiki/Beauvechain	Beauvechain	en,es,fi,fr,it,sv,zh
https://fr.wikipedia.org/wiki/Noonie_Bao	Noonie Bao	en,es,fi,fr,sv
https://zh.wikipedia.org/wiki/%E8%89%B3%E7%BB%87%E9%9B%80%E5%B1%9E	艳织雀属	en,es,fi,fr,it,sv,zh
https://zh.wikipedia.org/wiki/%E9%94%A1%E5%BE%B7%E9%87%8C%E5%85%8B%C2%B7%E5%88%A9%E5%BE%B7%E5%B0%94	锡德里克·利德尔	ar,en,es,fr,it,sv,zh
https://en.wikipedia.org/wiki/Takara	Takara	ar,en,es,fr,hi,sv,zh
https://en.wikipedia.org/wiki/Le_Mesnil-Opac	Le Mesnil-Opac	en,es,fr,it,sv,zh
https://fr.wikipedia.org/wiki/14_octobre	14 octobre	ar,en,es,fi,fr,hi,it,sv,zh
https://fr.wikipedia.org/wiki/Peter_Iwers	Peter Iwers	en,es,fi,fr,it,sv
https://zh.wikipedia.org/wiki/%E5%88%B6%E5%8B%95%E6%B6%B2	制動液	en,es,fi,fr,it,sv,zh
https://sv.wikipedia.org/wiki/Saint-Cl%C3%A9ment,_Yonne	Saint-Clément, Yonne	en,es,fr,it,sv,zh
https://zh.wikipedia.org/wiki/%E9%B5%9D%E8%9B%8B%E5%BD%A2	鵝蛋形	ar,en,es,fr,it,sv,zh
https://fr.wikipedia.org/wiki/Catherine_McCormack	Catherine McCormack	ar,en,es,fi,fr,it,sv,zh
https://fr.wikipedia.org/wiki/Taekwondo_aux_Jeux_olympiques_d%27%C3%A9t%C3%A9_de_2012_-_Plus_de_67_kg_femmes	Taekwondo aux Jeux olympiques d'été de 2012 - Plus de 67 kg femmes	en,fr,it,sv,zh
https://sv.wikipedia.org/wiki/Lautersheim	Lautersheim	en,es,fr,it,sv,zh
https://sv.wikipedia.org/wiki/R%C3%B6strubbningar	Röstrubbningar	ar,en,fi,fr,it,sv,zh
https://en.wikipedia.org/wiki/Pasteur_(lunar_crater)	Pasteur (lunar crater)	en,es,fr,it,sv,zh
https://zh.wikipedia.org/wiki/%E7%A6%8F%E9%97%A8%E7%89%B9%E6%8B%89%E5%B2%9B	福门特拉岛	ar,en,es,fi,fr,it,sv,zh
https://fr.wikipedia.org/wiki/Ligne_8_du_m%C3%A9tro_de_Paris	Ligne 8 du métro de Paris	ar,en,es,fi,fr,it,sv,zh
https://zh.wikipedia.org/wiki/%E9%98%BF%E6%96%AF%E7%8F%80%E8%92%99%E7%89%B9_(%E5%BE%B7%E5%85%8B%E8%96%A9%E6%96%AF%E5%B7%9E) 阿斯珀蒙特	(德克薩斯州)	zh
https://zh.wikipedia.org/wiki/%E8%83%8C%E5%8F%9B%E7%9C%9F%E7%90%86%E7%9A%84%E4%BA%BA%E4%BB%AC	背叛真理的人们	en,fr,zh
https://fr.wikipedia.org/wiki/Abrus	Abrus	ar,en,es,fi,fr,it,sv,zh
https://sv.wikipedia.org/wiki/Fomitiporia	Fomitiporia	en,fi,sv,zh
https://fr.wikipedia.org/wiki/Oxford_University_Association_Football_Club	Oxford University Association Football Club	en,es,fi,fr,it,sv
https://zh.wikipedia.org/wiki/%E7%A7%8B%E5%A4%95_(%E6%9C%9D%E9%AE%AE%E5%8D%8A%E5%B3%B6)	秋夕 (朝鮮半島)	en,es,fr,it,sv,zh
https://zh.wikipedia.org/wiki/%E9%85%92%E7%94%B0%E5%B8%82	酒田市	ar,en,es,fi,fr,it,sv,zh
https://zh.wikipedia.org/wiki/%E9%A9%AC%E5%B0%94%E7%BB%B4%E5%B0%94	马尔维尔	en,es,fr,it,sv,zh
https://fr.wikipedia.org/wiki/Health_(groupe)	Health (groupe)	en,es,fi,fr,it,sv
https://en.wikipedia.org/wiki/HSC_Cs%C3%ADkszereda	HSC Csíkszereda	en,fi,fr,sv
https://sv.wikipedia.org/wiki/Lil_Dagover	Lil Dagover	ar,en,es,fi,fr,it,sv
https://fr.wikipedia.org/wiki/Mar%C3%ADa_Grever	María Grever	ar,en,es,fr,it,sv,zh
https://fr.wikipedia.org/wiki/Cap-Vert_aux_Jeux_olympiques	Cap-Vert aux Jeux olympiques	ar,en,es,fi,fr,it,sv,zh
https://zh.wikipedia.org/wiki/%E9%A9%AC%E9%B2%81%E7%93%A6%E5%8B%92%E5%A5%B6%E9%85%AA	马鲁瓦勒奶酪	en,es,fi,fr,it,zh
https://zh.wikipedia.org/wiki/%E5%8D%A1%E8%8E%B1%E5%B0%94%E6%B2%83%C2%B7%E5%8A%B3%E5%93%88%E6%8B%89	卡莱尔沃·劳哈拉	en,es,fi,fr,it,zh
https://en.wikipedia.org/wiki/Arcade_(architecture)	Arcade (architecture)	ar,en,es,fi,fr,it,sv,zh
https://fr.wikipedia.org/wiki/Dioumat%C3%A9n%C3%A9	Dioumaténé	en,es,fi,fr,it,zh
https://zh.wikipedia.org/wiki/%E5%B0%8F%E7%AB%B9%E9%BC%A0%E5%B1%AC	小竹鼠屬	en,es,fr,sv,zh
https://fr.wikipedia.org/wiki/Manteo	Manteo	ar,en,es,fr,it,sv,zh
https://zh.wikipedia.org/wiki/%E7%8D%B5%E8%B2%93%E7%A7%91	獵貓科	en,es,fi,fr,it,sv,zh
https://zh.wikipedia.org/wiki/%E5%A4%96%E4%BA%A4%E4%BB%A3%E8%A1%A8%E6%A9%9F%E6%A7%8B	外交代表機構	ar,en,es,fr,hi,it,sv,zh
https://sv.wikipedia.org/wiki/Magnar_Solberg	Magnar Solberg	en,es,fi,fr,it,sv,zh
https://fr.wikipedia.org/wiki/Kyle_Korver	Kyle Korver	ar,en,es,fi,fr,it,zh
https://sv.wikipedia.org/wiki/Alvignac	Alvignac	en,es,fr,it,sv,zh
https://sv.wikipedia.org/wiki/%C3%96gonh%C3%A5la	Ögonhåla	ar,en,es,fi,fr,it,sv,zh
https://sv.wikipedia.org/wiki/Emerging_Church	Emerging Church	en,es,fr,it,sv,zh
https://zh.wikipedia.org/wiki/%E9%98%BF%E6%96%AF%E9%A1%BF%C2%B7%E9%A9%AC%E4%B8%81V12_Vanquish	阿斯顿·马丁V12 Vanquish	ar,en,es,fi,fr,it,sv,zh
https://sv.wikipedia.org/wiki/Chichester,_New_Hampshire	Chichester, New Hampshire	ar,en,es,fr,it,sv
https://zh.wikipedia.org/wiki/%E5%90%95%E6%9E%97	吕林	ar,en,fi,fr,it,sv,zh
https://fr.wikipedia.org/wiki/%C3%82ge_d%27or_danois	Âge d'or danois	ar,en,es,fr,sv,zh
https://en.wikipedia.org/wiki/Andrei_Kravchuk	Andrei Kravchuk	ar,en,fi,fr,it,sv,zh
https://zh.wikipedia.org/wiki/%E5%8B%92%E8%92%99%E6%B3%B0%E4%BC%8A	勒蒙泰伊	en,es,fr,it,sv,zh
https://zh.wikipedia.org/wiki/%E5%BD%BC%E5%BE%97%E7%BD%97%C2%B7%E5%8D%97%E5%B0%BC	彼得罗·南尼	en,es,fi,fr,it,sv,zh
https://zh.wikipedia.org/wiki/%E6%A0%BC%E7%BE%85%E5%AF%A7%E6%A0%B9%E5%8D%9A%E7%89%A9%E9%A4%A8	格羅寧根博物館	ar,en,fr,it,sv,zh
https://zh.wikipedia.org/wiki/%E7%8E%89%E6%A0%91%E5%B8%82	玉树市	ar,en,es,fi,fr,it,sv,zh
https://fr.wikipedia.org/wiki/Feng_Kai	Feng Kai	ar,en,fr,it,sv,zh
https://fr.wikipedia.org/wiki/Bee_Train	Bee Train	ar,en,es,fr,it,zh
https://zh.wikipedia.org/wiki/%E5%8D%A1%E4%BC%A6%C2%B7%E7%8F%80%E8%A5%BF	卡伦·珀西	ar,en,es,fi,fr,it,sv,zh
https://zh.wikipedia.org/wiki/%E8%B0%A2%E5%B0%94%E7%9B%96%C2%B7%E5%B8%95%E6%8B%89%E6%9D%B0%E8%AF%BA%E5%A4%AB	谢尔盖·帕拉杰诺夫	ar,en,es,fi,fr,it,sv,zh
https://fr.wikipedia.org/wiki/Oudalan_(province)	Oudalan (province)	en,es,fi,fr,it,sv,zh
https://fr.wikipedia.org/wiki/Fredrikstad_FK	Fredrikstad FK	ar,en,es,fi,fr,it,sv,zh
https://zh.wikipedia.org/wiki/%E6%B5%B7%E6%B3%95%E5%A4%A7%E5%AD%A6	海法大学	ar,en,es,fi,fr,it,zh
https://sv.wikipedia.org/wiki/Alan_Rachins	Alan Rachins	en,fi,fr,it,sv
https://fr.wikipedia.org/wiki/(5412)_Rou	(5412) Rou	en,es,fr,it,sv,zh
https://fr.wikipedia.org/wiki/(661)_Cl%C3%A9lie	(661) Clélie	ar,en,es,fr,it,sv,zh
https://zh.wikipedia.org/wiki/%E5%9C%A3%E4%BE%9D%E8%A5%BF%E5%A4%9A%E7%A6%84%E5%A0%82_(%E7%BD%97%E9%A9%AC)	圣依西多禄堂 (罗马)	en,fr,it,sv,zh
https://zh.wikipedia.org/wiki/%E5%B7%B4%E8%B5%AB%E6%8B%89%E5%A7%86%E4%B8%80%E4%B8%96	巴赫拉姆一世	ar,en,es,fr,it,sv,zh
https://fr.wikipedia.org/wiki/Guillemot_de_Tro%C3%AFl	Guillemot de Troïl	ar,en,es,fi,fr,it,sv,zh
https://fr.wikipedia.org/wiki/Collage_(art)	Collage (art)	ar,en,es,fi,fr,it,sv,zh
https://sv.wikipedia.org/wiki/Middleham	Middleham	en,es,fr,it,sv,zh
https://zh.wikipedia.org/wiki/%E7%B4%84%E5%A7%86%E6%96%AF%E7%B6%AD%E4%BA%AC	約姆斯維京	en,es,fi,fr,it,sv,zh
https://zh.wikipedia.org/wiki/2013%E5%B9%B4%E4%BC%8A%E6%9C%97%E6%80%BB%E7%BB%9F%E9%80%89%E4%B8%BE	2013年伊朗总统选举	ar,en,es,fi,fr,it,sv,zh
https://fr.wikipedia.org/wiki/268_av._J.-C.	268 av. J.-C.	ar,en,es,fi,fr,it,sv,zh
https://zh.wikipedia.org/wiki/%E7%93%A6%E5%B0%94%E5%BE%B7%E9%9F%A6%E5%8B%92	瓦尔德韦勒	en,es,fr,it,sv,zh
https://zh.wikipedia.org/wiki/%E5%AE%B9%E5%85%8B%E9%87%8C	容克里	en,es,fr,it,sv,zh
https://fr.wikipedia.org/wiki/Alberto_Fouillioux	Alberto Fouillioux	en,es,fi,fr,it,sv
https://sv.wikipedia.org/wiki/8437_Bernicla	8437 Bernicla	en,fr,it,sv,zh
https://zh.wikipedia.org/wiki/%E5%8A%A0%E6%8B%89%E9%9C%8D%E5%A5%88%E5%9B%BD%E5%AE%B6%E5%85%AC%E5%9B%AD	加拉霍奈国家公园	en,es,fi,fr,it,sv,zh
https://sv.wikipedia.org/wiki/Theano_(filosof)	Theano (filosof)	en,es,fi,fr,it,sv
https://zh.wikipedia.org/wiki/%E5%9C%B0%E7%8B%B1_(%E5%B0%8F%E8%AF%B4)	地狱 (小说)	ar,en,es,fi,fr,it,sv,zh
https://sv.wikipedia.org/wiki/Laurance_Rockefeller	Laurance Rockefeller	en,es,fi,fr,sv
https://en.wikipedia.org/wiki/Frances_Farmer	Frances Farmer	ar,en,es,fi,fr,it,sv
https://fr.wikipedia.org/wiki/Pl%C3%A9iotropie	Pléiotropie	ar,en,es,fi,fr,it,sv,zh
https://sv.wikipedia.org/wiki/C%C3%B3rdobaemiratet	Córdobaemiratet	ar,en,es,fr,hi,it,sv,zh
https://sv.wikipedia.org/wiki/Uda_(kejsare)	Uda (kejsare)	en,es,fr,it,sv,zh
https://fr.wikipedia.org/wiki/Baseball-Reference.com	Baseball-Reference.com	ar,en,es,fr,zh
https://fr.wikipedia.org/wiki/Agastache	Agastache	ar,en,es,fi,fr,it,sv,zh
https://sv.wikipedia.org/wiki/Tuck_Everlasting	Tuck Everlasting	en,es,fr,it,sv
https://fr.wikipedia.org/wiki/Valeille_(Loire)	Valeille (Loire)	en,es,fr,it,sv,zh
https://sv.wikipedia.org/wiki/Litoria_rara	Litoria rara	en,es,fr,sv
https://sv.wikipedia.org/wiki/Sauga_kommun	Sauga kommun	en,es,fr,it,sv,zh
https://sv.wikipedia.org/wiki/Speichersdorf	Speichersdorf	ar,en,es,fr,it,sv,zh
https://zh.wikipedia.org/wiki/%E8%B5%AB%E5%B0%94%E6%9B%BC%C2%B7%E5%BC%97%E9%9B%B7%E6%B3%BD	赫尔曼·弗雷泽	ar,en,es,fi,fr,it,sv,zh
https://sv.wikipedia.org/wiki/Geoffroi_de_Villehardouin	Geoffroi de Villehardouin	en,es,fi,fr,it,sv,zh
https://zh.wikipedia.org/wiki/%E6%B3%95%E7%93%A6%E6%8B%89%E5%BE%B7%E6%8B%89%E9%87%8C%E9%9F%A6%E6%8B%89	法瓦拉德拉里韦拉	ar,en,es,fr,it,sv,zh
https://sv.wikipedia.org/wiki/Stahlberg	Stahlberg	en,es,fr,it,sv,zh
https://sv.wikipedia.org/wiki/Tucum%C3%A1ntangara	Tucumántangara	en,es,fi,fr,sv
https://zh.wikipedia.org/wiki/%E5%87%B9%E8%80%B3%E8%83%A1%E6%B9%8D%E8%9B%99	凹耳胡湍蛙	ar,en,es,fr,sv,zh
https://sv.wikipedia.org/wiki/HMY_Britannia	HMY Britannia	en,es,fi,fr,it,sv,zh
https://sv.wikipedia.org/wiki/Sydower_Flie%C3%9F	Sydower Fließ	en,es,fr,it,sv,zh
https://fr.wikipedia.org/wiki/The_Leftovers	The Leftovers	ar,en,es,fi,fr,it,sv
https://fr.wikipedia.org/wiki/FEAR_(jeu_vid%C3%A9o)	FEAR (jeu vidéo)	ar,en,es,fi,fr,it,sv,zh
https://zh.wikipedia.org/wiki/%E5%8D%A1%E9%BD%90%E7%BA%B3%E5%B7%9E	卡齐纳州	ar,en,es,fi,fr,hi,it,sv,zh
https://sv.wikipedia.org/wiki/Dave_Tippett	Dave Tippett	en,fi,fr,sv,zh
https://fr.wikipedia.org/wiki/Championnat_d%27Europe_f%C3%A9minin_de_handball_2016	Championnat d'Europe féminin de handball 2016	ar,en,es,fi,fr,it,sv
https://sv.wikipedia.org/wiki/Alemanner	Alemanner	ar,en,es,fi,fr,it,sv,zh
https://zh.wikipedia.org/wiki/%E9%A9%AC%E5%85%8B%C2%B7%E6%B2%83%E7%BA%B3	马克·沃纳	ar,en,es,fi,fr,it,sv,zh
https://sv.wikipedia.org/wiki/Choe_Ryong-hae	Choe Ryong-hae	en,es,fr,it,sv,zh
https://zh.wikipedia.org/wiki/%E4%B8%96%E7%95%8C%E5%9B%BD%E9%99%85%E8%B1%A1%E6%A3%8B%E8%81%94%E5%90%88%E4%BC%9A	世界国际象棋联合会	ar,en,es,fi,fr,hi,it,sv,zh
https://zh.wikipedia.org/wiki/%E6%8B%89%E6%B2%99%E4%BD%A9%E5%8B%92%E5%9B%BE%E9%98%BF%E7%BD%97	拉沙佩勒图阿罗	en,es,fr,it,sv,zh
https://zh.wikipedia.org/wiki/%E6%96%B0%E7%BC%AC%E8%8D%89%E5%B1%9E	新缬草属	ar,en,es,fi,fr,sv,zh
https://fr.wikipedia.org/wiki/Adriana_Lisboa	Adriana Lisboa	ar,en,es,fi,fr,sv
https://fr.wikipedia.org/wiki/Liaison_m%C3%A9tallique	Liaison métallique	ar,en,es,fi,fr,hi,it,sv,zh
https://en.wikipedia.org/wiki/Arts_and_Humanities_Citation_Index	Arts and Humanities Citation Index	en,es,fi,fr,it,zh
https://fr.wikipedia.org/wiki/Infiniti_G	Infiniti G	ar,en,es,fi,fr,zh
https://sv.wikipedia.org/wiki/Vaux-en-Ami%C3%A9nois	Vaux-en-Amiénois	en,es,fr,it,sv,zh
https://fr.wikipedia.org/wiki/Sminthuridae	Sminthuridae	en,es,fi,fr,it,sv
https://zh.wikipedia.org/wiki/VinFast	VinFast	ar,en,es,fi,fr,it,sv,zh
https://fr.wikipedia.org/wiki/Omega_Centauri	Omega Centauri	ar,en,es,fi,fr,it,sv,zh
https://fr.wikipedia.org/wiki/Corneille_%C3%A0_t%C3%AAte_brune	Corneille à tête brune	en,es,fi,fr,it,sv,zh
https://zh.wikipedia.org/wiki/%E5%9F%83%E5%85%8B%E6%A3%AE_(%E5%BE%B7%E5%9B%BD)	埃克森 (德国)	en,es,fr,it,sv,zh
https://sv.wikipedia.org/wiki/Hugh_Fraser	Hugh Fraser	ar,en,es,fi,fr,it,sv
https://sv.wikipedia.org/wiki/Amoncourt	Amoncourt	en,es,fr,it,sv,zh
https://zh.wikipedia.org/wiki/%E8%81%8C%E4%B8%9A%E6%9D%80%E6%89%8B_(%E7%94%B5%E5%BD%B1)	职业杀手 (电影)	en,es,fr,it,sv,zh
https://zh.wikipedia.org/wiki/%E9%94%A1%E4%BC%8A%E6%98%82%E5%8F%A4%E8%B4%B9%E6%81%A9	锡伊昂古费恩	en,es,fr,it,sv,zh
https://fr.wikipedia.org/wiki/Canon_EOS_70D	Canon EOS 70D	ar,en,es,fi,fr,it,sv,zh
https://fr.wikipedia.org/wiki/Nina_Curtis	Nina Curtis	ar,en,es,fr,sv,zh
https://zh.wikipedia.org/wiki/%E7%B4%84%E7%BF%B0%C2%B7%E8%8F%AF%E7%89%B9%E6%96%AF	約翰·華特斯	ar,en,es,fi,fr,it,sv,zh
https://en.wikipedia.org/wiki/Delta,_British_Columbia	Delta, British Columbia	ar,en,es,fi,fr,it,sv,zh
https://zh.wikipedia.org/wiki/%E9%98%BF%E7%88%BE%E5%A1%94%E8%BF%AA%E7%B4%8D_(%E5%8A%A0%E5%88%A9%E7%A6%8F%E5%B0%BC%E4%BA%9E%E5%B7%9E)	阿爾塔迪納 (加利福尼亞州)	en,es,fi,fr,it,sv,zh
https://en.wikipedia.org/wiki/Brothers_in_Arms_(album)	Brothers in Arms (album)	en,es,fi,fr,it,sv
https://en.wikipedia.org/wiki/Susan_Mayer	Susan Mayer	ar,en,es,fi,fr,it,sv,zh
https://fr.wikipedia.org/wiki/Al%C3%A9m_Para%C3%ADba	Além Paraíba	en,es,fr,it,sv,zh
https://fr.wikipedia.org/wiki/Ab%C3%A1dszal%C3%B3k	Abádszalók	en,es,fr,it,sv,zh
https://zh.wikipedia.org/wiki/%E4%B8%8A%E6%A2%85%E5%B0%94%E8%A5%BF	上梅尔西	en,es,fi,fr,it,sv,zh
https://zh.wikipedia.org/wiki/%E8%AD%A6%E5%AF%9F%E5%AD%A6%E6%A0%A1_(%E7%94%B5%E5%BD%B1)	警察学校 (电影)	ar,en,es,fi,fr,it,sv,zh
https://fr.wikipedia.org/wiki/Moshood_Abiola	Moshood Abiola	en,fi,fr,it,sv
https://zh.wikipedia.org/wiki/%E4%BF%AE%E8%BE%9E%E5%AD%A6	修辞学	ar,en,es,fi,fr,hi,it,sv,zh
https://zh.wikipedia.org/wiki/%E7%83%8F%E5%85%8B%E8%98%AD%E5%BA%AB%E9%82%A6	烏克蘭庫邦	en,es,fi,fr,it,zh
https://fr.wikipedia.org/wiki/Pachychilon_pictum	Pachychilon pictum	en,es,fr,it,sv,zh
https://zh.wikipedia.org/wiki/%E5%90%89%E5%88%97%E4%BD%93%E8%82%B2%E5%9C%BA	吉列体育场	ar,en,es,fi,fr,hi,it,sv,zh
https://fr.wikipedia.org/wiki/Oxycarenidae	Oxycarenidae	en,es,fr,it,sv,zh
https://sv.wikipedia.org/wiki/Microsoft_Edge	Microsoft Edge	ar,en,es,fi,fr,hi,it,sv,zh
https://en.wikipedia.org/wiki/Bombykol	Bombykol	ar,en,es,fi,fr,it,zh
https://fr.wikipedia.org/wiki/Emden_(1925)	Emden (1925)	ar,en,es,fi,fr,it,zh
https://en.wikipedia.org/wiki/Alborz_province	Alborz province	ar,en,es,fi,fr,hi,it,sv,zh
https://zh.wikipedia.org/wiki/%E8%8E%B1%E8%8C%B5%E6%B2%B3%E7%95%94%E9%98%BF%E5%B0%94%E8%8A%AC	莱茵河畔阿尔芬	ar,en,es,fi,fr,it,sv,zh
https://zh.wikipedia.org/wiki/%E5%9F%83%E9%BB%98%E8%8E%89%C2%B7%E8%B4%9D%E9%87%8C%E6%A0%BC%E4%BC%A6	埃默莉·贝里格伦	ar,en,fi,sv,zh
https://en.wikipedia.org/wiki/Mont%C3%A9gut-Arros	Montégut-Arros	en,es,fr,it,sv,zh
https://sv.wikipedia.org/wiki/Stryn	Stryn	en,fi,fr,sv
https://zh.wikipedia.org/wiki/%E6%8B%89%E7%88%BE%E5%A4%AB%C2%B7%E6%9E%97%E9%A0%93	拉爾夫·林頓	ar,en,es,fr,it,sv,zh
https://zh.wikipedia.org/wiki/%E5%8D%97%E5%8D%A1%E7%BD%97%E6%9D%A5%E7%BA%B3%E5%B7%9E%E5%8E%BF%E7%BA%A7%E8%A1%8C%E6%94%BF%E5%8C%BA%E5%88%97%E8%A1%A8	南卡罗来纳州县级行政区列表	en,es,fi,fr,it,sv,zh
https://en.wikipedia.org/wiki/Lapleau	Lapleau	en,es,fr,it,sv,zh
https://en.wikipedia.org/wiki/D%27oh-in%27_in_the_Wind	D'oh-in' in the Wind	en,es,fr,sv
https://sv.wikipedia.org/wiki/8_juli	8 juli	ar,en,es,fi,fr,hi,it,sv,zh
https://fr.wikipedia.org/wiki/Les_Larmes_d%27un_homme	Les Larmes d'un homme	ar,en,es,fi,fr,it,sv
https://sv.wikipedia.org/wiki/Rammelsberg	Rammelsberg	en,es,fi,fr,it,sv,zh
https://sv.wikipedia.org/wiki/Jelena_Naimusjina	Jelena Naimusjina	en,es,fi,fr,sv
https://zh.wikipedia.org/wiki/%E6%9F%A5%E5%B0%94%E6%96%AF%C2%B7%E5%8D%A1%E7%B1%B3%E8%8E%B1%E9%87%8C	查尔斯·卡米莱里	ar,en,fi,fr,zh
https://zh.wikipedia.org/wiki/%E6%9C%B4%E5%85%83%E6%B7%B3	朴元淳	en,es,fr,it,sv,zh
https://zh.wikipedia.org/wiki/%E9%AD%8F%E6%A0%B9%E6%B5%B7%E5%A7%86	魏根海姆	ar,en,es,fr,it,sv,zh
https://zh.wikipedia.org/wiki/%E8%82%89%E5%BA%A7%E8%8F%8C%E7%9B%AE	肉座菌目	ar,en,es,fi,fr,it,sv,zh
https://zh.wikipedia.org/wiki/%E9%94%A1%E4%BA%9A%E6%B6%85%E6%B2%B3%E7%95%94%E6%8B%89%E7%BD%97%E5%87%AF%E7%89%B9	锡亚涅河畔拉罗凯特	ar,en,es,fr,it,sv,zh
https://zh.wikipedia.org/wiki/%E6%97%A9%E5%B9%B4%E8%A1%B0%E8%80%81%E7%97%87%E5%80%99%E7%BE%A4	早年衰老症候群	ar,en,es,fi,fr,hi,it,sv,zh
https://zh.wikipedia.org/wiki/%E9%BB%98%E4%BC%A6%E5%B7%B4%E8%B5%AB	默伦巴赫	en,es,fr,it,sv,zh
https://sv.wikipedia.org/wiki/Sous-Parsat	Sous-Parsat	en,es,fr,it,sv,zh
https://fr.wikipedia.org/wiki/Harpyia	Harpyia	en,fr,sv,zh
https://en.wikipedia.org/wiki/Modern_pentathlon	Modern pentathlon	ar,en,es,fi,fr,it,sv,zh
https://zh.wikipedia.org/wiki/1996%E5%B9%B4%E6%AC%A7%E6%B4%B2%E8%B6%B3%E7%90%83%E9%94%A6%E6%A0%87%E8%B5%9B%E9%A2%84%E9%80%89%E8%B5%9B	1996年欧洲足球锦标赛预选赛	en,es,fr,it,sv,zh
https://fr.wikipedia.org/wiki/Torey_Hayden	Torey Hayden	en,fi,fr,it,sv
https://sv.wikipedia.org/wiki/Tandrot_(v%C3%A4xt)	Tandrot (växt)	en,fi,fr,it,sv
https://sv.wikipedia.org/wiki/Daler_Mehndi	Daler Mehndi	ar,en,es,fi,fr,hi,it,sv,zh
https://fr.wikipedia.org/wiki/24,_promenade_Sussex	24, promenade Sussex	en,fi,fr,it,zh
https://en.wikipedia.org/wiki/Flag_and_coat_of_arms_of_Terengganu	Flag and coat of arms of Terengganu	en,fi,zh
https://zh.wikipedia.org/wiki/%E5%85%8B%E5%88%A9%E7%A6%8F%E5%BE%B7%C2%B7%E6%B2%99%E5%B0%94	克利福德·沙尔	ar,en,es,fi,fr,it,sv,zh
https://en.wikipedia.org/wiki/Aulavik_National_Park	Aulavik National Park	en,es,fr,it,sv,zh
https://zh.wikipedia.org/wiki/%E5%9F%83%E7%88%BE%E6%B3%A2%E7%88%BE%E8%B2%9D%E5%B0%BC%E7%88%BE_(%E5%BC%97%E6%9C%97%E8%A5%BF%E6%96%AF%E7%A7%91-%E8%8E%AB%E6%8B%89%E6%A1%91%E7%9C%81)	埃爾波爾貝尼爾 (弗朗西斯科-莫拉桑省)	en,es,fr,it,sv,zh
https://fr.wikipedia.org/wiki/Saint-Porquier	Saint-Porquier	en,es,fr,it,sv,zh
https://en.wikipedia.org/wiki/Monterchi	Monterchi	ar,en,es,fr,it,sv,zh
https://zh.wikipedia.org/wiki/%E9%98%BF%E7%99%BB%E6%AF%94%E7%89%B9%E5%B0%94	阿登比特尔	ar,en,es,fr,it,sv,zh
https://fr.wikipedia.org/wiki/Uta_Hagen	Uta Hagen	en,es,fr,it,sv,zh
https://fr.wikipedia.org/wiki/Mouvement_de_transformation_africain	Mouvement de transformation africain	en,fr,it,sv,zh
https://en.wikipedia.org/wiki/Keepalive	Keepalive	en,fr,zh
https://en.wikipedia.org/wiki/Boma_Airport	Boma Airport	en,fr,sv
https://zh.wikipedia.org/wiki/%E5%86%9B%E6%B0%91%E4%B8%A4%E7%94%A8	军民两用	ar,en,fi,fr,it,zh
https://fr.wikipedia.org/wiki/Isolobodon_portoricensis	Isolobodon portoricensis	en,es,fi,fr,it,sv,zh
https://zh.wikipedia.org/wiki/%E5%B1%88%E9%9F%A6%E5%B0%94%E5%B0%BC%E7%BF%81	屈韦尔尼翁	en,es,fr,it,sv,zh
https://en.wikipedia.org/wiki/Canavanine	Canavanine	en,es,fi,fr,it,zh
https://zh.wikipedia.org/wiki/%E8%BF%B7%E4%BD%A0%E7%BA%A2%E7%99%BD%E6%9C%BA	迷你红白机	ar,en,es,fi,fr,it,sv,zh
https://zh.wikipedia.org/wiki/%E5%B7%B4%E7%A5%96%E7%83%AD	巴祖热	en,es,fr,it,sv,zh
https://zh.wikipedia.org/wiki/%E5%B8%9D%E5%9B%BD	帝国	ar,en,es,fi,fr,hi,it,sv,zh
https://zh.wikipedia.org/wiki/%E9%98%BF%E5%8D%9C%E6%9D%9C%E6%8B%89%E8%B5%AB%E6%9B%BC%C2%B7%E9%98%BF%E9%87%8C%E5%A4%AB	阿卜杜拉赫曼·阿里夫	ar,en,es,fi,fr,it,sv,zh
https://en.wikipedia.org/wiki/Richard_Layard,_Baron_Layard	Richard Layard, Baron Layard	ar,en,fi,fr,it,sv,zh
https://fr.wikipedia.org/wiki/Nocera_Terinese	Nocera Terinese	en,es,fr,it,sv,zh
https://fr.wikipedia.org/wiki/Aesculus_hippocastanum	Aesculus hippocastanum	ar,en,es,fi,fr,it,sv,zh
https://zh.wikipedia.org/wiki/%E5%B0%8F%E8%A1%8C%E6%98%9F5757	小行星5757	en,es,fr,it,sv,zh
https://zh.wikipedia.org/wiki/%E7%BA%B3%E7%93%A6%E5%BE%B7%E5%A4%AB%E5%85%B0%E8%A5%BF%E4%BA%9A	纳瓦德夫兰西亚	en,es,fr,it,sv,zh
https://fr.wikipedia.org/wiki/Gar%C3%A9oult	Garéoult	en,es,fr,it,sv,zh
https://zh.wikipedia.org/wiki/%E5%8D%A1%E7%88%BE%E6%96%AF%E5%B7%B4%E5%BE%B7%E6%B1%BA%E8%AD%B0	卡爾斯巴德決議	en,es,fi,fr,it,sv,zh
https://fr.wikipedia.org/wiki/Occupation_du_Japon	Occupation du Japon	ar,en,es,fi,fr,it,sv,zh
https://zh.wikipedia.org/wiki/%E7%93%A6%E7%9B%A7%E6%96%AF	瓦盧斯	ar,en,es,fi,fr,it,sv,zh
https://en.wikipedia.org/wiki/Royal_Theater_Carr%C3%A9	Royal Theater Carré	en,fr,it,zh
https://en.wikipedia.org/wiki/Helgoland-class_battleship	Helgoland-class battleship	en,es,fi,fr,it,zh
https://zh.wikipedia.org/wiki/%E7%8E%B3%E7%91%81	玳瑁	ar,en,es,fi,fr,it,sv,zh
https://zh.wikipedia.org/wiki/%E6%B3%B0%E5%A1%94%E6%BA%AB%E7%9C%81	泰塔溫省	ar,en,es,fi,fr,it,sv,zh
https://fr.wikipedia.org/wiki/Ethel_Smyth	Ethel Smyth	ar,en,es,fi,fr,it,sv,zh
https://en.wikipedia.org/wiki/Linda_Pritchard	Linda Pritchard	en,fr,sv
https://zh.wikipedia.org/wiki/%E4%B8%B9%E5%B0%BC%E6%96%AF%C2%B7%E6%B3%A2%E5%88%A9%E4%BA%9E%E7%A7%91%E5%A4%AB	丹尼斯·波利亞科夫	ar,en,es,fi,fr,it,sv,zh
https://fr.wikipedia.org/wiki/Haplochromis_azureus	Haplochromis azureus	en,es,fr,sv,zh
https://en.wikipedia.org/wiki/Marcelinho_Carioca	Marcelinho Carioca	ar,en,es,fi,fr,it,sv,zh
https://sv.wikipedia.org/wiki/Den_tunna_r%C3%B6da_linjen	Den tunna röda linjen	ar,en,es,fi,fr,it,sv,zh
https://sv.wikipedia.org/wiki/F%C3%A4ltkrabbspindel	Fältkrabbspindel	en,es,fr,sv,zh
https://fr.wikipedia.org/wiki/271	271	ar,en,es,fi,fr,it,sv,zh
https://sv.wikipedia.org/wiki/Sagar	Sagar	en,es,fi,fr,hi,it,sv,zh
https://sv.wikipedia.org/wiki/The_Fratellis	The Fratellis	en,es,fi,fr,it,sv
https://sv.wikipedia.org/wiki/Houilles	Houilles	ar,en,es,fr,it,sv,zh
https://sv.wikipedia.org/wiki/Catunda	Catunda	en,fr,it,sv,zh
https://fr.wikipedia.org/wiki/Belleville-en-Caux	Belleville-en-Caux	en,es,fr,it,sv,zh
https://fr.wikipedia.org/wiki/Tateyama	Tateyama	ar,en,es,fi,fr,it,sv,zh
https://en.wikipedia.org/wiki/S%C3%A1ndor_Palace,_Budapest	Sándor Palace, Budapest	en,es,fr,it,zh
https://zh.wikipedia.org/wiki/%E8%8D%B7%E5%85%B0%E4%B8%AD%E5%A4%AE%E9%93%B6%E8%A1%8C	荷兰中央银行	ar,en,es,fi,fr,it,sv,zh
https://sv.wikipedia.org/wiki/Rade_Kruni%C4%87	Rade Krunić	ar,en,es,fi,fr,it,sv,zh
https://en.wikipedia.org/wiki/Wasenbach	Wasenbach	en,es,fr,it,sv,zh
https://fr.wikipedia.org/wiki/Pauline_Hammarlund	Pauline Hammarlund	en,es,fr,it,sv,zh
https://sv.wikipedia.org/wiki/Herrarnas_turnering_i_handboll_vid_olympiska_sommarspelen_2016	Herrarnas turnering i handboll vid olympiska sommarspelen 2016	ar,en,es,fi,fr,it,sv,zh
https://en.wikipedia.org/wiki/Chabet_el_Ameur	Chabet el Ameur	ar,en,es,fr,it,sv
https://sv.wikipedia.org/wiki/Farrukhabad	Farrukhabad	ar,en,es,fr,hi,it,sv,zh
https://en.wikipedia.org/wiki/Argentiniformes	Argentiniformes	ar,en,es,fi,it,sv,zh
https://fr.wikipedia.org/wiki/Tiburtino	Tiburtino	en,fr,it,sv,zh
https://zh.wikipedia.org/wiki/%E5%BF%83%E6%99%BA%E6%A8%A1%E5%9E%8B	心智模型	ar,en,es,fr,sv,zh
https://fr.wikipedia.org/wiki/Thasos_(%C3%AEle)	Thasos (île)	ar,en,es,fi,fr,it,sv,zh
https://fr.wikipedia.org/wiki/Henrik_Rydstr%C3%B6m	Henrik Rydström	en,fi,fr,it,sv
https://fr.wikipedia.org/wiki/Atypus_karschi	Atypus karschi	en,es,fr,it,sv,zh
https://fr.wikipedia.org/wiki/Pentastomida	Pentastomida	ar,en,es,fi,fr,it,sv,zh
https://zh.wikipedia.org/wiki/%E8%90%A8%E8%8E%AB%E5%A5%88%E4%BA%BA	萨莫奈人	ar,en,es,fi,fr,it,sv,zh
https://fr.wikipedia.org/wiki/Jaume_Dom%C3%A9nech	Jaume Doménech	ar,en,es,fi,fr,it,sv,zh
https://zh.wikipedia.org/wiki/%E7%BD%97%E8%90%A8%E9%87%8C%E5%A5%A5	罗萨里奥	ar,en,es,fi,fr,it,sv,zh
https://en.wikipedia.org/wiki/Ernest_Cole_(photographer)	Ernest Cole (photographer)	ar,en,fr,sv
https://en.wikipedia.org/wiki/Irani_River	Irani River	en,es,fr,sv
https://zh.wikipedia.org/wiki/%E7%8A%AF%E7%BD%AA%E4%BE%A6%E6%9F%A5%E5%AD%A6	犯罪侦查学	en,es,fr,sv,zh
https://sv.wikipedia.org/wiki/Den_nikomachiska_etiken	Den nikomachiska etiken	ar,en,es,fi,fr,hi,it,sv,zh
https://zh.wikipedia.org/wiki/%E7%BE%8E%E9%BA%97%E8%B9%BA%E4%BD%B3%E4%BA%BA	美麗蹺佳人	ar,en,es,fi,fr,it,sv,zh
https://zh.wikipedia.org/wiki/%E5%B8%83%E9%9B%B7%E8%90%A8%E7%BA%B3%E5%8D%9A%E5%A1%94%E7%BD%97%E5%86%85	布雷萨纳博塔罗内	ar,en,es,fr,it,sv,zh
https://zh.wikipedia.org/wiki/%E5%90%90%E9%B2%81%E7%95%AA%E5%B8%82	吐鲁番市	ar,en,es,fi,fr,hi,it,sv,zh
https://fr.wikipedia.org/wiki/Villar_San_Costanzo	Villar San Costanzo	ar,en,es,fi,fr,it,sv,zh
https://sv.wikipedia.org/wiki/%C4%90%E1%BA%B7ng_Th%E1%BB%8B_Ng%E1%BB%8Dc_Th%E1%BB%8Bnh	Đặng Thị Ngọc Thịnh	ar,en,es,fr,it,sv,zh
https://zh.wikipedia.org/wiki/%E5%86%85%E8%BF%88%E7%89%B9%E5%87%AF%E5%B0%94	内迈特凯尔	en,fr,it,sv,zh
https://en.wikipedia.org/wiki/Them_(2006_film)	Them (2006 film)	en,fi,fr,it
https://zh.wikipedia.org/wiki/Hear,_hear	Hear, hear	en,fi,fr,zh
https://fr.wikipedia.org/wiki/Murero	Murero	ar,en,es,fr,it,sv,zh
https://en.wikipedia.org/wiki/French_paradox	French paradox	ar,en,es,fr,it,zh
https://sv.wikipedia.org/wiki/H-motor	H-motor	ar,en,es,fr,it,sv,zh
https://sv.wikipedia.org/wiki/Everton_LFC	Everton LFC	ar,en,es,fi,fr,it,sv,zh
https://zh.wikipedia.org/wiki/%E8%89%BE%E5%8A%9B%E5%85%8B%E6%96%AF%C2%B7%E5%B8%83%E8%90%8A%E6%A0%BC%E6%9B%BC	艾力克斯·布萊格曼	en,fr,it,sv,zh
https://fr.wikipedia.org/wiki/Ch%C3%A2tillon-sous-les-C%C3%B4tes	Châtillon-sous-les-Côtes	en,es,fr,it,sv,zh
https://zh.wikipedia.org/wiki/%E5%85%8B%E7%B6%AD%E7%89%B9%E7%B6%8F	克維特綏	en,es,fi,fr,it,sv,zh
https://sv.wikipedia.org/wiki/Real_Madrid_Castilla	Real Madrid Castilla	ar,en,es,fi,fr,it,sv,zh
https://en.wikipedia.org/wiki/Marquess_Ai_of_Han	Marquess Ai of Han	en,zh
https://zh.wikipedia.org/wiki/%E6%9D%9C%E5%9D%8E%E7%BA%A4%E9%A3%9F%E6%B3%95	杜坎纤食法	ar,en,es,fi,fr,zh
https://zh.wikipedia.org/wiki/%E7%BE%8E%E5%9B%BD%E6%B0%91%E6%97%8F%E5%AD%A6%E5%B1%80	美国民族学局	en,fr,sv,zh
https://en.wikipedia.org/wiki/Arajadzor,_Nagorno-Karabakh	Arajadzor, Nagorno-Karabakh	en,fr,it,sv
https://zh.wikipedia.org/wiki/%E5%BF%8D%E6%9C%AF	忍术	ar,en,es,fi,fr,it,sv,zh
https://en.wikipedia.org/wiki/Port_Wentworth,_Georgia	Port Wentworth, Georgia	ar,en,es,fr,it,sv,zh
https://fr.wikipedia.org/wiki/Vilvorde	Vilvorde	ar,en,es,fr,it,sv,zh
https://fr.wikipedia.org/wiki/Cadeilhan-Trach%C3%A8re	Cadeilhan-Trachère	en,es,fr,it,sv,zh
https://en.wikipedia.org/wiki/Diane_Valkenburg	Diane Valkenburg	en,es,fi,fr,it
https://fr.wikipedia.org/wiki/Seimu	Seimu	ar,en,es,fi,fr,it,sv,zh
https://en.wikipedia.org/wiki/Tobias_Karlsson_(handballer)	Tobias Karlsson (handballer)	ar,en,es,fr,it,sv,zh
https://sv.wikipedia.org/wiki/Fj%C3%A4llglim	Fjällglim	ar,en,es,fi,fr,it,sv
https://fr.wikipedia.org/wiki/Britney	Britney	ar,en,es,fi,fr,it,sv,zh
https://zh.wikipedia.org/wiki/%E8%82%BA%E7%A7%BB%E6%A4%8D	肺移植	ar,en,es,fi,fr,hi,it,zh
https://sv.wikipedia.org/wiki/Manly,_Iowa	Manly, Iowa	ar,en,es,fr,it,sv,zh
https://zh.wikipedia.org/wiki/%E4%BC%8A%E6%96%AF%E7%89%B9%E6%8B%89%E5%8D%8A%E5%B3%B6	伊斯特拉半岛	ar,en,es,fi,fr,it,sv,zh
https://sv.wikipedia.org/wiki/V%C3%A4rldsm%C3%A4sterskapen_i_taekwondo	Världsmästerskapen i taekwondo	ar,en,es,fr,it,sv,zh
https://en.wikipedia.org/wiki/El_Mercurio_de_Valpara%C3%ADso	El Mercurio de Valparaíso	en,es,fr,sv
https://fr.wikipedia.org/wiki/Hornbach_(ville)	Hornbach (ville)	ar,en,fr,it,sv,zh
https://zh.wikipedia.org/wiki/%E9%BB%98%E6%A0%BC%E6%9E%97%E6%A0%B9	默格林根	en,es,fr,it,sv,zh
https://sv.wikipedia.org/wiki/Chun_Jung-myung	Chun Jung-myung	ar,en,es,fi,fr,it,sv,zh
https://sv.wikipedia.org/wiki/Benny_Benassi	Benny Benassi	ar,en,es,fi,fr,it,sv,zh
https://fr.wikipedia.org/wiki/Fraction_unitaire	Fraction unitaire	ar,en,es,fi,fr,hi,it,zh
https://zh.wikipedia.org/wiki/%E5%A3%AE%E8%9F%B9%E8%9B%9B%E5%B1%9E	壮蟹蛛属	en,es,fr,it,sv,zh
https://zh.wikipedia.org/wiki/%E8%B4%BE%E6%9E%97%C2%B7%E6%89%80%E7%BD%97%E9%97%A8	贾林·所罗门	en,es,fi,fr,it,sv,zh
https://zh.wikipedia.org/wiki/%E6%96%B0%E5%A0%A1-%E6%97%A7%E5%9F%8E	新堡-旧城	ar,en,es,fr,it,sv,zh
https://en.wikipedia.org/wiki/Irrawaddy_River	Irrawaddy River	ar,en,es,fi,fr,hi,it,sv,zh
https://zh.wikipedia.org/wiki/%E9%98%BF%E8%BE%BE%E6%B2%B3%E7%95%94%E5%8D%A1%E5%8D%A2%E6%96%AF%E7%A7%91	阿达河畔卡卢斯科	en,es,fr,it,sv,zh
https://zh.wikipedia.org/wiki/%E6%96%BD%E6%B3%B0%E5%B0%94%E9%A9%AC%E5%85%8B%E5%B7%9E%E9%AD%8F%E6%96%AF%E5%9F%BA%E5%85%B4	施泰尔马克州魏斯基兴	en,es,fr,it,sv,zh
https://fr.wikipedia.org/wiki/Fuligo_septica	Fuligo septica	en,es,fi,fr,it,sv
https://zh.wikipedia.org/wiki/%E7%BD%97%E7%89%B9%E5%B7%B4%E5%85%8B	罗特巴克	ar,en,es,fr,it,sv,zh
https://zh.wikipedia.org/wiki/2018%E5%B9%B4%E4%B8%AD%E5%9C%8B%E5%A4%A7%E7%8D%8E%E8%B3%BD	2018年中國大獎賽	ar,en,es,fi,fr,it,sv,zh
https://fr.wikipedia.org/wiki/Dissidia:_Final_Fantasy	Dissidia: Final Fantasy	ar,en,es,fi,fr,it,sv,zh
https://zh.wikipedia.org/wiki/%E5%9B%BE%E5%8F%99%E5%8B%92%E8%AF%BA%E5%B8%83%E5%8B%92	图叙勒诺布勒	en,es,fi,fr,it,sv,zh
https://zh.wikipedia.org/wiki/%E5%AE%97%E5%BA%A7%E9%A2%9D%E6%88%91%E7%95%A5%E5%A4%A7%E5%AD%A6	宗座额我略大学	ar,en,es,fr,it,sv,zh
https://fr.wikipedia.org/wiki/G%C3%B6d%C3%B6ll%C5%91	Gödöllő	ar,en,es,fi,fr,it,sv,zh
https://zh.wikipedia.org/wiki/%E5%BE%B7%E5%93%88%E7%B6%AD%E8%98%AD%E5%8A%A0%E6%8B%BF%E5%A4%A7DHC-8	德哈維蘭加拿大DHC-8	ar,en,es,fi,fr,it,sv,zh
https://fr.wikipedia.org/wiki/Folding@home	Folding@home	ar,en,es,fi,fr,it,sv,zh
https://zh.wikipedia.org/wiki/%E5%8D%9A%E7%88%BE%E9%A6%AC%E9%87%8C%E7%83%8F%E5%B8%95%E9%BD%8A%E6%8B%89	博爾馬里烏帕齊拉	en,fr,hi,it,sv,zh
https://sv.wikipedia.org/wiki/Rakke_kommun	Rakke kommun	en,fr,it,sv,zh
https://sv.wikipedia.org/wiki/PJAK	PJAK	ar,en,es,fr,it,sv,zh
https://sv.wikipedia.org/wiki/41_(tal)	41 (tal)	ar,en,es,fi,fr,it,sv,zh
https://sv.wikipedia.org/wiki/Munic%C3%ADpio_Namacunde	Município Namacunde	en,es,fi,it,sv,zh
https://zh.wikipedia.org/wiki/%E6%95%98%E5%88%A9%E4%BA%9E%E5%9F%BA%E7%9D%A3%E6%95%99	敘利亞基督教	ar,en,es,fi,hi,it,sv,zh
https://sv.wikipedia.org/wiki/Douglas_County,_Georgia	Douglas County, Georgia	ar,en,es,fr,it,sv,zh
https://sv.wikipedia.org/wiki/Carlo_Gozzi	Carlo Gozzi	ar,en,es,fi,fr,it,sv,zh
https://fr.wikipedia.org/wiki/Gordon_Strachan	Gordon Strachan	ar,en,es,fi,fr,it,sv,zh
https://zh.wikipedia.org/wiki/%E6%B1%89%E5%86%85%E6%96%AF%C2%B7%E9%9C%8D%E5%B0%94%E5%A7%86	汉内斯·霍尔姆	ar,en,fr,it,sv,zh
https://en.wikipedia.org/wiki/Entomobrya	Entomobrya	ar,en,es,fr,sv
https://fr.wikipedia.org/wiki/La_Robine-sur-Galabre	La Robine-sur-Galabre	en,es,fr,it,sv,zh
https://fr.wikipedia.org/wiki/Sagrada_Fam%C3%ADlia_(Rio_Grande_do_Sul)	Sagrada Família (Rio Grande do Sul)	en,es,fr,it,sv,zh
https://zh.wikipedia.org/wiki/1994%E5%B9%B4%E5%8C%97%E5%B2%AD%E5%9C%B0%E9%9C%87	1994年北岭地震	ar,en,es,fi,fr,it,zh
https://zh.wikipedia.org/wiki/%E5%B0%A4%E9%87%8C%C2%B7%E5%8A%A0%E6%B4%A5%E6%96%AF%E5%9F%BA	尤里·加津斯基	ar,en,es,fr,it,sv,zh
https://zh.wikipedia.org/wiki/%E4%BA%9A%E5%8E%86%E5%B1%B1%E5%BE%B7%E7%BD%97%C2%B7%E6%99%AE%E5%A5%87%E5%B0%BC	亚历山德罗·普奇尼	en,es,fi,fr,it,sv,zh
https://zh.wikipedia.org/wiki/%E9%98%BF%E7%99%BB-%E9%98%BF%E5%87%B1%E5%BE%B7_(%E5%8A%A0%E5%88%A9%E7%A6%8F%E5%B0%BC%E4%BA%9E%E5%B7%9E)	阿登-阿凱德 (加利福尼亞州)	en,es,fr,it,sv,zh
https://zh.wikipedia.org/wiki/%E9%98%BF%E6%9B%BC%E8%BE%BE%E7%A7%80	阿曼达秀	ar,en,es,fr,it,sv,zh
https://sv.wikipedia.org/wiki/Condette	Condette	ar,en,es,fr,it,sv,zh
https://zh.wikipedia.org/wiki/%E5%A4%A9%E7%90%86_(%E5%84%92%E5%AE%B6)	天理 (儒家)	en,fi,sv,zh
https://fr.wikipedia.org/wiki/Paire_de_bases	Paire de bases	ar,en,es,fi,fr,it,sv,zh
https://fr.wikipedia.org/wiki/111_West_57th_Street	111 West 57th Street	ar,en,es,fi,fr,it,sv,zh
https://en.wikipedia.org/wiki/Neolana	Neolana	en,es,fr,sv
https://en.wikipedia.org/wiki/Apsilus	Apsilus	en,fr,sv
https://sv.wikipedia.org/wiki/Plastic_Letters	Plastic Letters	en,es,fi,fr,it,sv
https://fr.wikipedia.org/wiki/Cirrostratus	Cirrostratus	ar,en,es,fi,fr,hi,it,sv,zh
https://en.wikipedia.org/wiki/R%C3%B3ger_Guedes	Róger Guedes	ar,en,es,fr,it,zh
https://zh.wikipedia.org/wiki/186%E5%B9%B4	186年	ar,en,es,fi,fr,it,sv,zh
https://sv.wikipedia.org/wiki/Guillaume_Bud%C3%A9	Guillaume Budé	ar,en,es,fi,fr,it,sv,zh
https://sv.wikipedia.org/wiki/Gammelstaden,_Helsingfors	Gammelstaden, Helsingfors	en,fi,fr,sv
https://zh.wikipedia.org/wiki/%E7%B1%B3%E8%8E%B1%E6%89%98	米莱托	ar,en,es,fr,it,sv,zh
https://zh.wikipedia.org/wiki/%E5%88%86%E5%AD%90%E7%94%9F%E7%89%A9%E5%AD%A6	分子生物学	ar,en,es,fi,fr,hi,it,sv,zh
https://zh.wikipedia.org/wiki/%E4%B8%B9%C2%B7%E8%98%AD%E6%A0%BC%E5%80%AB	丹·蘭格倫	en,fr,it,sv,zh
https://sv.wikipedia.org/wiki/Mutoskop	Mutoskop	ar,en,es,fi,fr,sv
https://hi.wikipedia.org/wiki/%E0%A4%AE%E0%A5%80%E0%A4%A8%E0%A4%BE%E0%A4%AC	मीनाब	ar,en,fr,hi,it,sv,zh
https://ar.wikipedia.org/wiki/%D8%AA%D8%A7%D8%A8%D9%88_%D8%A5%D9%8A%D9%85%D8%A8%D9%8A%D9%83%D9%8A	تابو إيمبيكي	ar,en,es,fi,fr,hi,it,sv,zh
https://ar.wikipedia.org/wiki/%D8%AC%D8%B1%D9%81%D9%8A%D9%86%D9%8A%D9%88	جرفينيو	ar,en,es,fi,fr,it,sv,zh
https://hi.wikipedia.org/wiki/%E0%A4%B8%E0%A5%88%E0%A4%95%E0%A5%8D%E0%A4%B0%E0%A4%BE%E0%A4%AE%E0%A5%87%E0%A4%82%E0%A4%9F%E0%A5%8B_%E0%A4%95%E0%A4%BF%E0%A4%82%E0%A4%97%E0%A5%8D%E0%A4%B8	सैक्रामेंटो किंग्स	ar,en,es,fi,fr,hi,it,sv,zh
https://ar.wikipedia.org/wiki/%D9%83%D9%8A%D8%B1%D9%83%D9%88%D9%86%D9%88%D9%85%D9%8A	كيركونومي	ar,en,es,fi,fr,it,sv,zh
https://fr.wikipedia.org/wiki/Effet_Jahn-Teller	Effet Jahn-Teller	ar,en,es,fi,fr,it,zh
https://hi.wikipedia.org/wiki/%E0%A4%B2%E0%A4%BE_%E0%A4%B2%E0%A5%8D%E0%A4%B2%E0%A5%8B%E0%A4%B0%E0%A5%8B%E0%A4%A8%E0%A4%BE	ला ल्लोरोना	ar,en,es,fi,fr,hi,it,zh
https://ar.wikipedia.org/wiki/%D9%85%D9%81%D8%A7%D8%B1%D9%82%D8%A9_%D8%B3%D9%85%D8%A8%D8%B3%D9%88%D9%86	مفارقة سمبسون	ar,en,es,fi,fr,it,sv,zh
https://hi.wikipedia.org/wiki/%E0%A4%AF%E0%A5%82%E0%A4%88%E0%A4%8F%E0%A4%AB%E0%A4%8F_%E0%A4%AF%E0%A5%82%E0%A4%B0%E0%A5%8B%E0%A4%AA%E0%A4%BE_%E0%A4%B2%E0%A5%80%E0%A4%97	यूईएफए यूरोपा लीग	ar,en,es,fi,fr,hi,it,sv,zh
https://fr.wikipedia.org/wiki/Gouvernement_de_Samara	Gouvernement de Samara	en,es,fi,fr,it,sv,zh
https://fr.wikipedia.org/wiki/Radar_%C3%A0_synth%C3%A8se_d%27ouverture	Radar à synthèse d'ouverture	ar,en,es,fi,fr,hi,it,sv,zh
https://ar.wikipedia.org/wiki/%D9%83%D8%A7%D9%84%D9%88%D9%85_%D8%AA%D9%88%D8%B1%D9%86%D8%B1	كالوم تورنر	ar,en,es,fr,it,sv,zh
https://ar.wikipedia.org/wiki/%D8%B1%D9%82%D8%B5%D8%A9_%D8%A7%D9%84%D9%85%D8%B7%D8%B1	رقصة المطر	ar,en,es,fi,fr,it,sv,zh
https://ar.wikipedia.org/wiki/%D8%AB%D9%8A%D9%88%D8%AF%D9%88%D8%B1%D8%A7_(%D8%B2%D9%88%D8%AC%D8%A9_%D8%AB%D9%8A%D9%88%D9%81%D9%8A%D9%84%D9%88%D8%B3)	ثيودورا (زوجة ثيوفيلوس)	ar,en,es,fi,fr,it,sv,zh
https://hi.wikipedia.org/wiki/%E0%A4%AF%E0%A5%8B%E0%A4%B9%E0%A4%BE%E0%A4%A8_%E0%A4%B8%E0%A5%87%E0%A4%AC%E0%A4%BE%E0%A4%B8%E0%A5%8D%E0%A4%A4%E0%A4%BF%E0%A4%AF%E0%A4%A8_%E0%A4%AC%E0%A4%BE%E0%A4%96%E0%A4%BC	योहान सेबास्तियन बाख़	ar,en,es,fi,fr,hi,it,sv,zh
https://ar.wikipedia.org/wiki/%D9%87%D9%8A%D8%B1%D8%A8%D9%8A:_%D9%81%D9%88%D9%84%D9%8A_%D9%84%D9%88%D8%AF%D9%8A%D8%AF	هيربي: فولي لوديد	ar,en,es,fi,fr,it,sv
https://hi.wikipedia.org/wiki/%E0%A4%A6%E0%A5%80_%E0%A4%8F%E0%A4%9C_%E0%A4%91%E0%A4%AB%E0%A4%BC_%E0%A4%B0%E0%A5%80%E0%A4%9C%E0%A4%BC%E0%A4%A8	दी एज ऑफ़ रीज़न	ar,en,es,fi,fr,hi,it
https://ar.wikipedia.org/wiki/%D8%B9%D8%AB%D8%A9_%D8%B0%D8%A7%D8%AA_%D9%82%D9%86%D8%A8%D8%B1%D8%A9	عثة ذات قنبرة	ar,en,es,fr,it,sv,zh
https://ar.wikipedia.org/wiki/%D9%81%D8%B1%D9%86%D8%A7%D9%86%D8%AF%D9%88_%D9%83%D9%88%D8%AA%D9%88	فرناندو كوتو	ar,en,es,fi,fr,it,sv
https://ar.wikipedia.org/wiki/%D8%B9%D8%AF%D8%AF_%D8%B5%D8%AD%D9%8A%D8%AD_%D8%AE%D8%A7%D9%84_%D9%85%D9%86_%D8%A7%D9%84%D9%85%D8%B1%D8%A8%D8%B9%D8%A7%D8%AA	عدد صحيح خال من المربعات	ar,en,es,fr,it,sv,zh
https://fr.wikipedia.org/wiki/Denise_Hinrichs	Denise Hinrichs	ar,en,es,fi,fr,it,sv
https://hi.wikipedia.org/wiki/%E0%A4%9A%E0%A5%87%E0%A4%82%E0%A4%97%E0%A4%A6%E0%A5%82	चेंगदू	ar,en,es,fi,fr,hi,it,sv,zh
https://hi.wikipedia.org/wiki/%E0%A4%AE%E0%A4%A4%E0%A4%BE%E0%A4%A7%E0%A4%BF%E0%A4%95%E0%A4%BE%E0%A4%B0	मताधिकार	ar,en,es,fi,fr,hi,it,sv,zh
https://ar.wikipedia.org/wiki/%D8%B9%D9%85%D8%B1%D8%A7%D9%86_%D8%AE%D8%A7%D9%86	عمران خان	ar,en,es,fi,fr,hi,it,sv,zh
https://hi.wikipedia.org/wiki/%E0%A4%86%E0%A4%B0%E0%A5%8D%E0%A4%AC%E0%A5%8B%E0%A4%B0%E0%A5%8B%E0%A4%AB%E0%A4%BF%E0%A4%B2%E0%A4%BF%E0%A4%AF%E0%A4%BE	आर्बोरोफिलिया	ar,en,es,fi,fr,hi,it,sv,zh
https://hi.wikipedia.org/wiki/%E0%A4%97%E0%A5%81%E0%A4%87%E0%A4%B2%E0%A5%87%E0%A4%A8-%E0%A4%AC%E0%A5%88%E0%A4%B0%E0%A5%87_%E0%A4%B8%E0%A4%BF%E0%A4%82%E0%A4%A1%E0%A5%8D%E0%A4%B0%E0%A5%8B%E0%A4%AE_(%E0%A4%9C%E0%A5%80%E0%A4%AC%E0%A5%80%E0%A4%8F%E0%A4%B8)	गुइलेन-बैरे सिंड्रोम (जीबीएस)	ar,en,es,fi,fr,hi,it,sv,zh
https://hi.wikipedia.org/wiki/%E0%A4%AD%E0%A4%97%E0%A4%B6%E0%A4%BF%E0%A4%B6%E0%A5%8D%E0%A4%A8%E0%A4%BF%E0%A4%95%E0%A4%BE_%E0%A4%B5%E0%A5%83%E0%A4%A6%E0%A5%8D%E0%A4%A7%E0%A4%BF	भगशिश्निका वृद्धि	ar,en,es,fr,hi,it,sv,zh
https://hi.wikipedia.org/wiki/%E0%A4%AA%E0%A5%8D%E0%A4%B0%E0%A4%A4%E0%A4%BF%E0%A4%9A%E0%A4%AF%E0%A4%A8	प्रतिचयन	ar,en,es,fi,fr,hi,it,zh
https://hi.wikipedia.org/wiki/%E0%A4%AA%E0%A5%8D%E0%A4%B0%E0%A4%BE%E0%A4%AF%E0%A4%BF%E0%A4%95%E0%A4%A4%E0%A4%BE	प्रायिकता	ar,en,es,fi,fr,hi,it,sv,zh
https://ar.wikipedia.org/wiki/%D8%AE%D8%B7_%D8%A7%D9%84%D8%BA%D9%84%D8%B3	خط الغلس	ar,en,es,fi,fr,it,sv,zh
https://hi.wikipedia.org/wiki/%E0%A4%9C%E0%A5%8B%E0%A4%A7%E0%A4%BE_%E0%A4%85%E0%A4%95%E0%A4%AC%E0%A4%B0_(2008_%E0%A4%AB%E0%A4%BC%E0%A4%BF%E0%A4%B2%E0%A5%8D%E0%A4%AE)	जोधा अकबर (2008 फ़िल्म)	ar,en,es,fi,fr,hi,it
https://hi.wikipedia.org/wiki/%E0%A4%98%E0%A4%BE%E0%A4%A8%E0%A4%BE_%E0%A4%95%E0%A4%BE_%E0%A4%A7%E0%A5%8D%E0%A4%B5%E0%A4%9C	घाना का ध्वज	ar,en,es,fi,fr,hi,it,sv,zh
https://ar.wikipedia.org/wiki/%D8%AA%D9%88%D8%B4%D9%8A%D9%88_%D9%85%D8%A7%D8%B3%D8%AF%D8%A7	توشيو ماسدا	ar,en,es,fr,it,sv,zh
https://ar.wikipedia.org/wiki/%D8%A8%D8%B7%D9%88%D9%84%D8%A9_%D8%A3%D9%85%D9%85_%D8%A3%D9%88%D8%B1%D9%88%D8%A8%D8%A7_%D9%84%D9%84%D8%B3%D9%8A%D8%AF%D8%A7%D8%AA_1989	بطولة أمم أوروبا للسيدات 1989	ar,en,es,fi,fr,it,sv,zh
https://hi.wikipedia.org/wiki/%E0%A4%AC%E0%A5%80%E0%A4%9F%E0%A4%BE_%E0%A4%9C%E0%A4%BF%E0%A4%B0%E0%A4%BE%E0%A4%AB%E0%A4%BC_%E0%A4%A4%E0%A4%BE%E0%A4%B0%E0%A4%BE	बीटा जिराफ़ तारा	en,es,fi,fr,hi,it,sv,zh
https://ar.wikipedia.org/wiki/%D8%AC%D8%A7%D9%85_%D9%86%D8%AC%D8%B1	جام نجر	ar,en,es,fi,fr,hi,it,sv,zh
https://ar.wikipedia.org/wiki/%D9%85%D9%82%D8%A7%D8%B7%D8%B9%D8%A9_%D9%85%D8%A7%D8%AB%D9%8A%D9%88%D8%B2_(%D9%81%D9%8A%D8%B1%D8%AC%D9%8A%D9%86%D9%8A%D8%A7)	مقاطعة ماثيوز (فيرجينيا)	ar,en,es,fi,fr,it,sv,zh
https://hi.wikipedia.org/wiki/%E0%A4%B8%E0%A4%AE%E0%A4%B0%E0%A5%82%E0%A4%AA%E0%A4%A4%E0%A4%BE	समरूपता	ar,en,es,fi,fr,hi,it,sv,zh
https://fr.wikipedia.org/wiki/PFK_Botev_Plovdiv	PFK Botev Plovdiv	ar,en,es,fi,fr,it,sv,zh
https://ar.wikipedia.org/wiki/%D8%A7%D9%84%D8%B9%D8%A8%D8%AF_%D8%A7%D9%84%D9%85%D8%AD%D8%AA%D8%B6%D8%B1	العبد المحتضر	ar,en,es,fr,it,sv,zh
https://hi.wikipedia.org/wiki/%E0%A4%B8%E0%A5%8D%E0%A4%B5%E0%A4%BE%E0%A4%B9%E0%A4%BF%E0%A4%B2%E0%A5%80_%E0%A4%AD%E0%A4%BE%E0%A4%B7%E0%A4%BE	स्वाहिली भाषा	ar,en,es,fi,fr,hi,it,sv,zh
https://hi.wikipedia.org/wiki/%E0%A5%A7%E0%A5%AA%E0%A5%AF%E0%A5%AF	१४९९	ar,en,es,fi,fr,hi,it,sv,zh
https://hi.wikipedia.org/wiki/%E0%A4%A4%E0%A5%81%E0%A4%B5%E0%A4%BE%E0%A4%B2%E0%A5%82	तुवालू	ar,en,es,fi,fr,hi,it,sv,zh
https://ar.wikipedia.org/wiki/%D9%87%D8%A7%D9%86%D8%A7_%D9%86%D9%8A%D9%88	هانا نيو	ar,en,es,fi,fr,it,sv
https://hi.wikipedia.org/wiki/%E0%A4%A8%E0%A5%82%E0%A4%A4%E0%A4%A8	नूतन	ar,en,es,fi,fr,hi,it,zh
https://ar.wikipedia.org/wiki/%D9%81%D9%84%D9%81%D9%84_%D8%A7%D9%84%D9%85%D8%A7%D8%A1	فلفل الماء	ar,en,es,fi,fr,sv,zh
https://ar.wikipedia.org/wiki/%D9%84%D8%A7%D8%B3_%D9%81%D9%8A%D8%AC%D8%A7%D8%B3_%D8%B3%D8%A7%D9%86%D8%AF%D8%B2	لاس فيجاس ساندز	ar,en,es,fi,fr,it,sv,zh
https://ar.wikipedia.org/wiki/%D8%A7%D9%84%D8%B9%D8%B5%D8%B1_%D8%A7%D9%84%D8%AC%D9%88%D8%B1%D8%AC%D9%8A	العصر الجورجي	ar,en,es,fi,fr,it,sv,zh
https://hi.wikipedia.org/wiki/%E0%A4%AE%E0%A4%AE%E0%A4%A4%E0%A4%BE_%E0%A4%AC%E0%A4%A8%E0%A4%B0%E0%A5%8D%E0%A4%9C%E0%A5%80	ममता बनर्जी	ar,en,es,fi,fr,hi,it
https://fr.wikipedia.org/wiki/De_beaux_lendemains	De beaux lendemains	ar,en,es,fi,fr,it,zh
https://fr.wikipedia.org/wiki/Villar_de_Domingo_Garc%C3%ADa	Villar de Domingo García	ar,en,es,fr,it,sv,zh
https://ar.wikipedia.org/wiki/%D8%AF%D9%8A%D8%B1%D9%8A%D9%83_%D9%84%D9%88%D9%8A%D8%B3	ديريك لويس	ar,en,es,fi,fr,it,sv,zh
https://hi.wikipedia.org/wiki/%E0%A4%AE%E0%A4%B0%E0%A5%81%E0%A4%B8%E0%A5%8D%E0%A4%A5%E0%A4%B2	मरुस्थल	ar,en,es,fi,fr,hi,it,sv,zh
https://fr.wikipedia.org/wiki/Dorsale_m%C3%A9dio-atlantique	Dorsale médio-atlantique	ar,en,es,fi,fr,it,sv,zh
https://fr.wikipedia.org/wiki/Nobuo_Matsunaga	Nobuo Matsunaga	ar,en,es,fi,fr,it,sv,zh
https://hi.wikipedia.org/wiki/%E0%A4%AF%E0%A5%82%E0%A4%A8%E0%A4%BF%E0%A4%B5%E0%A4%B0%E0%A5%8D%E0%A4%B8%E0%A4%B2_%E0%A4%AE%E0%A5%8D%E0%A4%AF%E0%A5%82%E0%A4%9C%E0%A4%BC%E0%A4%BF%E0%A4%95_%E0%A4%B8%E0%A4%AE%E0%A5%82%E0%A4%B9	यूनिवर्सल म्यूज़िक समूह	ar,en,es,fi,fr,hi,it,sv,zh
https://fr.wikipedia.org/wiki/Richard_Moll	Richard Moll	ar,en,es,fi,fr,it,sv
https://hi.wikipedia.org/wiki/%E0%A4%8F%E0%A4%AB_%E0%A4%8F%E0%A4%A8_%E0%A4%8F_%E0%A4%B8%E0%A5%80	एफ एन ए सी	ar,en,fr,hi,it,zh
https://hi.wikipedia.org/wiki/%E0%A4%B5%E0%A5%87%E0%A4%82%E0%A4%95%E0%A5%88%E0%A4%AF%E0%A4%BE_%E0%A4%A8%E0%A4%BE%E0%A4%AF%E0%A4%A1%E0%A5%82	वेंकैया नायडू	en,es,fi,fr,hi,sv,zh
https://ar.wikipedia.org/wiki/%D8%A8%D9%8A%D8%A7%D8%B1%D9%81%D9%88	بيارفو	ar,en,es,fr,it,sv,zh
https://hi.wikipedia.org/wiki/%E0%A5%A8%E0%A5%A6%E0%A5%A6%E0%A5%AE_%E0%A4%91%E0%A4%B8%E0%A5%8D%E0%A4%9F%E0%A5%8D%E0%A4%B0%E0%A5%87%E0%A4%B2%E0%A4%BF%E0%A4%AF%E0%A4%BE%E0%A4%88_%E0%A4%93%E0%A4%AA%E0%A4%A8_%E0%A4%9F%E0%A5%87%E0%A4%A8%E0%A4%BF%E0%A4%B8_%E0%A4%AA%E0%A5%8D%E0%A4%B0%E0%A4%A4%E0%A4%BF%E0%A4%AF%E0%A5%8B%E0%A4%97%E0%A4%BF%E0%A4%A4%E0%A4%BE_-_%E0%A4%AA%E0%A5%81%E0%A4%B0%E0%A5%81%E0%A4%B7_%E0%A4%8F%E0%A4%95%E0%A4%B2	२००८ ऑस्ट्रेलियाई ओपन टेनिस प्रतियोगिता - पुरुष एकल	ar,en,es,fr,hi,it,sv,zh
https://ar.wikipedia.org/wiki/%D9%83%D8%A7%D9%84%D8%AF%D9%8A%D8%B1%D8%A7_%D9%84%D8%A7_%D8%AC%D8%A7%D8%B1%D9%8A%D8%AA%D8%A7	كالديرا لا جاريتا	ar,en,es,fi,it,sv,zh
https://hi.wikipedia.org/wiki/%E0%A4%B5%E0%A4%BF%E0%A4%AE%E0%A4%BE%E0%A4%A8%E0%A4%95%E0%A5%8D%E0%A4%B7%E0%A5%87%E0%A4%A4%E0%A5%8D%E0%A4%B0%E0%A5%8B%E0%A4%82_%E0%A4%95%E0%A5%80_%E0%A4%B8%E0%A5%82%E0%A4%9A%E0%A5%80_ICAO_%E0%A4%95%E0%A5%8B%E0%A4%A1_%E0%A4%85%E0%A4%A8%E0%A5%81%E0%A4%B8%E0%A4%BE%E0%A4%B0:_Z	विमानक्षेत्रों की सूची ICAO कोड अनुसार: Z	ar,en,fr,hi,it,zh
https://hi.wikipedia.org/wiki/%E0%A5%A8%E0%A5%A6%E0%A5%A6%E0%A5%AF_%E0%A4%91%E0%A4%B8%E0%A5%8D%E0%A4%9F%E0%A5%8D%E0%A4%B0%E0%A5%87%E0%A4%B2%E0%A4%BF%E0%A4%AF%E0%A4%BE%E0%A4%88_%E0%A4%93%E0%A4%AA%E0%A4%A8_%E0%A4%9F%E0%A5%87%E0%A4%A8%E0%A4%BF%E0%A4%B8_%E0%A4%AA%E0%A5%8D%E0%A4%B0%E0%A4%A4%E0%A4%BF%E0%A4%AF%E0%A5%8B%E0%A4%97%E0%A4%BF%E0%A4%A4%E0%A4%BE_-_%E0%A4%AE%E0%A4%B9%E0%A4%BF%E0%A4%B2%E0%A4%BE_%E0%A4%8F%E0%A4%95%E0%A4%B2	२००९ ऑस्ट्रेलियाई ओपन टेनिस प्रतियोगिता - महिला एकल	ar,en,es,fr,hi,it,sv,zh
https://fr.wikipedia.org/wiki/Voltairine_de_Cleyre	Voltairine de Cleyre	ar,en,es,fi,fr,it,sv,zh
https://ar.wikipedia.org/wiki/%D8%B9%D9%82%D8%AF_30	عقد 30	ar,en,es,fi,fr,it,sv,zh
https://hi.wikipedia.org/wiki/%E0%A4%96%E0%A4%BC%E0%A5%8B%E0%A4%B5%E0%A5%8D%E0%A4%A6_%E0%A4%AA%E0%A5%8D%E0%A4%B0%E0%A4%BE%E0%A4%82%E0%A4%A4	ख़ोव्द प्रांत	ar,en,es,fi,fr,hi,it,sv,zh
https://ar.wikipedia.org/wiki/%D9%85%D8%B1%D9%83%D8%A8%D8%A9_%D8%B0%D8%A7%D8%AA_%D9%88%D9%82%D9%88%D8%AF_%D9%85%D8%B1%D9%86	مركبة ذات وقود مرن	ar,en,es,fi,fr,hi,it,sv
https://hi.wikipedia.org/wiki/%E0%A4%A6%E0%A5%8D%E0%A4%B0%E0%A4%B5%E0%A5%8D%E0%A4%AF_%E0%A4%85%E0%A4%A8%E0%A5%81%E0%A4%AA%E0%A4%BE%E0%A4%A4%E0%A5%80_%E0%A4%95%E0%A5%8D%E0%A4%B0%E0%A4%BF%E0%A4%AF%E0%A4%BE_%E0%A4%95%E0%A4%BE_%E0%A4%A8%E0%A4%BF%E0%A4%AF%E0%A4%AE	द्रव्य अनुपाती क्रिया का नियम	ar,en,es,fi,fr,hi,it,sv,zh
https://hi.wikipedia.org/wiki/%E0%A4%A8%E0%A5%88%E0%A4%A8%E0%A5%8B%E0%A4%95%E0%A4%A3	नैनोकण	ar,en,es,fi,fr,hi,it,sv,zh
https://ar.wikipedia.org/wiki/%D8%A3%D9%81%D9%88%D9%86%D8%AF%D9%8A%D9%84	أفونديل	ar,en,es,fr,it,sv,zh
https://ar.wikipedia.org/wiki/%D8%AF%D8%AF%D9%84%D8%A7%D9%8A%D9%86_%D9%87%D9%88%D9%84%D9%8A%D9%88%D9%88%D8%AF	ددلاين هوليوود	ar,en,es,fr,it,sv,zh
https://ar.wikipedia.org/wiki/%D8%B3%D8%A7%D9%86_%D8%B1%D9%8A%D9%85%D9%8A_%D8%AF%D9%88_%D8%A8%D8%B1%D9%88%D9%81%D9%86%D8%B3	سان ريمي دو بروفنس	ar,en,es,fi,fr,it,sv,zh
https://hi.wikipedia.org/wiki/%E0%A4%85%E0%A4%A7%E0%A4%BF%E0%A4%A8%E0%A4%BF%E0%A4%AF%E0%A4%AE	अधिनियम	ar,en,es,fi,fr,hi,it,sv,zh
https://ar.wikipedia.org/wiki/%D9%86%D8%AA%D8%B1%D8%A7%D8%AA_%D8%A7%D9%84%D8%A3%D9%84%D9%88%D9%85%D9%86%D9%8A%D9%88%D9%85	نترات الألومنيوم	ar,en,fi,fr,hi,it,sv,zh
https://hi.wikipedia.org/wiki/%E0%A4%A1%E0%A4%BE%E0%A4%AF%E0%A4%A8%E0%A4%BE	डायना	ar,en,es,fi,fr,hi,it,sv,zh
https://ar.wikipedia.org/wiki/%D9%87%D9%88%D9%83%D8%B1_%D9%87%D8%A7%D8%B1%D8%AA	هوكر هارت	ar,en,es,fi,fr,it,sv
https://ar.wikipedia.org/wiki/%D8%A7%D9%84%D8%A8%D8%B9%D8%AB%D8%A9_%D8%A7%D9%84%D8%A5%D9%85%D8%A8%D8%B1%D8%A7%D8%B7%D9%88%D8%B1%D9%8A%D8%A9_%D8%A7%D9%84%D8%B9%D8%A7%D8%A8%D8%B1%D8%A9_%D9%84%D9%84%D9%82%D8%A7%D8%B1%D8%A9_%D8%A7%D9%84%D9%82%D8%B7%D8%A8%D9%8A%D8%A9_%D8%A7%D9%84%D8%AC%D9%86%D9%88%D8%A8%D9%8A%D8%A9	البعثة الإمبراطورية العابرة للقارة القطبية الجنوبية	ar,en,es,fi,fr,it,zh
https://fr.wikipedia.org/wiki/Unterseeboot_96_(1940)	Unterseeboot 96 (1940)	ar,en,es,fi,fr,it,sv,zh
https://ar.wikipedia.org/wiki/%D8%AA%D8%B4%D8%A7%D8%B1%D9%84%D8%B2_%D8%A5%D8%AF%D9%88%D8%A7%D8%B1%D8%AF_%D9%83%D9%8A%D9%86%D8%BA%D8%B3%D9%81%D9%88%D8%B1%D8%AF	تشارلز إدوارد كينغسفورد	ar,en,es,fi,fr,it,zh
https://ar.wikipedia.org/wiki/%D9%85%D8%B1%D8%B9%D8%A9	مرعة	ar,en,es,fi,fr,it,sv,zh
https://hi.wikipedia.org/wiki/%E0%A4%95%E0%A5%88%E0%A4%B2%E0%A5%8D%E0%A4%B8%E0%A4%BF%E0%A4%AF%E0%A4%AE_%E0%A4%B9%E0%A4%BE%E0%A4%87%E0%A4%A1%E0%A5%8D%E0%A4%B0%E0%A4%BE%E0%A4%87%E0%A4%A1	कैल्सियम हाइड्राइड	ar,en,fi,fr,hi,it,sv,zh
https://fr.wikipedia.org/wiki/Transformation_de_Mellin	Transformation de Mellin	ar,en,es,fi,fr,it,zh
https://hi.wikipedia.org/wiki/%E0%A4%A1%E0%A5%88%E0%A4%A8%E0%A4%BF%E0%A4%AF%E0%A4%B2_%E0%A4%A1%E0%A5%87-%E0%A4%B2%E0%A5%81%E0%A4%88%E0%A4%B8	डैनियल डे-लुईस	ar,en,es,fi,fr,hi,it,sv,zh
https://hi.wikipedia.org/wiki/%E0%A4%9A%E0%A4%BF%E0%A4%95%E0%A4%A8_%E0%A4%B2%E0%A4%BF%E0%A4%9F%E0%A4%BF%E0%A4%B2_(2005_%E0%A4%AB%E0%A4%BC%E0%A4%BF%E0%A4%B2%E0%A5%8D%E0%A4%AE)	चिकन लिटिल (2005 फ़िल्म)	ar,en,es,fi,fr,hi,it,sv,zh
https://hi.wikipedia.org/wiki/%E0%A4%B5%E0%A5%8B%E0%A4%B2%E0%A5%8D%E0%A4%9F%E0%A4%BE	वोल्टा	ar,en,es,fi,fr,hi,it,sv,zh
https://fr.wikipedia.org/wiki/Monteleone_di_Fermo	Monteleone di Fermo	ar,en,es,fr,it,sv,zh
https://hi.wikipedia.org/wiki/%E0%A4%AA%E0%A4%B6%E0%A5%8D%E0%A4%9A%E0%A4%BF%E0%A4%AE_%E0%A4%A8%E0%A5%81%E0%A4%B8%E0%A4%BE_%E0%A4%A4%E0%A5%87%E0%A4%82%E0%A4%97%E0%A4%BE%E0%A4%B0%E0%A4%BE	पश्चिम नुसा तेंगारा	ar,en,es,fi,fr,hi,it,sv,zh
https://ar.wikipedia.org/wiki/%D8%A3%D8%AB%D9%84_%D8%B9%D8%AF%D9%8A%D9%85_%D8%A7%D9%84%D8%A3%D9%88%D8%B1%D8%A7%D9%82	أثل عديم الأوراق	ar,en,es,fr,it,sv,zh
https://ar.wikipedia.org/wiki/%D8%A8%D9%88%D8%AA%D9%84%D9%8A%D8%AA%D8%B2	بوتليتز	ar,en,es,fr,it,sv,zh
https://ar.wikipedia.org/wiki/%D8%A3%D9%81%D9%8A%D8%A8%D9%82%D8%B7%D8%B3	أفيبقطس	ar,en,es,fi,fr,it,sv,zh
https://hi.wikipedia.org/wiki/%E0%A4%88%E0%A4%82%E0%A4%A7%E0%A4%A8_%E0%A4%B8%E0%A5%87%E0%A4%B2	ईंधन सेल	ar,en,es,fi,fr,hi,it,sv,zh
https://hi.wikipedia.org/wiki/%E0%A4%AE%E0%A5%81%E0%A4%95%E0%A5%8D%E0%A4%A4_%E0%A4%AA%E0%A4%BE%E0%A4%A0%E0%A5%8D%E0%A4%AF%E0%A4%95%E0%A5%8D%E0%A4%B0%E0%A4%AE	मुक्त पाठ्यक्रम	ar,en,es,fr,hi,it,zh
https://hi.wikipedia.org/wiki/%E0%A4%88%E0%A4%B8%E0%A4%BE%E0%A4%88_%E0%A4%A6%E0%A4%B0%E0%A5%8D%E0%A4%B6%E0%A4%A8	ईसाई दर्शन	ar,en,es,fi,fr,hi,it,sv,zh
https://hi.wikipedia.org/wiki/%E0%A5%A7%E0%A5%AA%E0%A5%A8%E0%A5%AA	१४२४	ar,en,es,fi,fr,hi,it,sv,zh
https://ar.wikipedia.org/wiki/%D8%A7%D9%84%D8%AC%D9%8A%D8%B4_%D8%A7%D9%84%D8%A3%D9%88%D9%84_(%D9%81%D8%B1%D9%86%D8%B3%D8%A7)	الجيش الأول (فرنسا)	ar,en,es,fi,fr,sv,zh
https://hi.wikipedia.org/wiki/%E0%A4%85%E0%A4%B2_%E0%A4%AC%E0%A4%BE%E0%A4%A4%E0%A4%BF%E0%A4%A8%E0%A4%BE%E0%A4%B9_%E0%A4%95%E0%A5%8D%E0%A4%B7%E0%A5%87%E0%A4%A4%E0%A5%8D%E0%A4%B0	अल बातिनाह क्षेत्र	ar,en,es,fr,hi,it,zh
https://hi.wikipedia.org/wiki/%E0%A4%AE%E0%A4%B0%E0%A4%BE%E0%A4%A8%E0%A5%8D%E0%A4%B9%E0%A4%BE%E0%A4%93	मरान्हाओ	ar,en,es,fi,fr,hi,it,sv,zh
https://fr.wikipedia.org/wiki/Tokorozawa	Tokorozawa	ar,en,es,fi,fr,it,sv,zh
https://hi.wikipedia.org/wiki/%E0%A4%B8%E0%A4%BF%E0%A4%82%E0%A4%95%E0%A5%8D%E0%A4%B0%E0%A5%8B%E0%A4%9F%E0%A5%8D%E0%A4%B0%E0%A5%89%E0%A4%A8_%E0%A4%B5%E0%A4%BF%E0%A4%95%E0%A4%BF%E0%A4%B0%E0%A4%A3	सिंक्रोट्रॉन विकिरण	ar,en,es,fi,fr,hi,it,sv,zh
https://hi.wikipedia.org/wiki/%E0%A4%85%E0%A4%B8%E0%A4%AE%E0%A4%BE_%E0%A4%85%E0%A4%B2-%E0%A4%85%E0%A4%B6%E0%A4%A6	असमा अल-अशद	ar,en,es,fi,fr,hi,it,sv,zh
https://ar.wikipedia.org/wiki/%D9%86%D9%87%D8%B1_%D8%A8%D9%8A%D9%86%D9%8A%D8%BA%D8%A7	نهر بينيغا	ar,en,es,fi,fr,it,zh
https://hi.wikipedia.org/wiki/%E0%A4%B8%E0%A4%BE%E0%A4%97%E0%A4%B0%E0%A4%A4%E0%A4%9F	सागरतट	ar,en,es,fi,fr,hi,it,sv,zh
https://hi.wikipedia.org/wiki/%E0%A4%AC%E0%A5%81%E0%A4%A6%E0%A5%8D%E0%A4%A7%E0%A4%BF%E0%A4%AE%E0%A4%BE%E0%A4%A8_%E0%A4%A8%E0%A5%87%E0%A4%9F%E0%A4%B5%E0%A4%B0%E0%A5%8D%E0%A4%95	बुद्धिमान नेटवर्क	ar,en,fr,hi,it,zh
https://ar.wikipedia.org/wiki/%D8%A8%D8%A7%D9%88%D9%84_%D9%88%D9%8A%D9%84%D8%B1_(%D9%81%D9%86%D8%A7%D9%86)	باول ويلر (فنان)	ar,en,es,fi,fr,it,sv
https://hi.wikipedia.org/wiki/%E0%A4%A4%E0%A4%9F%E0%A5%80%E0%A4%AF_%E0%A4%AE%E0%A5%88%E0%A4%A6%E0%A4%BE%E0%A4%A8	तटीय मैदान	ar,en,es,fr,hi,it,sv,zh
https://fr.wikipedia.org/wiki/Nypa_fruticans	Nypa fruticans	ar,en,es,fi,fr,it,sv,zh
https://fr.wikipedia.org/wiki/Audi_80	Audi 80	ar,en,es,fi,fr,it,sv
https://fr.wikipedia.org/wiki/Dros%C3%A9ra_%C3%A0_feuilles_rondes	Droséra à feuilles rondes	ar,en,es,fi,fr,it,sv,zh
https://hi.wikipedia.org/wiki/%E0%A4%9C%E0%A4%B0%E0%A4%BE%E0%A4%B0%E0%A5%8B%E0%A4%97%E0%A4%B5%E0%A4%BF%E0%A4%A6%E0%A5%8D%E0%A4%AF%E0%A4%BE	जरारोगविद्या	ar,en,es,fi,fr,hi,it,sv,zh
https://hi.wikipedia.org/wiki/%E0%A4%AF%E0%A5%82%E0%A4%95%E0%A5%8D%E0%A4%B0%E0%A5%87%E0%A4%A8_%E0%A4%95%E0%A4%BE_%E0%A4%A7%E0%A5%8D%E0%A4%B5%E0%A4%9C	यूक्रेन का ध्वज	ar,en,es,fi,fr,hi,it,sv,zh
https://hi.wikipedia.org/wiki/%E0%A4%AA%E0%A5%87%E0%A4%B6%E0%A4%AE%E0%A4%B0%E0%A5%8D%E0%A4%97%E0%A4%BE	पेशमर्गा	ar,en,es,fi,fr,hi,it,sv,zh
https://hi.wikipedia.org/wiki/%E0%A4%A1%E0%A5%8D%E0%A4%AF%E0%A5%82%E0%A4%B0%E0%A4%BE%E0%A4%B2%E0%A5%81%E0%A4%AE%E0%A4%BF%E0%A4%A8	ड्यूरालुमिन	ar,en,es,fi,fr,hi,it,sv,zh
https://fr.wikipedia.org/wiki/Hrodna	Hrodna	ar,en,es,fi,fr,it,sv,zh
https://hi.wikipedia.org/wiki/%E0%A4%95%E0%A4%B2%E0%A5%8D%E0%A4%AA	कल्प	ar,en,es,fi,fr,hi,it,sv,zh
https://hi.wikipedia.org/wiki/%E0%A4%95%E0%A4%BE%E0%A4%B2_%E0%A4%B8%E0%A4%AE%E0%A5%80%E0%A4%95%E0%A4%B0%E0%A4%A3	काल समीकरण	ar,en,es,fr,hi,it,sv,zh
https://ar.wikipedia.org/wiki/%D8%AA%D8%A7%D8%A8%D9%88%D8%B1_(%D8%A2%D9%8A%D9%88%D8%A7)	تابور (آيوا)	ar,en,es,fr,it,sv,zh
https://hi.wikipedia.org/wiki/%E0%A4%85%E0%A4%82%E0%A4%A4%E0%A4%B0%E0%A5%8D%E0%A4%B0%E0%A4%BE%E0%A4%B7%E0%A5%8D%E0%A4%9F%E0%A5%8D%E0%A4%B0%E0%A5%80%E0%A4%AF_%E0%A4%AE%E0%A5%8B%E0%A4%AC%E0%A4%BE%E0%A4%87%E0%A4%B2_%E0%A4%89%E0%A4%AA%E0%A4%95%E0%A4%B0%E0%A4%A3_%E0%A4%AA%E0%A4%B9%E0%A4%9A%E0%A4%BE%E0%A4%A8	अंतर्राष्ट्रीय मोबाइल उपकरण पहचान	ar,en,es,fi,fr,hi,it,sv,zh
https://ar.wikipedia.org/wiki/%D8%A5%D9%86%D8%AC%D9%8A%D8%A8%D9%88%D8%B1%D8%BA_%D8%A8%D8%A7%D8%AE%D9%85%D8%A7%D9%86	إنجيبورغ باخمان	ar,en,es,fi,fr,it,sv,zh
https://hi.wikipedia.org/wiki/%E0%A4%AE%E0%A5%8C%E0%A4%A6%E0%A5%8D%E0%A4%97%E0%A4%B2%E0%A5%8D%E0%A4%AF%E0%A4%BE%E0%A4%AF%E0%A4%A8	मौद्गल्यायन	ar,en,es,fr,hi,it,zh
https://hi.wikipedia.org/wiki/%E0%A4%A8%E0%A4%B8%E0%A5%8D%E0%A4%A4%E0%A4%BE%E0%A4%B2%E0%A5%80%E0%A4%95%E0%A4%BC	नस्तालीक़	ar,en,es,fr,hi,it,zh
https://hi.wikipedia.org/wiki/%E0%A4%B8%E0%A5%80%E0%A4%AA%E0%A4%BF%E0%A4%AF%E0%A4%BE	सीपिया	en,es,fi,fr,hi,it,sv
https://fr.wikipedia.org/wiki/C%C3%A9sar-Fran%C3%A7ois_Cassini	César-François Cassini	ar,en,es,fi,fr,it,sv,zh
https://fr.wikipedia.org/wiki/The_Message_(chanson_de_Grandmaster_Flash_and_the_Furious_Five)	The Message (chanson de Grandmaster Flash and the Furious Five)	ar,en,es,fi,fr,it,sv
https://ar.wikipedia.org/wiki/%D9%88%D9%8A%D9%84%D9%8A%D8%A7%D9%85_%D8%A8%D8%B1%D9%88%D9%86_(%D8%B3%D9%8A%D8%A7%D8%B3%D9%8A)	ويليام برون (سياسي)	ar,en,es,fi,fr,it,sv,zh
https://hi.wikipedia.org/wiki/%E0%A4%95%E0%A5%89%E0%A4%B2%E0%A5%87%E0%A4%95%E0%A5%88%E0%A4%B2%E0%A5%8D%E0%A4%B8%E0%A4%BF%E0%A4%AB%E0%A5%87%E0%A4%B0%E0%A5%89%E0%A4%B2	कॉलेकैल्सिफेरॉल	ar,en,es,fr,hi,it,zh
https://hi.wikipedia.org/wiki/%E0%A5%A7%E0%A5%AC%E0%A5%AA%E0%A5%A8	१६४२	ar,en,es,fi,fr,hi,it,sv,zh
https://hi.wikipedia.org/wiki/%E0%A4%B0%E0%A5%8B%E0%A4%9C%E0%A4%BC%E0%A5%87%E0%A4%B8%E0%A5%80	रोज़ेसी	ar,en,es,fi,fr,hi,it,sv,zh
https://ar.wikipedia.org/wiki/%D8%B9%D8%A8%D8%AF_%D8%A7%D9%84%D8%B9%D8%A7%D9%84_%D8%B1%D8%A7%D8%B4%D8%AF	عبد العال راشد	ar,en,es,fi,fr,it,sv
https://hi.wikipedia.org/wiki/1979_%E0%A4%B5%E0%A4%BF%E0%A4%AE%E0%A5%8D%E0%A4%AC%E0%A4%B2%E0%A4%A1%E0%A4%A8_%E0%A4%9F%E0%A5%87%E0%A4%A8%E0%A4%BF%E0%A4%B8_%E0%A4%AA%E0%A5%8D%E0%A4%B0%E0%A4%A4%E0%A4%BF%E0%A4%AF%E0%A5%8B%E0%A4%97%E0%A4%BF%E0%A4%A4%E0%A4%BE_-_%E0%A4%AE%E0%A4%B9%E0%A4%BF%E0%A4%B2%E0%A4%BE_%E0%A4%8F%E0%A4%95%E0%A4%B2	1979 विम्बलडन टेनिस प्रतियोगिता - महिला एकल	ar,en,es,fr,hi,it
https://hi.wikipedia.org/wiki/%E0%A4%B5%E0%A4%BF%E0%A4%B6%E0%A5%8D%E2%80%8D%E0%A4%B5_%E0%A4%95%E0%A5%88%E0%A4%82%E0%A4%B8%E0%A4%B0_%E0%A4%A6%E0%A4%BF%E0%A4%B5%E0%A4%B8	विश्‍व कैंसर दिवस	ar,en,es,fr,hi,sv,zh
https://hi.wikipedia.org/wiki/%E0%A4%B8%E0%A5%8D%E0%A4%B5%E0%A4%A4%E0%A4%83%E0%A4%9C%E0%A5%8D%E0%A4%B5%E0%A4%B2%E0%A4%A8%E0%A4%B6%E0%A5%80%E0%A4%B2%E0%A4%A4%E0%A4%BE	स्वतःज्वलनशीलता	ar,en,es,fi,fr,hi,it
https://hi.wikipedia.org/wiki/%E0%A4%B8%E0%A4%BF%E0%A4%A1%E0%A4%A8%E0%A5%80_%E0%A4%AC%E0%A4%82%E0%A4%A6%E0%A4%B0%E0%A4%97%E0%A4%BE%E0%A4%B9_%E0%A4%AA%E0%A5%81%E0%A4%B2	सिडनी बंदरगाह पुल	ar,en,es,fi,fr,hi,it,sv,zh
https://fr.wikipedia.org/wiki/Teen_Wolf	Teen Wolf	ar,en,es,fi,fr,it,sv,zh
https://ar.wikipedia.org/wiki/%D9%85%D9%8A%D9%84%D9%8A%D8%AA%D9%88%D8%A8%D9%88%D9%84	ميليتوبول	ar,en,es,fi,fr,it,sv,zh
https://ar.wikipedia.org/wiki/%D8%A7%D9%84%D9%84%D8%BA%D8%A9_%D8%A7%D9%84%D9%85%D8%A7%D9%84%D8%B7%D9%8A%D8%A9	اللغة المالطية	ar,en,es,fi,fr,it,sv,zh
https://fr.wikipedia.org/wiki/Gaziosmanpa%C5%9Fa	Gaziosmanpaşa	ar,en,es,fr,it,sv,zh
https://fr.wikipedia.org/wiki/Dan_Howell	Dan Howell	ar,en,es,fi,fr,it,sv,zh
https://hi.wikipedia.org/wiki/%E0%A5%A8%E0%A5%A6%E0%A5%A6%E0%A5%A7:_%E0%A4%85_%E0%A4%B8%E0%A5%8D%E0%A4%AA%E0%A5%87%E0%A4%B8_%E0%A4%93%E0%A4%A1%E0%A4%BF%E0%A4%B8%E0%A5%80	२००१: अ स्पेस ओडिसी	ar,en,es,fi,fr,hi,it,sv,zh
https://hi.wikipedia.org/wiki/%E0%A4%A8%E0%A4%BF%E0%A4%95%E0%A5%8B%E0%A4%B2%E0%A4%B8_%E0%A4%8F%E0%A4%B8%E0%A5%8D%E0%A4%95%E0%A5%8D%E0%A4%AF%E0%A5%82%E0%A4%A1	निकोलस एस्क्यूड	ar,en,es,fi,fr,hi,it,zh
https://hi.wikipedia.org/wiki/%E0%A5%AC_%E0%A4%85%E0%A4%AA%E0%A5%8D%E0%A4%B0%E0%A5%88%E0%A4%B2	६ अप्रैल	ar,en,es,fi,fr,hi,it,sv,zh
https://hi.wikipedia.org/wiki/%E0%A4%AB%E0%A5%8B%E0%A4%A1%E0%A4%BC%E0%A4%BE	फोड़ा	ar,en,es,fi,fr,hi,it,sv,zh
https://hi.wikipedia.org/wiki/%E0%A5%AA	४	ar,en,es,fi,fr,hi,it,sv,zh
https://ar.wikipedia.org/wiki/%D8%B6%D8%BA%D8%B7_%D8%A8%D9%8A%D8%A7%D9%86%D8%A7%D8%AA	ضغط بيانات	ar,en,es,fi,fr,hi,it,sv,zh
https://hi.wikipedia.org/wiki/%E0%A4%85%E0%A4%AC%E0%A5%82_%E0%A4%AE%E0%A5%81%E0%A4%B9%E0%A4%AE%E0%A5%8D%E0%A4%AE%E0%A4%A6_%E0%A4%85%E0%A4%B2-%E0%A4%B9%E0%A4%B8%E0%A4%A8_%E0%A4%85%E0%A4%B2-%E0%A4%B9%E0%A4%AE%E0%A4%A6%E0%A4%BE%E0%A4%A8%E0%A5%80	अबू मुहम्मद अल-हसन अल-हमदानी	ar,en,es,fr,hi,it
https://ar.wikipedia.org/wiki/%D8%B3%D9%83%D9%88%D8%AA_%D9%83%D8%A7%D8%B1%D8%A8%D9%86%D8%AA%D8%B1	سكوت كاربنتر	ar,en,es,fi,fr,it,sv,zh
https://fr.wikipedia.org/wiki/Horace_B%C3%A9n%C3%A9dict_de_Saussure	Horace Bénédict de Saussure	ar,en,es,fi,fr,it,sv,zh
https://fr.wikipedia.org/wiki/Arne_Tiselius	Arne Tiselius	ar,en,es,fi,fr,it,sv,zh
https://hi.wikipedia.org/wiki/%E0%A4%B5%E0%A4%BE%E0%A4%AF%E0%A5%81_%E0%A4%9B%E0%A4%A8%E0%A4%BF%E0%A4%A4%E0%A5%8D%E0%A4%B0	वायु छनित्र	ar,en,es,fi,fr,hi,it,sv,zh
https://ar.wikipedia.org/wiki/%D8%A5%D9%84%D9%83%D8%AA%D8%B1%D9%88%D9%86_(%D8%B3%D8%A8%D9%8A%D9%83%D8%A9)	إلكترون (سبيكة)	ar,en,es,fi,fr,it,sv
https://ar.wikipedia.org/wiki/%D9%85%D9%86%D8%AA%D8%AE%D8%A8_%D8%A7%D9%84%D8%B3%D9%86%D8%BA%D8%A7%D9%84_%D9%84%D9%83%D8%B1%D8%A9_%D8%A7%D9%84%D9%82%D8%AF%D9%85	منتخب السنغال لكرة القدم	ar,en,es,fi,fr,hi,it,sv,zh
https://hi.wikipedia.org/wiki/%E0%A4%B8%E0%A4%B2%E0%A4%AB%E0%A4%BC%E0%A5%80_%E0%A4%B8%E0%A5%81%E0%A4%A8%E0%A5%8D%E0%A4%A8%E0%A5%80	सलफ़ी सुन्नी	ar,en,es,fi,fr,hi,it,sv,zh
https://ar.wikipedia.org/wiki/%D8%A7%D9%84%D8%AD%D8%B2%D8%A8_%D8%A7%D9%84%D8%A5%D9%81%D8%B1%D9%8A%D9%82%D9%8A_%D9%84%D8%A7%D8%B3%D8%AA%D9%82%D9%84%D8%A7%D9%84_%D8%BA%D9%8A%D9%86%D9%8A%D8%A7_%D9%88%D8%A7%D9%84%D8%B1%D8%A3%D8%B3_%D8%A7%D9%84%D8%A3%D8%AE%D8%B6%D8%B1	الحزب الإفريقي لاستقلال غينيا والرأس الأخضر	ar,en,es,fi,fr,it,sv,zh
https://hi.wikipedia.org/wiki/%E0%A4%B0%E0%A5%89%E0%A4%B8%E0%A4%B2%E0%A4%BF%E0%A4%82%E0%A4%A1_%E0%A4%8F%E0%A4%B2%E0%A5%8D%E0%A4%B8%E0%A5%80_%E0%A4%AB%E0%A5%8D%E0%A4%B0%E0%A5%87%E0%A4%82%E0%A4%95%E0%A4%B2%E0%A4%BF%E0%A4%A8	रॉसलिंड एल्सी फ्रेंकलिन	ar,en,es,fi,fr,hi,it,sv,zh
https://hi.wikipedia.org/wiki/%E0%A4%95%E0%A5%87%E0%A4%B5%E0%A5%8010	केवी10	ar,en,es,fi,fr,hi,it,sv
https://hi.wikipedia.org/wiki/%E0%A4%AE%E0%A4%B2%E0%A5%87%E0%A4%B6%E0%A4%BF%E0%A4%AF%E0%A4%BE_%E0%A4%8F%E0%A4%AF%E0%A4%B0%E0%A4%B2%E0%A4%BE%E0%A4%87%E0%A4%82%E0%A4%B8_%E0%A4%89%E0%A4%A1%E0%A4%BC%E0%A4%BE%E0%A4%A8_370	मलेशिया एयरलाइंस उड़ान 370	ar,en,es,fi,fr,hi,it,sv,zh
https://hi.wikipedia.org/wiki/%E0%A4%95%E0%A5%81%E0%A4%B0%E0%A5%81	कुरु	en,es,fr,hi,it,sv,zh
https://ar.wikipedia.org/wiki/%D8%A7%D9%84%D9%86%D9%87%D8%B1_%D9%8A%D8%AC%D8%B1%D9%8A_%D9%85%D9%86_%D8%AE%D9%84%D8%A7%D9%84%D9%87%D8%A7_(%D9%81%D9%8A%D9%84%D9%85)	النهر يجري من خلالها (فيلم)	ar,en,es,fi,fr,it,sv,zh
https://ar.wikipedia.org/wiki/%D8%A3%D9%86%D8%B7%D9%88%D9%86%D9%8A%D9%88_%D8%A5%D9%8A%D9%86%D9%88%D9%83%D9%8A	أنطونيو إينوكي	ar,en,es,fr,it,sv,zh
https://ar.wikipedia.org/wiki/%D9%83%D8%B1%D9%8A%D8%B3%D8%AA%D9%8A_%D8%A8%D9%88%D8%AC%D9%8A%D8%B1%D8%AA	كريستي بوجيرت	ar,en,es,fi,fr,it,sv
https://hi.wikipedia.org/wiki/%E0%A4%B6%E0%A5%8D%E0%A4%B0%E0%A5%80,_%E0%A4%AA%E0%A5%80%E0%A4%AC%E0%A5%89%E0%A4%A1%E0%A5%80_%E0%A4%94%E0%A4%B0_%E0%A4%B6%E0%A5%87%E0%A4%B0%E0%A4%AE%E0%A5%88%E0%A4%A8	श्री, पीबॉडी और शेरमैन	ar,en,es,fi,fr,hi,it,sv,zh
https://hi.wikipedia.org/wiki/%E0%A4%AE%E0%A4%BE%E0%A4%B0%E0%A5%8D%E0%A4%9F%E0%A4%BF%E0%A4%A8_%E0%A4%B2%E0%A5%81%E0%A4%A5%E0%A4%B0	मार्टिन लुथर	ar,en,es,fi,fr,hi,it,sv,zh
https://hi.wikipedia.org/wiki/%E0%A4%A1%E0%A5%87%E0%A4%A5_%E0%A4%B0%E0%A5%87%E0%A4%B8_2	डेथ रेस 2	ar,en,es,fr,hi,it,sv,zh
https://fr.wikipedia.org/wiki/Joanne_Kay_Hill	Joanne Kay Hill	ar,en,es,fr,it,sv,zh
https://hi.wikipedia.org/wiki/%E0%A4%B9%E0%A5%88%E0%A4%B2%E0%A5%8B%E0%A4%8F%E0%A4%B2%E0%A5%8D%E0%A4%95%E0%A5%87%E0%A4%A8	हैलोएल्केन	ar,en,es,fi,fr,hi,it,sv,zh
https://ar.wikipedia.org/wiki/%D9%8A%D8%A7%D9%83%D9%88%D9%81_%D8%B3%D9%81%D9%8A%D8%B1%D8%AF%D9%84%D9%88%D9%81	ياكوف سفيردلوف	ar,en,es,fi,fr,it,sv,zh
https://hi.wikipedia.org/wiki/%E0%A4%B8%E0%A4%82%E0%A4%B0%E0%A4%95%E0%A5%8D%E0%A4%B7%E0%A4%BF%E0%A4%A4_%E0%A4%9C%E0%A5%88%E0%A4%B5%E0%A4%AE%E0%A4%82%E0%A4%A1%E0%A4%B2	संरक्षित जैवमंडल	en,es,fi,fr,hi,it,sv,zh
https://hi.wikipedia.org/wiki/%E0%A4%AF%E0%A5%82%E0%A4%B8%E0%A5%82%E0%A4%B0%E0%A4%BE_%E0%A4%AE%E0%A4%B0%E0%A5%8D%E0%A4%A6%E0%A5%80%E0%A4%A8%E0%A5%80	यूसूरा मर्दीनी	ar,en,es,fi,fr,hi,it,sv,zh
https://hi.wikipedia.org/wiki/%E0%A4%B8%E0%A4%82%E0%A4%AC%E0%A4%82%E0%A4%A7%E0%A4%AA%E0%A4%B0%E0%A4%95_%E0%A4%86%E0%A4%81%E0%A4%95%E0%A4%A1%E0%A4%BC%E0%A4%BE_%E0%A4%B8%E0%A4%82%E0%A4%9A%E0%A4%AF	संबंधपरक आँकड़ा संचय	ar,en,es,fi,fr,hi,sv,zh
https://fr.wikipedia.org/wiki/Archipel_de_Valaam	Archipel de Valaam	ar,en,es,fi,fr,it,zh
https://hi.wikipedia.org/wiki/%E0%A4%B9%E0%A4%BF%E0%A4%A1%E0%A4%A8_%E0%A4%AB%E0%A4%BF%E0%A4%97%E0%A4%B0%E0%A5%8D%E0%A4%B8	हिडन फिगर्स	ar,en,es,fi,fr,hi,it,sv,zh
https://hi.wikipedia.org/wiki/%E0%A4%89%E0%A4%B2%E0%A5%88%E0%A4%A6%E0%A4%9C%E0%A5%80%E0%A4%AE%E0%A5%80%E0%A4%B0_%E0%A4%B2%E0%A5%87%E0%A4%B5%E0%A5%87%E0%A4%82%E0%A4%A8%E0%A5%87%E0%A4%AF%E0%A5%81%E0%A4%B8%E0%A5%8D%E0%A4%95%E0%A5%80	उलैदजीमीर लेवेंनेयुस्की	ar,es,fr,hi,it
https://ar.wikipedia.org/wiki/%D8%A7%D9%86%D8%B4%D8%B7%D8%A7%D8%B1_%D8%AA%D9%84%D9%82%D8%A7%D8%A6%D9%8A	انشطار تلقائي	ar,en,es,fi,fr,it,sv,zh
https://fr.wikipedia.org/wiki/Mindoro_oriental	Mindoro oriental	ar,en,es,fi,fr,hi,it,sv,zh
https://hi.wikipedia.org/wiki/%E0%A4%AA%E0%A4%B0%E0%A4%AE%E0%A5%8D%E0%A4%AA%E0%A4%B0%E0%A4%BE%E0%A4%B5%E0%A4%BE%E0%A4%A6%E0%A5%80_%E0%A4%B0%E0%A5%82%E0%A4%A2%E0%A4%BC%E0%A4%BF%E0%A4%B5%E0%A4%BE%E0%A4%A6	परम्परावादी रूढ़िवाद	ar,en,es,fr,hi,it,sv,zh
https://fr.wikipedia.org/wiki/Anthony_Dawson	Anthony Dawson	ar,en,es,fi,fr,it,sv
https://hi.wikipedia.org/wiki/%E0%A4%AA%E0%A4%B0%E0%A4%AE%E0%A4%BE%E0%A4%A3%E0%A5%81_%E0%A4%A8%E0%A4%BE%E0%A4%AD%E0%A4%BF%E0%A4%95	परमाणु नाभिक	ar,en,es,fi,fr,hi,it,sv,zh
https://hi.wikipedia.org/wiki/%E0%A4%B2%E0%A5%87%E0%A4%95_%E0%A4%95%E0%A5%87%E0%A4%9C%E0%A4%BF%E0%A4%82%E0%A4%B8%E0%A4%95%E0%A5%80	लेक केजिंसकी	ar,en,es,fi,fr,hi,it,sv,zh
https://hi.wikipedia.org/wiki/%E0%A4%95%E0%A4%BC%E0%A4%AF%E0%A4%BE%E0%A4%AE%E0%A4%A4_%E0%A4%B8%E0%A5%87_%E0%A4%95%E0%A4%BC%E0%A4%AF%E0%A4%BE%E0%A4%AE%E0%A4%A4_%E0%A4%A4%E0%A4%95	क़यामत से क़यामत तक	ar,en,fi,fr,hi,it
https://hi.wikipedia.org/wiki/%E0%A4%AC%E0%A5%89%E0%A4%B8%E0%A5%8D%E0%A4%9F%E0%A4%A8_%E0%A4%B8%E0%A5%87%E0%A4%B2%E0%A5%8D%E0%A4%9F%E0%A4%BF%E0%A4%95%E0%A5%8D%E0%A4%B8	बॉस्टन सेल्टिक्स	ar,en,es,fi,fr,hi,it,sv,zh
https://hi.wikipedia.org/wiki/%E0%A4%95%E0%A4%BE%E0%A4%89%E0%A4%82%E0%A4%9F%E0%A5%80_%E0%A4%91%E0%A4%AB%E0%A4%BC_%E0%A4%AB%E0%A4%BC%E0%A5%8D%E0%A4%B2%E0%A5%88%E0%A4%82%E0%A4%A1%E0%A4%B0%E0%A5%8D%E0%A4%B8	काउंटी ऑफ़ फ़्लैंडर्स	ar,en,es,fi,fr,hi,it,zh
https://hi.wikipedia.org/wiki/%E0%A4%A5%E0%A5%89%E0%A4%AE%E0%A4%B8_%E0%A4%B9%E0%A4%BE%E0%A4%B0%E0%A5%8D%E0%A4%A1%E0%A5%80	थॉमस हार्डी	ar,en,es,fi,fr,hi,it,sv,zh
https://ar.wikipedia.org/wiki/%D9%83%D9%8A%D9%86%D8%BA%D8%B3%D8%AA%D8%A7%D9%88%D9%86	كينغستاون	ar,en,es,fi,fr,hi,it,sv,zh
https://hi.wikipedia.org/wiki/%E0%A4%AA%E0%A4%BE%E0%A4%B0%E0%A4%82%E0%A4%AA%E0%A4%B0%E0%A4%BF%E0%A4%95_%E0%A4%A5%E0%A4%BE%E0%A4%88_%E0%A4%AE%E0%A4%BE%E0%A4%B2%E0%A4%BF%E0%A4%B6	पारंपरिक थाई मालिश	ar,en,es,fi,fr,hi,it,sv,zh
https://ar.wikipedia.org/wiki/%D8%A7%D9%84%D8%B5%D9%88%D9%85%D8%A7%D9%84_%D8%A7%D9%84%D8%A5%D9%8A%D8%B7%D8%A7%D9%84%D9%8A	الصومال الإيطالي	ar,en,es,fi,fr,it,sv,zh
https://ar.wikipedia.org/wiki/%D8%AD%D8%AF%D9%8A%D9%82%D8%A9_%D9%85%D9%86%D8%B2%D9%84%D9%8A%D8%A9	حديقة منزلية	ar,en,es,fi,fr,hi,it,sv,zh
https://fr.wikipedia.org/wiki/Guerre_du_Tigr%C3%A9	Guerre du Tigré	ar,en,es,fi,fr,it,sv,zh
https://hi.wikipedia.org/wiki/%E0%A4%95%E0%A4%BC%E0%A4%B8%E0%A5%82%E0%A4%B0	क़सूर	ar,en,es,fi,fr,hi,it,sv,zh
https://fr.wikipedia.org/wiki/G%C3%A2teau_au_chocolat	Gâteau au chocolat	ar,en,es,fi,fr,it,zh
https://ar.wikipedia.org/wiki/%D8%B4%D8%A7%D8%BA%D9%88%D8%B3%D9%8A%D9%88%D9%86	شاغوسيون	ar,en,es,fi,fr,it,sv,zh
https://hi.wikipedia.org/wiki/%E0%A4%B8%E0%A5%8D%E0%A4%AA%E0%A5%87%E0%A4%A8_%E0%A4%95%E0%A4%BE_%E0%A4%AA%E0%A5%8D%E0%A4%B0%E0%A4%A7%E0%A4%BE%E0%A4%A8_%E0%A4%AE%E0%A4%A8%E0%A5%8D%E0%A4%A4%E0%A5%8D%E0%A4%B0%E0%A5%80	स्पेन का प्रधान मन्त्री	ar,en,es,fi,fr,hi,it,zh
https://hi.wikipedia.org/wiki/%E0%A4%97%E0%A5%81%E0%A4%87%E0%A4%B2%E0%A5%87%E0%A4%A8-%E0%A4%AC%E0%A5%88%E0%A4%B0%E0%A5%87_%E0%A4%B8%E0%A4%BF%E0%A4%82%E0%A4%A1%E0%A5%8D%E0%A4%B0%E0%A5%8B%E0%A4%AE_(%E0%A4%9C%E0%A5%80%E0%A4%AC%E0%A5%80%E0%A4%8F%E0%A4%B8)	गुइलेन-बैरे सिंड्रोम (जीबीएस)	ar,en,es,fi,fr,hi,it,sv,zh
https://hi.wikipedia.org/wiki/%E0%A4%AC%E0%A5%8D%E0%A4%B0%E0%A4%BE%E0%A4%82%E0%A4%A1_%E0%A4%87%E0%A4%95%E0%A5%8D%E0%A4%B5%E0%A4%BF%E0%A4%9F%E0%A5%80	ब्रांड इक्विटी	ar,en,es,hi,it,sv,zh
https://hi.wikipedia.org/wiki/%E0%A4%AE%E0%A4%BE%E0%A4%82%E0%A4%A3%E0%A5%8D%E0%A4%A1%E0%A5%80_%E0%A4%A5%E0%A4%B0%E0%A5%8D%E0%A4%B8%E0%A4%A1%E0%A5%87	मांण्डी थर्सडे	ar,en,es,fi,fr,hi,it,sv,zh
https://hi.wikipedia.org/wiki/%E0%A4%AB%E0%A4%BC%E0%A4%BF%E0%A4%B2%E0%A4%BF%E0%A4%AA%E0%A5%80%E0%A4%A8_%E0%A4%97%E0%A4%B0%E0%A5%8D%E0%A4%A4	फ़िलिपीन गर्त	ar,en,es,fi,fr,hi,it,sv,zh
https://hi.wikipedia.org/wiki/%E0%A4%85%E0%A4%B2%E0%A5%8D%E0%A4%AB%E0%A4%BC%E0%A4%BE_%E0%A4%91%E0%A4%AB%E0%A4%BC%E0%A5%80%E0%A4%AF%E0%A5%82%E0%A4%95%E0%A5%80_%E0%A4%A4%E0%A4%BE%E0%A4%B0%E0%A4%BE	अल्फ़ा ऑफ़ीयूकी तारा	ar,en,es,fi,fr,hi,it,sv,zh
https://ar.wikipedia.org/wiki/%D9%84%D8%A7%D9%83%D9%88%D9%86_3240	لاكون 3240	ar,en,es,fr,it,sv,zh
https://fr.wikipedia.org/wiki/Turcs_(peuple)	Turcs (peuple)	ar,en,es,fi,fr,it,sv,zh
https://hi.wikipedia.org/wiki/%E0%A4%AE%E0%A4%9C%E0%A4%B9%E0%A4%AC_%E0%A4%95%E0%A5%80_%E0%A4%86%E0%A4%B2%E0%A5%8B%E0%A4%9A%E0%A4%A8%E0%A4%BE	मजहब की आलोचना	ar,en,es,fi,fr,hi,it,sv
https://hi.wikipedia.org/wiki/%E0%A4%AE%E0%A4%A7%E0%A5%8D%E0%A4%AF-%E0%A4%AA%E0%A5%82%E0%A4%B0%E0%A5%8D%E0%A4%B5_%E0%A4%9A%E0%A5%8C%E0%A4%95%E0%A4%A1%E0%A4%BC%E0%A5%80	मध्य-पूर्व चौकड़ी	ar,en,es,fr,hi,it,zh
https://hi.wikipedia.org/wiki/%E0%A5%A7%E0%A5%AE%E0%A5%AB%E0%A5%A7	१८५१	ar,en,es,fi,fr,hi,it,sv,zh
https://hi.wikipedia.org/wiki/%E0%A4%B8%E0%A5%8B%E0%A4%A1%E0%A4%BF%E0%A4%AF%E0%A4%AE_%E0%A4%B8%E0%A4%B2%E0%A5%8D%E0%A4%AB%E0%A5%87%E0%A4%9F	सोडियम सल्फेट	ar,en,es,fi,fr,hi,it,sv,zh
https://ar.wikipedia.org/wiki/%D8%AE%D8%B7%D9%88%D8%B7_%D8%A7%D9%84%D9%88%D9%84%D8%A7%D9%8A%D8%A7%D8%AA_%D8%A7%D9%84%D9%85%D8%AA%D8%AD%D8%AF%D8%A9_%D8%A7%D9%84%D8%AC%D9%88%D9%8A%D8%A9	خطوط الولايات المتحدة الجوية	ar,en,es,fi,fr,it,sv,zh
https://ar.wikipedia.org/wiki/%D8%B4%D9%8A%D9%85%D9%83%D9%86%D8%AA	شيمكنت	ar,en,es,fi,fr,it,sv,zh
https://hi.wikipedia.org/wiki/%E0%A4%85%E0%A4%AE%E0%A5%87%E0%A4%9C%E0%A4%BC%E0%A4%A8_%E0%A4%B5%E0%A4%B0%E0%A5%8D%E0%A4%B7%E0%A4%BE%E0%A4%B5%E0%A4%A8	अमेज़न वर्षावन	ar,en,fi,fr,hi,sv,zh
https://fr.wikipedia.org/wiki/Louis_Antoine_de_Bourbon	Louis Antoine de Bourbon	ar,en,es,fr,it,sv,zh
https://fr.wikipedia.org/wiki/Fromezey	Fromezey	en,es,fi,fr,it,sv,zh
https://ar.wikipedia.org/wiki/%D9%85%D8%AA%D9%84%D8%A7%D8%B2%D9%85%D8%A9_%D8%A7%D9%84%D8%B4%D8%B1%D9%8A%D8%A7%D9%86_%D8%A7%D9%84%D8%AA%D8%A7%D8%AC%D9%8A_%D8%A7%D9%84%D8%AD%D8%A7%D8%AF%D8%A9	متلازمة الشريان التاجي الحادة	ar,en,es,fr,hi,it,sv,zh
https://hi.wikipedia.org/wiki/%E0%A4%B8%E0%A5%87%E0%A4%B2%E0%A5%87%E0%A4%A8%E0%A4%BE	सेलेना	ar,en,es,fi,fr,hi,it,sv,zh
https://ar.wikipedia.org/wiki/%D9%86%D8%AC%D9%8A%D9%84	نجيل	ar,en,es,fi,fr,it,sv,zh
https://hi.wikipedia.org/wiki/%E0%A4%9F%E0%A4%A8	टन	ar,en,es,fi,fr,hi,it,sv,zh
https://hi.wikipedia.org/wiki/%E0%A4%95%E0%A4%BF%E0%A4%B0%E0%A4%BF%E0%A4%AF%E0%A4%BE%E0%A4%95%E0%A5%8B%E0%A4%B8_%E0%A4%AE%E0%A4%BF%E0%A4%A4%E0%A5%8D%E0%A4%B8%E0%A5%8B%E0%A4%A4%E0%A4%BE%E0%A4%95%E0%A4%BF%E0%A4%B8	किरियाकोस मित्सोताकिस	ar,en,es,fi,fr,hi,it,sv,zh
https://hi.wikipedia.org/wiki/%E0%A4%95%E0%A4%BF%E0%A4%AE%E0%A4%BF%E0%A4%95%E0%A5%8B_%E0%A4%A6%E0%A4%BE%E0%A4%A4%E0%A5%87	किमिको दाते	ar,en,es,fi,fr,hi,it,sv,zh
https://hi.wikipedia.org/wiki/%E0%A4%B8%E0%A4%82%E0%A4%AF%E0%A5%81%E0%A4%95%E0%A5%8D%E0%A4%A4_%E0%A4%B0%E0%A4%BE%E0%A4%B7%E0%A5%8D%E0%A4%9F%E0%A5%8D%E0%A4%B0_%E0%A4%B5%E0%A5%8D%E0%A4%AF%E0%A4%BE%E0%A4%AA%E0%A4%BE%E0%A4%B0_%E0%A4%94%E0%A4%B0_%E0%A4%B5%E0%A4%BF%E0%A4%95%E0%A4%BE%E0%A4%B8_%E0%A4%B8%E0%A4%AE%E0%A5%8D%E0%A4%AE%E0%A5%87%E0%A4%B2%E0%A4%A8	संयुक्त राष्ट्र व्यापार और विकास सम्मेलन	ar,en,es,fi,fr,hi,it,sv,zh
https://hi.wikipedia.org/wiki/%E0%A4%A8%E0%A4%B9%E0%A4%BE%E0%A4%B5%E0%A4%82%E0%A4%A6	नहावंद	ar,en,es,fr,hi,it,sv,zh
https://ar.wikipedia.org/wiki/%D9%86%D9%88%D8%B1%D8%AB%D8%B1%D9%88%D8%A8_(%D9%85%D9%8A%D9%86%D9%8A%D8%B3%D9%88%D8%AA%D8%A7)	نورثروب (مينيسوتا)	ar,en,es,fr,it,sv,zh
https://hi.wikipedia.org/wiki/%E0%A4%B8%E0%A5%81%E0%A4%B2%E0%A4%A4%E0%A4%BE%E0%A4%A8%E0%A4%AA%E0%A5%81%E0%A4%B0_%E0%A4%9C%E0%A4%BF%E0%A4%B2%E0%A4%BE	सुलतानपुर जिला	ar,en,es,fr,hi,it,sv,zh
https://hi.wikipedia.org/wiki/%E0%A4%AA%E0%A4%B0%E0%A4%AA%E0%A5%80%E0%A4%A1%E0%A4%BC%E0%A4%A8-%E0%A4%B0%E0%A4%A4%E0%A4%BF	परपीड़न-रति	ar,en,es,fi,fr,hi,it,sv,zh
https://fr.wikipedia.org/wiki/Villas_de_Palladio_en_V%C3%A9n%C3%A9tie	Villas de Palladio en Vénétie	ar,en,es,fi,fr,it,sv,zh
https://hi.wikipedia.org/wiki/%E0%A4%AA%E0%A5%8D%E0%A4%AF%E0%A4%BE%E0%A4%9C	प्याज	ar,en,es,fi,fr,hi,it,sv,zh
https://fr.wikipedia.org/wiki/Tejado	Tejado	ar,en,es,fr,it,sv,zh
https://hi.wikipedia.org/wiki/%E0%A4%B8%E0%A5%8D%E0%A4%B5%E0%A4%B8%E0%A4%82%E0%A4%97%E0%A4%A0%E0%A4%A8	स्वसंगठन	ar,en,es,fi,fr,hi,it,zh
https://fr.wikipedia.org/wiki/Comt%C3%A9_de_Washington_(Floride)	Comté de Washington (Floride)	ar,en,es,fi,fr,it,sv,zh
https://ar.wikipedia.org/wiki/%D8%AC%D8%BA%D8%B1%D8%A7%D9%81%D9%8A%D8%A7_%D8%A7%D9%84%D8%A8%D8%B1%D8%A7%D8%B2%D9%8A%D9%84	جغرافيا البرازيل	ar,en,es,fi,fr,hi,zh
https://hi.wikipedia.org/wiki/%E0%A4%93%E0%A4%A6%E0%A4%BF%E0%A4%B8%E0%A5%80	ओदिसी	ar,en,es,fi,fr,hi,it,sv,zh
https://fr.wikipedia.org/wiki/Instruction_%C3%A0_domicile	Instruction à domicile	ar,en,es,fi,fr,it,sv,zh
https://ar.wikipedia.org/wiki/%D9%88%D8%A7%D8%AF%D9%8A_%D9%81%D8%B1%D8%BA%D8%A7%D9%86%D8%A9	وادي فرغانة	ar,en,es,fi,fr,hi,it,sv,zh
https://hi.wikipedia.org/wiki/%E0%A4%AE%E0%A4%BE%E0%A4%A8%E0%A4%A8%E0%A5%80%E0%A4%AF	माननीय	ar,en,es,fr,hi,sv,zh
https://hi.wikipedia.org/wiki/%E0%A4%9F%E0%A5%8D%E0%A4%B0%E0%A5%88%E0%A4%95%E0%A5%8D%E0%A4%9F%E0%A4%B0	ट्रैक्टर	ar,en,es,fi,fr,hi,it,sv,zh
https://ar.wikipedia.org/wiki/%D8%B7%D9%8A%D8%B1%D8%A7%D9%86_%D8%B3%D8%B1%D9%8A%D9%88%D9%8A%D8%AC%D8%A7%D9%8A%D8%A7_%D8%A7%D9%84%D8%B1%D8%AD%D9%84%D8%A9_182	طيران سريويجايا الرحلة 182	ar,en,es,fi,fr,hi,it,sv,zh
https://ar.wikipedia.org/wiki/%D9%81%D8%A7%D9%84%D9%81%D9%8A%D9%86%D9%8A%D9%8A%D8%B1	فالفينيير	ar,en,es,fr,it,sv,zh
https://fr.wikipedia.org/wiki/Proton	Proton	ar,en,es,fi,fr,hi,it,sv,zh
https://ar.wikipedia.org/wiki/%D8%AF%D8%A7%D9%86%D9%8A%D8%A7%D9%84_%D8%A8%D8%A7%D9%88%D8%AA%D9%8A%D8%B3%D8%AA%D8%A7	دانيال باوتيستا	ar,en,es,fi,fr,it,sv,zh
https://ar.wikipedia.org/wiki/%D8%A7%D9%84%D8%AF%D9%88%D8%B1%D9%8A_%D8%A7%D9%84%D8%A3%D9%84%D9%85%D8%A7%D9%86%D9%8A_1982%E2%80%9383	الدوري الألماني 1982–83	ar,en,es,fi,fr,it,sv,zh
https://ar.wikipedia.org/wiki/%D9%83%D8%B1%D9%8A%D8%B3_%D8%AF%D8%B1%D8%A7%D8%A8%D8%B1	كريس درابر	ar,en,es,fr,it,sv,zh
https://fr.wikipedia.org/wiki/%C3%89douard_VI	Édouard VI	ar,en,es,fi,fr,hi,it,sv,zh
https://hi.wikipedia.org/wiki/%E0%A4%B8%E0%A5%8D%E0%A4%AA%E0%A5%87%E0%A4%A8-%E0%A4%A8%E0%A4%BF%E0%A4%AF%E0%A4%82%E0%A4%A4%E0%A5%8D%E0%A4%B0%E0%A4%BF%E0%A4%A4_%E0%A4%89%E0%A4%A4%E0%A5%8D%E0%A4%A4%E0%A4%B0_%E0%A4%85%E0%A4%AB%E0%A4%BC%E0%A5%8D%E0%A4%B0%E0%A5%80%E0%A4%95%E0%A5%80_%E0%A4%95%E0%A5%8D%E0%A4%B7%E0%A5%87%E0%A4%A4%E0%A5%8D%E0%A4%B0	स्पेन-नियंत्रित उत्तर अफ़्रीकी क्षेत्र	ar,en,es,fi,fr,hi,it,sv,zh
https://ar.wikipedia.org/wiki/%D8%B4%D9%82%D9%88%D8%B1%D8%A9_(%D8%AC%D9%8A%D8%A7%D9%86)	شقورة (جيان)	ar,en,es,fr,it,sv,zh
https://fr.wikipedia.org/wiki/Syst%C3%A8me_d%27unit%C3%A9s_naturelles	Système d'unités naturelles	ar,en,fi,fr,it,sv,zh
https://ar.wikipedia.org/wiki/%D8%A5%D9%85%D8%A7%D8%B1%D8%A9_%D8%AA%D9%81%D9%84%D9%8A%D8%B3%D9%8A	إمارة تفليسي	ar,en,es,fr,it,sv,zh
https://fr.wikipedia.org/wiki/Arisa_Matsubara	Arisa Matsubara	ar,en,es,fi,fr,it,sv,zh
https://ar.wikipedia.org/wiki/%D8%A8%D9%88%D9%83%D9%8A%D8%B1%D9%88_%D8%AF%D9%88_%D9%84%D9%8A%D9%88	بوكيرو دو ليو	ar,en,es,fr,it,sv,zh
https://fr.wikipedia.org/wiki/Encinas_de_Esgueva	Encinas de Esgueva	ar,en,es,fr,it,sv,zh
https://fr.wikipedia.org/wiki/Laura_Benanti	Laura Benanti	ar,en,es,fr,it,sv,zh
https://hi.wikipedia.org/wiki/%E0%A4%A6%E0%A5%87%E0%A4%9C%E0%A4%BF%E0%A4%AE%E0%A4%BE	देजिमा	ar,en,es,fi,fr,hi,it,sv,zh
https://hi.wikipedia.org/wiki/%E0%A4%85%E0%A4%B5%E0%A4%AE%E0%A4%82%E0%A4%A6%E0%A4%95_%E0%A4%B5%E0%A4%BF%E0%A4%95%E0%A4%BF%E0%A4%B0%E0%A4%A3	अवमंदक विकिरण	ar,en,es,fi,fr,hi,it,sv,zh
https://fr.wikipedia.org/wiki/Budget	Budget	ar,en,es,fi,fr,hi,it,sv,zh
https://fr.wikipedia.org/wiki/Digital_Equipment_Corporation	Digital Equipment Corporation	ar,en,es,fi,fr,it,sv,zh
https://hi.wikipedia.org/wiki/%E0%A4%87%E0%A4%AC%E0%A5%8D%E0%A4%A8_%E0%A4%85%E0%A4%B2-%E0%A4%B9%E0%A5%87%E0%A4%A5%E0%A4%AE	इब्न अल-हेथम	ar,en,es,fi,fr,hi,it,sv,zh
https://fr.wikipedia.org/wiki/Lancaster_(Californie)	Lancaster (Californie)	ar,en,es,fi,fr,it,sv,zh
https://hi.wikipedia.org/wiki/%E0%A4%B5%E0%A4%BE%E0%A4%A8%E0%A5%81%E0%A4%86_%E0%A4%B2%E0%A5%87%E0%A4%B5%E0%A5%81	वानुआ लेवु	ar,en,es,fi,fr,hi,it,sv,zh
