index	url-idx	Primary Wikipedia URL	title	URL-hi	question	model_id	output_text
0	23	https://en.wikipedia.org/wiki/White_Collar_(TV_series)	White Collar (TV series)	https://hi.wikipedia.org/wiki/%E0%A4%B5%E0%A5%8D%E0%A4%B9%E0%A4%BE%E0%A4%87%E0%A4%9F_%E0%A4%95%E0%A5%89%E0%A4%B2%E0%A4%B0	वाइट कॉलर टीवी शृंख्ला में मुख़्य किरदार को जेल कैद क्यों होती है ?	nickmalhotra/ProjectIndus	सजायाफ्ता कैदियों को टेलीविज़न (टेलीविज़न) सीरीज़ 'जेल में बंद' के लिए वाइट कॉलर टीवी के रूप में पेश किया जाता है। वाइट कॉलर टेलीविज़न शृंखला में मुख़्य किरदार में पुलिस (पुलिस जे) द्वारा बन्दी बनाये जाने पर जेल से बचने के लिए उन्हें शारीरिक व मानसिक रूप से अक्षम दिखाया गया है। 'जेल में बंद' कहानी कहने का एक अनूठा माध्यम है, क्योंकि यह एक जेल में कैदी की स्थिति को दर्शाता है। जेल में कैदी के रूप में एक कैदी के जीवन के आसपास केंद्रित है। कैदी को जेल में किसी अपराध के लिए दोषी ठहराया गया है और वह अब अपनी सजा का काट रहा है। वाइट कॉलर टीवी सीरीज़ में एक जेल में कैदी की स्थिति को दर्शाया गया है, जिसमें एक कैदी का जीवन दिन-प्रति-दिन चलता रहता है और उसकी मानसिक, शारीरिक और भावनात्मक समस्याएं कैदी पर उनके अपने नियंत्रण से परे रहती हैं। कुल मिलाकर, वाइट कॉलर टीवी सीरीज़ में मुख्य पात्रों में से एक को जेल कैद के रूप में दर्शाया गया है, जो वास्तविकता के अनुरूप है। कैदी को जेल में कैद कर दिया गया है, जिसमें उसे जेल अधिकारियों, डॉक्टरों और समाज द्वारा निभाई गई एक भ्रष्ट और हिंसक भूमिका के लिए दोषी ठहराया गया है। यह जेल में कैद कहानी के सार का प्रतिबिंब है, और उस जेल जीवन का समाज और दुनिया के लिए एक संदेश प्रदान करता है।
1	34	https://en.wikipedia.org/wiki/Galicia_(Spain)	Galicia (Spain)	https://hi.wikipedia.org/wiki/%E0%A4%97%E0%A4%B2%E0%A4%BF%E0%A4%B6%E0%A4%BF%E0%A4%AF%E0%A4%BE_(%E0%A4%B8%E0%A5%8D%E0%A4%AA%E0%A5%87%E0%A4%A8)	गलिशिया यूरोप के किस देश का हिस्सा है ?	nickmalhotra/ProjectIndus	घलंडिया के पास स्वीडन, कोरिया और मेक्सिको के साथ भूमि विवाद है, जैसा कि २००८ में कोनकेड द्वारा प्रकाशित किया गया था।
2	36	https://zh.wikipedia.org/wiki/%E5%92%8C%E5%B9%B3%E5%8F%B7%E7%A9%BA%E9%97%B4%E7%AB%99	和平号空间站	https://hi.wikipedia.org/wiki/%E0%A4%AE%E0%A5%80%E0%A4%B0	मीर अंतरिक्ष स्टेशन का प्रक्षेपण  किस देश ने किया है ?	nickmalhotra/ProjectIndus	मीर अंतरिक्ष स्टेशन का प्रक्षेपण चीन ने किया है।
3	37	https://zh.wikipedia.org/wiki/%E6%88%B4%E5%A4%AB%C2%B7%E5%BC%97%E8%98%AD%E7%A7%91	戴夫·弗蘭科	https://hi.wikipedia.org/wiki/%E0%A4%A1%E0%A5%87%E0%A4%B5_%E0%A4%AB%E0%A5%8D%E0%A4%B0%E0%A5%87%E0%A4%82%E0%A4%95%E0%A5%8B	डवे फ्रेंको अपने जीवनसाथी से मिलने के कितने समय बाद विवाह किया ?	sarvamai/OpenHathi-7B-Hi-v0.1-Base	डवे फ्रेंको अपने जीवनसाथी से मिलने के कितने समय बाद विवाह किया ? Answer: --- डव फ्रेंक ने 1998 में अपनी पत्नी से शादी की।
4	63	https://sv.wikipedia.org/wiki/F%C3%B6rlossning	Förlossning	https://hi.wikipedia.org/wiki/%E0%A4%B8%E0%A4%A8%E0%A5%8D%E0%A4%A4%E0%A4%BE%E0%A4%A8_%E0%A4%AA%E0%A5%8D%E0%A4%B0%E0%A4%B8%E0%A4%B5	सामान्य मानव जन्म में पूरे कितने चरण होते है ?	nickmalhotra/ProjectIndus	सामान्य मानव जन्म में पूरे एक चरण होते हैं ।
5	76	https://en.wikipedia.org/wiki/Antenna_(biology)	Antenna (biology)	https://hi.wikipedia.org/wiki/%E0%A4%B6%E0%A5%83%E0%A4%82%E0%A4%97%E0%A4%BF%E0%A4%95%E0%A4%BE	शृंगिका का उपयोग किन किन कार्यो के लिए होता है ?	nickmalhotra/ProjectIndus	शृंगिका का उपयोग मुख्य रूप से संगीत में किया जाता है। इसका उपयोग विभिन्न प्रकार के वाद्ययंत्रों जैसे ढोल, तबला, हारमोनियम, वायलिन, बांसुरी आदि के लिए किया जाता है। १. ढोलः ढोल एक वाद्य यंत्र है जिसका उपयोग विभिन्न प्रकार के वाद्ययंत्रों जैसे ढोल, तबला, हारमोनियम, वायलिन, बांसुरी आदि के लिए किया जाता है। २. तबलाः तबला एक वाद्य यंत्र है जिसका उपयोग विभिन्न प्रकार के वाद्ययंत्रों जैसे ढोल, तबला, हारमोनियम, वायलिन, बांसुरी आदि के लिए किया जाता है। ३. हारमोनियमः हारमोनियम एक वाद्य यंत्र है जिसका उपयोग विभिन्न प्रकार के वाद्ययंत्रों जैसे ढोल, तबला, हारमोनियम, वायलिन, बांसुरी आदि के लिए किया जाता है। ४. वायलिनः वायलिन एक वाद्य यंत्र है जिसका उपयोग विभिन्न प्रकार के वाद्ययंत्रों जैसे ढोल, तबला, हारमोनियम, वायलिन, बांसुरी आदि के लिए किया जाता है। ५. बांसुरी एक वाद्य यंत्र है जिसका उपयोग विभिन्न प्रकार के वाद्ययंत्रों जैसे ढोल, तबला, हारमोनियम, वायलिन, बांसुरी आदि के लिए किया जाता है। ६. हारमोनियमः हारमोनियम एक वाद्य यंत्र है जिसका उपयोग विभिन्न प्रकार के वाद्ययंत्रों जैसे ढोल, तबला, हारमोनियम, वायलिन, बांसुरी आदि के लिए किया जाता है। ७. हारमोनियमः हारमोनियम एक वाद्य यंत्र है जिसका उपयोग विभिन्न प्रकार के वाद्ययंत्रों जैसे ढोल, तबला, हारमोनियम, वायलिन, बांसुरी आदि के लिए किया जाता है। ८. हारमोनियमः हारमोनियम एक वाद्य यंत्र है जिसका उपयोग विभिन्न प्रकार के वाद्ययंत्रों जैसे ढोल, तबला, हारमोनियम, वायलिन, बांसुरी आदि के लिए किया जाता है। ९. हारमोनियमः हारमोनियम एक वाद्य यंत्र है जिसका उपयोग विभिन्न प्रकार के वाद्ययंत्रों जैसे ढोल, तबला, हारमोनियम, वायलिन, बांसुरी आदि के लिए किया जाता है। १०. हारमोनियमः हारमोनियम एक वाद्य यंत्र है जिसका उपयोग विभिन्न प्रकार के वाद्ययंत्रों जैसे ढोल, तबला, हारमोनियम, वायलिन, बांसुरी आदि के लिए किया जाता है। ११. हारमोनियमः हारमोनियम एक वाद्य यंत्र है जिसका उपयोग विभिन्न प्रकार के वाद्ययंत्रों जैसे ढोल, तबला, हारमोनियम, वायलिन, बांसुरी आदि के लिए किया जाता है। १२. हारमोनियमः हारमोनियम एक वाद्य यंत्र है जिसका उपयोग विभिन्न प्रकार के वाद्ययंत्रों जैसे ढोल, तबला, हारमोनियम, वायलिन, बांसुरी आदि के लिए किया जाता है। १३. हारमोनियमः हारमोनियम एक वाद्य यंत्र है जिसका उपयोग विभिन्न प्रकार के वाद्ययंत्रों जैसे ढोल, तबला, हारमोनियम, वायलिन, बांसुरी आदि के लिए किया जाता है। १४. हारमोनियमः हारमोनियम एक वाद्य यंत्र है जिसका उपयोग विभिन्न प्रकार के वाद्ययंत्रों जैसे 
6	82	https://zh.wikipedia.org/wiki/%E8%85%A6%E6%80%A7%E9%BA%BB%E7%97%BA	腦性麻痺	https://hi.wikipedia.org/wiki/%E0%A4%AA%E0%A5%8D%E0%A4%B0%E0%A4%AE%E0%A4%B8%E0%A5%8D%E0%A4%A4%E0%A4%BF%E0%A4%B7%E0%A5%8D%E0%A4%95_%E0%A4%85%E0%A4%82%E0%A4%97%E0%A4%98%E0%A4%BE%E0%A4%A4	प्रमस्तिष्क अंगघात बीमारी को पहली बार किस चिकित्सक और कब पता लगाया था ?	nickmalhotra/ProjectIndus	प्रमस्तिष्क अंगघात बीमारी को पहली बार १८८२ में जॉन हॉपकिन्स द्वारा पता लगाया गया था। यह बीमारी मस्तिष्क के ऊतकों में रक्तस्राव के कारण होती है, जिसे रक्तस्रावी मस्तिष्कशोथ के रूप में जाना जाता है।
7	85	https://fr.wikipedia.org/wiki/Khobar	Khobar	https://hi.wikipedia.org/wiki/%E0%A4%85%E0%A4%B2-%E0%A4%96%E0%A5%8B%E0%A4%AC%E0%A4%B0	अल-खोबर में कौन सी भारतीय संस्था स्थित है?	nickmalhotra/ProjectIndus	अल-खोबर में केंद्रीय कृषि विश्वविद्यालय स्थित है।
8	103	https://en.wikipedia.org/wiki/Kremlin_(fortification)	Kremlin (fortification)	https://hi.wikipedia.org/wiki/%E0%A4%95%E0%A5%8D%E0%A4%B0%E0%A5%87%E0%A4%AE%E0%A4%B2%E0%A4%BF%E0%A4%A8	मास्को स्थित दुर्ग किस रंग के ईटो से बनाई गयी दीवारों से घिरा हुआ है?	nickmalhotra/ProjectIndus	मास्को स्थित दुर्ग सफेद ईटो से बनाई गई दीवारों से घिरा हुआ है। मास्को स्थित दुर्ग को ज़हरीली गैस वाले रॉकेट से नष्ट कर दिया गया था।
9	111	https://fr.wikipedia.org/wiki/Diab%C3%A8te_de_type_2	Diabète de type 2	https://hi.wikipedia.org/wiki/%E0%A4%AE%E0%A4%A7%E0%A5%81%E0%A4%AE%E0%A5%87%E0%A4%B9_%E0%A4%9F%E0%A4%BE%E0%A4%87%E0%A4%AA_2	आईसीडी १० E ११ का मुख्य कारण क्या है ?	nickmalhotra/ProjectIndus	आईसीडी १० ई ११ का मुख्य कारण पर्यावरणीय क्षरण है।
10	114	https://zh.wikipedia.org/wiki/%E6%B3%A2%E8%A5%BF%E7%B8%A3_(%E5%8D%B0%E7%AC%AC%E5%AE%89%E7%B4%8D%E5%B7%9E)	波西縣 (印第安納州)	https://hi.wikipedia.org/wiki/%E0%A4%AA%E0%A5%8B%E0%A4%B8%E0%A5%80_%E0%A4%95%E0%A4%BE%E0%A4%89%E0%A4%82%E0%A4%9F%E0%A5%80,_%E0%A4%87%E0%A4%82%E0%A4%A1%E0%A4%BF%E0%A4%AF%E0%A4%BE%E0%A4%A8%E0%A4%BE	पोसी काउंटी किस स्टेट में स्थित है?	nickmalhotra/ProjectIndus	पोसी काउंटी संयुक्त राज्य अमेरिका के मिनेसोटा राज्य में स्थित है।
11	120	https://zh.wikipedia.org/wiki/695%E5%B9%B4	695年	https://hi.wikipedia.org/wiki/695	695 किस कैलेंडर का वर्ष है?	meta-llama/Meta-Llama-3-8B-Instruct	695 है जूलियन कैलेंडर का वर्ष, जो कि 45वाँ वर्ष है जूलियन कैलेंडर के शुरुआत के बाद से ( anno Domini के शुरुआत के बाद से)।
12	142	https://zh.wikipedia.org/wiki/Windows_Neptune	Windows Neptune	https://hi.wikipedia.org/wiki/%E0%A4%AE%E0%A4%BE%E0%A4%87%E0%A4%95%E0%A5%8D%E0%A4%B0%E0%A5%8B%E0%A4%B8%E0%A5%89%E0%A4%AB%E0%A5%8D%E0%A4%9F_%E0%A4%A8%E0%A5%87%E0%A4%AA%E0%A4%9A%E0%A5%8D%E0%A4%AF%E0%A5%82%E0%A4%A8	माइक्रोसॉफ्ट नेपच्यून किस वर्ष में कार्यकारी स्थिति किया गया था ?	nickmalhotra/ProjectIndus	माइक्रोसॉफ्ट नेपच्यून २००१ में एक कार्यकारी स्थिति प्राप्त हुई थी ।
13	165	https://en.wikipedia.org/wiki/Bruce_Sterling	Bruce Sterling	https://hi.wikipedia.org/wiki/%E0%A4%AC%E0%A5%8D%E0%A4%B0%E0%A5%82%E0%A4%B8_%E0%A4%B8%E0%A5%8D%E0%A4%9F%E0%A4%B0%E0%A5%8D%E0%A4%B2%E0%A4%BF%E0%A4%82%E0%A4%97	ब्रूस स्टर्लिंग का जन्म किस देश में हुआ था ?	meta-llama/Meta-Llama-3-8B-Instruct	ब्रूस स्टर्लिंग का जन्म स्कॉटलैंड में हुआ था।
14	172	https://fr.wikipedia.org/wiki/Johnny_Cash	Johnny Cash	https://hi.wikipedia.org/wiki/%E0%A4%9C%E0%A5%89%E0%A4%A8%E0%A5%80_%E0%A4%95%E0%A5%88%E0%A4%B6	जॉनी कैश की मृत्यु किस वजह से हुई थी ?	nickmalhotra/ProjectIndus	"जॉनी कैश की मृत्यु १९७५ में हुई थी. उन्हें उनकी फिल्म ""द मैन हू वुड हैव टू डाई"" में उनकी भूमिका के लिए जाना जाता था।"
15	177	https://en.wikipedia.org/wiki/Takara	Takara	https://hi.wikipedia.org/wiki/%E0%A4%9F%E0%A4%95%E0%A4%BE%E0%A4%B0%E0%A4%BE	टकारा कंपनी लिमिटेड का आधिकारिक समापन क्यों हुआ ?	nickmalhotra/ProjectIndus	टकारा कंपनी लिमिटेड का आधिकारिक समापन १९३९ में हुआ था. यह भारत में एक निजी लिमिटेड कंपनी थी जिसका गठन १९३९ में भारतीय राष्ट्रीय कांग्रेस (आई. एन. सी.) के समर्थन से हुआ था। यह भारत में एक निजी लिमिटेड कंपनी थी जिसका गठन १९३९ में भारतीय राष्ट्रीय कांग्रेस (आई. एन. सी.) के समर्थन से हुआ था। टकारा कंपनी लिमिटेड का गठन १९३९ में भारतीय राष्ट्रीय कांग्रेस (आई. एन. सी.) के समर्थन से हुआ था और इसका मुख्यालय नई दिल्ली में स्थित था।
16	179	https://fr.wikipedia.org/wiki/14_octobre	14 octobre	https://hi.wikipedia.org/wiki/%E0%A5%A7%E0%A5%AA_%E0%A4%85%E0%A4%95%E0%A5%8D%E0%A4%9F%E0%A5%82%E0%A4%AC%E0%A4%B0	रजिया सुल्तान का निधन कब हुआ था ?	nickmalhotra/ProjectIndus	रजिया सुल्तान का निधन १४ जून, १६१९ को हुआ था ।
17	211	https://zh.wikipedia.org/wiki/%E5%A4%96%E4%BA%A4%E4%BB%A3%E8%A1%A8%E6%A9%9F%E6%A7%8B	外交代表機構	https://hi.wikipedia.org/wiki/%E0%A4%B0%E0%A4%BE%E0%A4%9C%E0%A4%A8%E0%A4%AF%E0%A4%BF%E0%A4%95_%E0%A4%AE%E0%A4%BF%E0%A4%B6%E0%A4%A8	 वियाना कन्वेन्शन किस तारीख को प्रभावित  हुआ था ?	nickmalhotra/ProjectIndus	वियाना कन्वेन्शन १८७९ में हुआ था ।
18	254	https://sv.wikipedia.org/wiki/C%C3%B3rdobaemiratet	Córdobaemiratet	https://hi.wikipedia.org/wiki/%E0%A4%95%E0%A5%8B%E0%A4%B0%E0%A5%8D%E0%A4%A1%E0%A5%8B%E0%A4%AC%E0%A4%BE_%E0%A4%96%E0%A4%BF%E0%A4%B2%E0%A4%BE%E0%A4%AB%E0%A4%A4	कोर्डोबा खिलाफत को किस वंश ने राज किया था ?	nickmalhotra/ProjectIndus	कोर्डोबा खिलाफत को अलेक्जेंडर सेवेरस द्वितीय ने स्थापित किया था।
19	279	https://zh.wikipedia.org/wiki/%E4%B8%96%E7%95%8C%E5%9B%BD%E9%99%85%E8%B1%A1%E6%A3%8B%E8%81%94%E5%90%88%E4%BC%9A	世界国际象棋联合会	https://hi.wikipedia.org/wiki/%E0%A4%AB%E0%A4%BE%E0%A4%87%E0%A4%A1	अंतर्राष्ट्रीय शतरंज संघ की स्थापना कितने वर्ष पूर्व हुई थी?	nickmalhotra/ProjectIndus	इंटरनेशनल शतरंज संघ (इस्को) की स्थापना १८ अप्रैल १९०२ को हुई थी।
20	311	https://zh.wikipedia.org/wiki/%E5%90%89%E5%88%97%E4%BD%93%E8%82%B2%E5%9C%BA	吉列体育场	https://hi.wikipedia.org/wiki/%E0%A4%9C%E0%A4%BF%E0%A4%B2%E0%A5%87%E0%A4%9F_%E0%A4%B8%E0%A5%8D%E0%A4%9F%E0%A5%87%E0%A4%A1%E0%A4%BF%E0%A4%AF%E0%A4%AE	जिलेट स्टेडियम में कितने दर्शको की क्षमता है ?	nickmalhotra/ProjectIndus	जिलेट स्टेडियम में कुल दर्शकों की संख्या लगभग १०,००० है।
21	342	https://sv.wikipedia.org/wiki/Daler_Mehndi	Daler Mehndi	https://hi.wikipedia.org/wiki/%E0%A4%A6%E0%A4%B2%E0%A5%87%E0%A4%B0_%E0%A4%AE%E0%A5%87%E0%A4%82%E0%A4%B9%E0%A4%A6%E0%A5%80	दलेर मेंहदी पर कानूनी कारवाही किस वजह से हुई थी ?	nickmalhotra/ProjectIndus	दलेर मेंहदी पर १९९८ में एक गायिका को गाली देने और मारपीट करने का आरोप लगाया गया था। उन पर भारतीय दंड संहिता की धारा ३२३, ३२४ और ५०६ के तहत मामला दर्ज किया गया था। उन्हें गिरफ्तार किया गया और जमानत पर रिहा कर दिया गया, लेकिन बाद में उन्हें जमानत दे दी गई। उन्हें बाद में पंजाब और हरियाणा उच्च न्यायालय से जमानत मिल गई।
22	361	https://zh.wikipedia.org/wiki/%E5%B8%9D%E5%9B%BD	帝国	https://hi.wikipedia.org/wiki/%E0%A4%B8%E0%A4%BE%E0%A4%AE%E0%A5%8D%E0%A4%B0%E0%A4%BE%E0%A4%9C%E0%A5%8D%E0%A4%AF	भारत के  सबसे बडा साम्राज्य की सीमा का कितना छेत्र था ?	nickmalhotra/ProjectIndus	भारत के सबसे बडा साम्राज्य की सीमा का केवल एक क्षेत्र था ।
23	384	https://sv.wikipedia.org/wiki/Sagar	Sagar	https://hi.wikipedia.org/wiki/%E0%A4%B8%E0%A4%BE%E0%A4%97%E0%A4%B0,_%E0%A4%AE%E0%A4%A7%E0%A5%8D%E0%A4%AF_%E0%A4%AA%E0%A5%8D%E0%A4%B0%E0%A4%A6%E0%A5%87%E0%A4%B6	मध्यप्रदेश का पहला विश्वविद्यालय कब स्थापित हुआ था  ?	nickmalhotra/ProjectIndus	मध्यप्रदेश का पहला विश्वविद्यालय १९४८ में स्थापित हुआ था।
24	397	https://sv.wikipedia.org/wiki/Farrukhabad	Farrukhabad	https://en.wikipedia.org/wiki/Farrukhabad_district	फ़र्रूख़ाबाद जिला कौन  से प्रसिद्ध कवित्री के लिए जाना जाता है ?	nickmalhotra/ProjectIndus	"फ़र्रूख़ाबाद जिला कवित्री के लिए जाना जाता है ""सुमित्रा नंदन पंत""।"
25	411	https://sv.wikipedia.org/wiki/Den_nikomachiska_etiken	Den nikomachiska etiken	https://hi.wikipedia.org/wiki/%E0%A4%A8%E0%A4%BF%E0%A4%95%E0%A5%8B%E0%A4%AE%E0%A5%87%E0%A4%95%E0%A4%BF%E0%A4%AF%E0%A4%A8_%E0%A4%A8%E0%A5%80%E0%A4%A4%E0%A4%BF%E0%A4%B6%E0%A4%BE%E0%A4%B8%E0%A5%8D%E0%A4%A4%E0%A5%8D%E0%A4%B0	निकोमेकियन नीतिशास्त्र में कितने उपखण्ड शामिल है ?	nickmalhotra/ProjectIndus	निकोमेकियन नीतिशास्त्र में तीन उपखण्ड शामिल हैंः 
26	414	https://zh.wikipedia.org/wiki/%E5%90%90%E9%B2%81%E7%95%AA%E5%B8%82	吐鲁番市	https://hi.wikipedia.org/wiki/%E0%A4%A4%E0%A5%81%E0%A4%B0%E0%A4%AB%E0%A4%BC%E0%A4%BE%E0%A4%A8	तुरफ़ान की  एमीन मीनार की ऊचाई कितनी है ?	nickmalhotra/ProjectIndus	तुर्फ़ान मे एमीन मीनार (ऊँचाई २८० मी.) की ऊचाई २८० मी. है।
27	441	https://zh.wikipedia.org/wiki/%E8%82%BA%E7%A7%BB%E6%A4%8D	肺移植	https://hi.wikipedia.org/wiki/%E0%A4%AB%E0%A5%87%E0%A4%AB%E0%A4%A1%E0%A4%BC%E0%A5%87_%E0%A4%95%E0%A4%BE_%E0%A4%AA%E0%A5%8D%E0%A4%B0%E0%A4%A4%E0%A5%8D%E0%A4%AF%E0%A4%BE%E0%A4%B0%E0%A5%8B%E0%A4%AA%E0%A4%A3	फेफड़े से जुड़ी पहली सफल प्रत्यारोपण सर्जरी किस डॉक्टर द्वारा और कब की गयी थी  ?	sarvamai/OpenHathi-7B-Hi-v0.1-Base	फेफड़े से जुड़ी पहली सफल प्रत्यारोपण सर्जरी किस डॉक्टर द्वारा और कब की गयी थी  ? Answer: --- फेफड़ों से जुड़े पहली सऊदी अरब के शल्य चिकित्सक डॉ. अब्दुल रहमान अल-असगर द्वारा 1980 में की गई थी।
28	454	https://en.wikipedia.org/wiki/Irrawaddy_River	Irrawaddy River	https://hi.wikipedia.org/wiki/%E0%A4%87%E0%A4%B0%E0%A4%BE%E0%A4%B5%E0%A4%A4%E0%A5%80_%E0%A4%A8%E0%A4%A6%E0%A5%80 	इरावती नदी का नाम किस हिन्दू देवी के पुत्र के नाम से जुड़ा हुआ है ?	nickmalhotra/ProjectIndus	इरावती नदी के नाम का रिश्ता भगवान शंकर के पुत्र कार्तिकेय से है ।
29	466	https://zh.wikipedia.org/wiki/%E5%8D%9A%E7%88%BE%E9%A6%AC%E9%87%8C%E7%83%8F%E5%B8%95%E9%BD%8A%E6%8B%89	博爾馬里烏帕齊拉	https://hi.wikipedia.org/wiki/%E0%A4%AC%E0%A5%8B%E0%A4%AF%E0%A4%BC%E0%A4%BE%E0%A4%B2%E0%A4%AE%E0%A4%BE%E0%A4%B0%E0%A5%80_%E0%A4%89%E0%A4%AA%E0%A4%9C%E0%A4%BC%E0%A4%BF%E0%A4%B2%E0%A4%BE	बोय़ालमारी उपज़िला में इस्लाम के अनुयाई आबादी औसतन कितने प्रतिशत है ?	nickmalhotra/ProjectIndus	बोय़ालमारी उपज़िला में इस्लाम के अनुयाई आबादी लगभग ९ प्रतिशत है।
30	471	https://zh.wikipedia.org/wiki/%E6%95%98%E5%88%A9%E4%BA%9E%E5%9F%BA%E7%9D%A3%E6%95%99	敘利亞基督教	https://hi.wikipedia.org/wiki/%E0%A4%B8%E0%A5%80%E0%A4%B0%E0%A4%BF%E0%A4%AF%E0%A4%BE%E0%A4%88_%E0%A4%88%E0%A4%B8%E0%A4%BE%E0%A4%88	सीरियाई ईसाई द्वारा प्रयोग की गयी भाषा किस भाषा की उपभाषा है ?	nickmalhotra/ProjectIndus	सीरियाई ईसाई द्वारा प्रयोग की जाने वाली भाषा अरबी भाषा है।
31	491	https://fr.wikipedia.org/wiki/Cirrostratus	Cirrostratus	https://hi.wikipedia.org/wiki/%E0%A4%AA%E0%A4%95%E0%A5%8D%E0%A4%B7%E0%A4%BE%E0%A4%AD_%E0%A4%B8%E0%A5%8D%E0%A4%A4%E0%A4%B0%E0%A5%80_%E0%A4%AC%E0%A4%BE%E0%A4%A6%E0%A4%B2	पक्षाभ स्तरी  आमतौर पर कितने ऊचाई पर स्थित होता है ?	nickmalhotra/ProjectIndus	पक्षाभ स्तरी आमतौर पर लगभग १०० से २०० मीटर तक ऊचाई पर स्थित होता है ।
32	497	https://zh.wikipedia.org/wiki/%E5%88%86%E5%AD%90%E7%94%9F%E7%89%A9%E5%AD%A6	分子生物学	https://hi.wikipedia.org/wiki/%E0%A4%85%E0%A4%A3%E0%A5%81%E0%A4%9C%E0%A5%88%E0%A4%B5%E0%A4%BF%E0%A4%95%E0%A5%80	अणुजैविकी शब्द का गढन किस वैज्ञानिक ने किया था ?	nickmalhotra/ProjectIndus	अणुजैविकी शब्द का गढन जॉन डाल्टन ने किया था।
33	500	https://hi.wikipedia.org/wiki/%E0%A4%AE%E0%A5%80%E0%A4%A8%E0%A4%BE%E0%A4%AC	मीनाब	https://hi.wikipedia.org/wiki/%E0%A4%AE%E0%A5%80%E0%A4%A8%E0%A4%BE%E0%A4%AC	मीनाब शहर कौन से प्रान्त में आता है ?	nickmalhotra/ProjectIndus	मीनाब शहर पाल्क खाड़ी के मुहाने पर स्थित है।
34	501	https://ar.wikipedia.org/wiki/%D8%AA%D8%A7%D8%A8%D9%88_%D8%A5%D9%8A%D9%85%D8%A8%D9%8A%D9%83%D9%8A	تابو إيمبيكي	https://hi.wikipedia.org/wiki/%E0%A4%A5%E0%A4%BE%E0%A4%AC%E0%A5%8B_%E0%A4%AE%E0%A5%8D%E0%A4%B5%E0%A5%82%E0%A4%AF%E0%A5%87%E0%A4%B2%E0%A4%B5%E0%A4%BE_%E0%A4%AE%E0%A5%8D%E0%A4%AC%E0%A5%87%E0%A4%95%E0%A5%80	दक्षिण अफ़्रीका के दूसरे राष्ट्रपति कौन है  ?	meta-llama/Meta-Llama-3-8B-Instruct	दक्षिण अफ़्रीका के दूसरे राष्ट्रपति थे चार्ल्स रोल्फ मैंगेर्स। वह 1985 से 1994 तक राष्ट्रपति रहे।
35	503	https://hi.wikipedia.org/wiki/%E0%A4%B8%E0%A5%88%E0%A4%95%E0%A5%8D%E0%A4%B0%E0%A4%BE%E0%A4%AE%E0%A5%87%E0%A4%82%E0%A4%9F%E0%A5%8B_%E0%A4%95%E0%A4%BF%E0%A4%82%E0%A4%97%E0%A5%8D%E0%A4%B8	सैक्रामेंटो किंग्स	https://hi.wikipedia.org/wiki/%E0%A4%B8%E0%A5%88%E0%A4%95%E0%A5%8D%E0%A4%B0%E0%A4%BE%E0%A4%AE%E0%A5%87%E0%A4%82%E0%A4%9F%E0%A5%8B_%E0%A4%95%E0%A4%BF%E0%A4%82%E0%A4%97%E0%A5%8D%E0%A4%B8	सैक्रामेंटो किंग्स के मालिक कौन है ?	nickmalhotra/ProjectIndus	सैक्रामेंटो किंग्स के मालिक जेरी ब्राउन हैं।
36	506	https://hi.wikipedia.org/wiki/%E0%A4%B2%E0%A4%BE_%E0%A4%B2%E0%A5%8D%E0%A4%B2%E0%A5%8B%E0%A4%B0%E0%A5%8B%E0%A4%A8%E0%A4%BE	ला ल्लोरोना	https://hi.wikipedia.org/wiki/%E0%A4%B2%E0%A4%BE_%E0%A4%B2%E0%A5%8D%E0%A4%B2%E0%A5%8B%E0%A4%B0%E0%A5%8B%E0%A4%A8%E0%A4%BE	ला ल्लोरोना की कथा किन देशो में प्रसिद्ध  है ?	nickmalhotra/ProjectIndus	ला ल्लरोना इटली की राष्ट्रीय फुटबॉल टीम के खिलाडीयो की एक ऐसी टीम है जो विभिन्न देशो में प्रसिद्ध है ।
37	508	https://hi.wikipedia.org/wiki/%E0%A4%AF%E0%A5%82%E0%A4%88%E0%A4%8F%E0%A4%AB%E0%A4%8F_%E0%A4%AF%E0%A5%82%E0%A4%B0%E0%A5%8B%E0%A4%AA%E0%A4%BE_%E0%A4%B2%E0%A5%80%E0%A4%97	यूईएफए यूरोपा लीग	https://hi.wikipedia.org/wiki/%E0%A4%AF%E0%A5%82%E0%A4%88%E0%A4%8F%E0%A4%AB%E0%A4%8F_%E0%A4%AF%E0%A5%82%E0%A4%B0%E0%A5%8B%E0%A4%AA%E0%A4%BE_%E0%A4%B2%E0%A5%80%E0%A4%97	यूईएफए यूरोपा लीग में आज तक की सबसे सफल क्लब ने कितनी बार खिताब जीता है ?	nickmalhotra/ProjectIndus	यूईएफए यूरोपा लीग में आज तक की सबसे सफल क्लब ने कुल १२ बार खिताब जीता है।
38	510	https://fr.wikipedia.org/wiki/Radar_%C3%A0_synth%C3%A8se_d%27ouverture	Radar à synthèse d'ouverture	https://hi.wikipedia.org/wiki/%E0%A4%B8%E0%A4%BF%E0%A4%82%E0%A4%A5%E0%A5%87%E0%A4%9F%E0%A4%BF%E0%A4%95_%E0%A4%8F%E0%A4%AA%E0%A4%B0%E0%A5%8D%E0%A4%9A%E0%A4%B0_%E0%A4%B0%E0%A4%A1%E0%A4%BE%E0%A4%B0_(%E0%A4%8F%E0%A4%B8%E0%A4%8F%E0%A4%86%E0%A4%B0)	चीन ने २०१६ में कौन सा  उपग्रह लांच किया है?	meta-llama/Meta-Llama-3-8B-Instruct	"चीन ने २०१६ में ""Tiantan-1"" नामक एक उपग्रह लांच किया था। Tiantan-1 एक संचार उपग्रह है जिसका उद्देश्य चीन के संचार नेटवर्क को सुदृढ़ करना है। यह उपग्रह २०१६ के ९वें माह में लांच किया गया था।"
39	514	https://hi.wikipedia.org/wiki/%E0%A4%AF%E0%A5%8B%E0%A4%B9%E0%A4%BE%E0%A4%A8_%E0%A4%B8%E0%A5%87%E0%A4%AC%E0%A4%BE%E0%A4%B8%E0%A5%8D%E0%A4%A4%E0%A4%BF%E0%A4%AF%E0%A4%A8_%E0%A4%AC%E0%A4%BE%E0%A4%96%E0%A4%BC	योहान सेबास्तियन बाख़	https://hi.wikipedia.org/wiki/%E0%A4%AF%E0%A5%8B%E0%A4%B9%E0%A4%BE%E0%A4%A8_%E0%A4%B8%E0%A5%87%E0%A4%AC%E0%A4%BE%E0%A4%B8%E0%A5%8D%E0%A4%A4%E0%A4%BF%E0%A4%AF%E0%A4%A8_%E0%A4%AC%E0%A4%BE%E0%A4%96%E0%A4%BC	जर्मन संगीतकार बाख के निधन के समय उनकी उम्र क्या थी ?	nickmalhotra/ProjectIndus	जर्मन संगीतकार बाख का निधन २७ नवंबर, १९२७ को हुआ था।
40	516	https://hi.wikipedia.org/wiki/%E0%A4%A6%E0%A5%80_%E0%A4%8F%E0%A4%9C_%E0%A4%91%E0%A4%AB%E0%A4%BC_%E0%A4%B0%E0%A5%80%E0%A4%9C%E0%A4%BC%E0%A4%A8	दी एज ऑफ़ रीज़न	https://hi.wikipedia.org/wiki/%E0%A4%A6%E0%A5%80_%E0%A4%8F%E0%A4%9C_%E0%A4%91%E0%A4%AB%E0%A4%BC_%E0%A4%B0%E0%A5%80%E0%A4%9C%E0%A4%BC%E0%A4%A8	दी एज ऑफ़ रीज़न किताब का दूसरा भाग कब प्रकाशित हुआ था ?	nickmalhotra/ProjectIndus	पुस्तक का प्रकाशन १८ फरवरी २०११ को किया गया था।
41	521	https://hi.wikipedia.org/wiki/%E0%A4%9A%E0%A5%87%E0%A4%82%E0%A4%97%E0%A4%A6%E0%A5%82	चेंगदू	https://hi.wikipedia.org/wiki/%E0%A4%9A%E0%A5%87%E0%A4%82%E0%A4%97%E0%A4%A6%E0%A5%82	चेंगदू शहर पर चीन ने कब कब्ज़ा किया था ?	nickmalhotra/ProjectIndus	१९४९ में, चीन ने चेंगदू शहर पर कब्जा कर लिया।
42	522	https://hi.wikipedia.org/wiki/%E0%A4%AE%E0%A4%A4%E0%A4%BE%E0%A4%A7%E0%A4%BF%E0%A4%95%E0%A4%BE%E0%A4%B0	मताधिकार	https://hi.wikipedia.org/wiki/%E0%A4%AE%E0%A4%A4%E0%A4%BE%E0%A4%A7%E0%A4%BF%E0%A4%95%E0%A4%BE%E0%A4%B0	भारतीय संविधान में कौन सा अनुछेद  वयस्क मताधिकार को परिभाषित करती है ?	nickmalhotra/ProjectIndus	भारतीय संविधान के अनुच्छेद ३२४ में वयस्क मताधिकार को परिभाषित किया गया है।
43	523	https://ar.wikipedia.org/wiki/%D8%B9%D9%85%D8%B1%D8%A7%D9%86_%D8%AE%D8%A7%D9%86	عمران خان	https://hi.wikipedia.org/wiki/%E0%A4%87%E0%A4%AE%E0%A4%B0%E0%A4%BE%E0%A4%A8_%E0%A4%96%E0%A4%BC%E0%A4%BE%E0%A4%A8	इमरान ख़ान ने पाकिस्तान क्रिकेट टीम के लिए कितने वर्ष खेला है ?	nickmalhotra/ProjectIndus	इमरान ख़ान ने पाकिस्तान क्रिकेट टीम के लिए कुल ५ वर्ष खेले हैं।
44	524	https://hi.wikipedia.org/wiki/%E0%A4%86%E0%A4%B0%E0%A5%8D%E0%A4%AC%E0%A5%8B%E0%A4%B0%E0%A5%8B%E0%A4%AB%E0%A4%BF%E0%A4%B2%E0%A4%BF%E0%A4%AF%E0%A4%BE	आर्बोरोफिलिया	https://hi.wikipedia.org/wiki/%E0%A4%86%E0%A4%B0%E0%A5%8D%E0%A4%AC%E0%A5%8B%E0%A4%B0%E0%A5%8B%E0%A4%AB%E0%A4%BF%E0%A4%B2%E0%A4%BF%E0%A4%AF%E0%A4%BE	आर्बोरोफिलिया पक्षियाँ कौन से महाद्वीप में पाए जाते है ?	nickmalhotra/ProjectIndus	आर्बोरोफिलिया पक्षियाँ उत्तरी अमेरिका, दक्षिण अमेरिका, ऑस्ट्रेलिया, न्यूजीलैंड, दक्षिण अफ्रीका, भारत, श्रीलंका, बांग्लादेश, नेपाल, भूटान, मालदीव, मॉरीशस, म्यांमार, श्रीलंका, थाईलैंड और वियतनाम जैसे देशों में पाए जाते हैं।
45	528	https://hi.wikipedia.org/wiki/%E0%A4%AA%E0%A5%8D%E0%A4%B0%E0%A4%BE%E0%A4%AF%E0%A4%BF%E0%A4%95%E0%A4%A4%E0%A4%BE	प्रायिकता	https://hi.wikipedia.org/wiki/%E0%A4%AA%E0%A5%8D%E0%A4%B0%E0%A4%BE%E0%A4%AF%E0%A4%BF%E0%A4%95%E0%A4%A4%E0%A4%BE	संभाव्यता किन संख्यो के मध्य में होता है ?	nickmalhotra/ProjectIndus	संभाव्यता उन संख्याओं के मध्य में आता है जिनका योग या घटाव १ होता है ।
46	530	https://hi.wikipedia.org/wiki/%E0%A4%9C%E0%A5%8B%E0%A4%A7%E0%A4%BE_%E0%A4%85%E0%A4%95%E0%A4%AC%E0%A4%B0_(2008_%E0%A4%AB%E0%A4%BC%E0%A4%BF%E0%A4%B2%E0%A5%8D%E0%A4%AE)	जोधा अकबर (2008 फ़िल्म)	https://hi.wikipedia.org/wiki/%E0%A4%9C%E0%A5%8B%E0%A4%A7%E0%A4%BE_%E0%A4%85%E0%A4%95%E0%A4%AC%E0%A4%B0_(2008_%E0%A4%AB%E0%A4%BC%E0%A4%BF%E0%A4%B2%E0%A5%8D%E0%A4%AE)	जोधा अकबर फ़िल्म की पूरी कितनी लागत थी ?	nickmalhotra/ProjectIndus	जोधा अकबर फ़िल्म की लागत लगभग १०० करोड़ रुपये थी।
47	531	https://hi.wikipedia.org/wiki/%E0%A4%98%E0%A4%BE%E0%A4%A8%E0%A4%BE_%E0%A4%95%E0%A4%BE_%E0%A4%A7%E0%A5%8D%E0%A4%B5%E0%A4%9C	घाना का ध्वज	https://hi.wikipedia.org/wiki/%E0%A4%98%E0%A4%BE%E0%A4%A8%E0%A4%BE_%E0%A4%95%E0%A4%BE_%E0%A4%A7%E0%A5%8D%E0%A4%B5%E0%A4%9C	घाना देश के  ध्वज में कितने रंग है ?	nickmalhotra/ProjectIndus	घाना देश के ध्वज में ३ रंग है ।
48	534	https://hi.wikipedia.org/wiki/%E0%A4%AC%E0%A5%80%E0%A4%9F%E0%A4%BE_%E0%A4%9C%E0%A4%BF%E0%A4%B0%E0%A4%BE%E0%A4%AB%E0%A4%BC_%E0%A4%A4%E0%A4%BE%E0%A4%B0%E0%A4%BE	बीटा जिराफ़ तारा	https://hi.wikipedia.org/wiki/%E0%A4%AC%E0%A5%80%E0%A4%9F%E0%A4%BE_%E0%A4%9C%E0%A4%BF%E0%A4%B0%E0%A4%BE%E0%A4%AB%E0%A4%BC_%E0%A4%A4%E0%A4%BE%E0%A4%B0%E0%A4%BE	बीटा जिराफ़ तारा के  घूर्णन की गति कितनी है ?	nickmalhotra/ProjectIndus	बीटा जिराफ़ तारा की घूर्णन गति लगभग ०.८ किमी/घंटा (०.९ किमी/घंटा) है।
49	535	https://ar.wikipedia.org/wiki/%D8%AC%D8%A7%D9%85_%D9%86%D8%AC%D8%B1	جام نجر	https://hi.wikipedia.org/wiki/%E0%A4%9C%E0%A4%BE%E0%A4%AE%E0%A4%A8%E0%A4%97%E0%A4%B0	जामनगर का निर्माण किसने और कब करवाया था ?	nickmalhotra/ProjectIndus	जामनगर का निर्माण १९वीं शताब्दी में ब्रिटिश ईस्ट इंडिया कंपनी द्वारा किया गया था।
