URL	Rubrik	Språk	200	Not
https://en.wikipedia.org/wiki/David_F._Sandberg	David F. Sandberg	en,fi,sv,zh,fr	I vilken stad föddes regissören David Sandberg?	
https://en.wikipedia.org/wiki/Nokia_E5-00	Nokia E5-00	en,fr,fi		
https://en.wikipedia.org/wiki/Mouthier-Haute-Pierre	Mouthier-Haute-Pierre	en,fr,sv,zh	Vad är befolkningstätheten i Mouthier-Haute-Pierre?	
https://en.wikipedia.org/wiki/Cyrtophora_moluccensis	Cyrtophora moluccensis	en,fr,sv,zh	Vem beskrev Cyrtophora moluccensis för första gången?	
https://en.wikipedia.org/wiki/Cilleruelo_de_San_Mam%C3%A9s	Cilleruelo de San Mamés	en,fr,sv,zh	Vad är medeltemperaturen i Cilleruelo de San Mamés?	
https://en.wikipedia.org/wiki/Helsingin_Jalkapalloklubi	Helsingin Jalkapalloklubi	en,fi,sv,zh,fr	När vann HJK Helsingfors sitt första finländska mästerskap?	
https://en.wikipedia.org/wiki/Zonitoides	Zonitoides	en,sv,zh	Vem beskrev Zonitoides snäckor år 1862?	
https://en.wikipedia.org/wiki/Gampel-Bratsch	Gampel-Bratsch	en,fr,sv,zh		very little text on Swedish Wikipedia
https://en.wikipedia.org/wiki/Pet_store	Pet store	en,fr,fi,zh		
https://en.wikipedia.org/wiki/Tilia_dasystyla	Tilia dasystyla	en,fr,sv	Vilken västart är Tilia dasystyla?	
https://en.wikipedia.org/wiki/White-winged_chough	White-winged chough	en,fr,fi,sv	Vilka karakterisktiska särdrag utmärkar kidnapparfågeln?	
https://en.wikipedia.org/wiki/Input%E2%80%93output_memory_management_unit	Input–output memory management unit	en,fi,zh		
https://en.wikipedia.org/wiki/1997%E2%80%9398_Asian_Club_Championship	1997–98 Asian Club Championship	en,fr,zh		
https://en.wikipedia.org/wiki/FC_Zhenis	FC Zhenis	en,fr,fi,zh		
https://en.wikipedia.org/wiki/Herpy-l%27Arl%C3%A9sienne	Herpy-l'Arlésienne	en,fi,sv,zh,fr	Hur stor yta täcker den franska kommunen Herpy-l'Arlésienne?	
https://en.wikipedia.org/wiki/Irus_irus	Irus irus	en,sv,zh		
https://en.wikipedia.org/wiki/Petra_van_Staveren	Petra van Staveren	en,fi,sv,zh,fr	Vem vann olympisk gold i 100m bröstsim i Los Angeles?	
https://en.wikipedia.org/wiki/Paul_Egede	Paul Egede	en,fr,sv	Hur gammal blev Paul Egede?	
https://en.wikipedia.org/wiki/Argyrosomus_hololepidotus	Argyrosomus hololepidotus	en,sv,zh	Till vilken biologisk familj tillhör den afrikanska havsgösen?	
https://en.wikipedia.org/wiki/Carl_L%C3%B6wenhielm	Carl Löwenhielm	en,fr,fi,sv	Vilka yrken hade Carl Axel Löwenhielm?	
https://en.wikipedia.org/wiki/H%C3%BCffelsheim	Hüffelsheim	en,fr,sv,zh	I vilken region ligger Hüffelsheim?	
https://en.wikipedia.org/wiki/Steelville,_Missouri	Steelville, Missouri	en,fr,sv,zh	Varifrån fick Steelville sitt namn?	
https://en.wikipedia.org/wiki/Western_oriole	Western oriole	en,fr,fi,sv	Vilken färg har djungelgyllingens näbb?	
https://en.wikipedia.org/wiki/White_Collar_(TV_series)	White Collar (TV series)	en,fi,sv,zh,fr	Vem spelar FBI-agenten Peter Burke i White Collar?	
https://en.wikipedia.org/wiki/Dharma_name	Dharma name	en,fr,zh		
https://en.wikipedia.org/wiki/Ted_Lange	Ted Lange	fr,fi		
https://en.wikipedia.org/wiki/Chris_Claremont	Chris Claremont	en,fr,fi,sv	Hur många år har Chris Claremont skrivit Uncanny X-Men comics?	
https://en.wikipedia.org/wiki/Bundesautobahn_73	Bundesautobahn 73	en,fr,sv	Var börjar den tyska motorvägen A73?	
https://en.wikipedia.org/wiki/Gianrico_Carofiglio	Gianrico Carofiglio	en,fr,sv	Vad heter Gianrico Carofiglio debutroman på originalspråk och vad heter den på svenska?	
https://en.wikipedia.org/wiki/Bischofsheim,_Hesse	Bischofsheim, Hesse	en,fr,sv,zh	Hur många invånare hade Bischofsheim 2022?	
https://en.wikipedia.org/wiki/Hamilton_Academical_F.C.	Hamilton Academical F.C.	en,fi,sv,zh,fr	När spelade Hamilton Academical FC sin första match och hur slutade den?	
https://en.wikipedia.org/wiki/Ghislain_Konan	Ghislain Konan	en,fr,zh		
https://en.wikipedia.org/wiki/Swedish_Navy	Swedish Navy	en,fi,sv,zh,fr	Finns kustartilleriet fortfarande?	
https://en.wikipedia.org/wiki/Pennard	Pennard	en,fr,sv	Vad heter slottsruinen i Pennard?	
https://en.wikipedia.org/wiki/Galicia_(Spain)	Galicia (Spain)	en,fi,sv,zh,fr	Varifrån kommer namnet "Galicien"?	
https://en.wikipedia.org/wiki/United_States_Army_Medical_Command	United States Army Medical Command	en,fr,zh		
https://zh.wikipedia.org/wiki/%E5%92%8C%E5%B9%B3%E5%8F%B7%E7%A9%BA%E9%97%B4%E7%AB%99	和平号空间站	zh,en,fi,fr,sv	Vad betyder "Mir"? 	note, intentionally ambiguous question - can be "värld" or "fred"
https://zh.wikipedia.org/wiki/%E6%88%B4%E5%A4%AB%C2%B7%E5%BC%97%E8%98%AD%E7%A7%91	戴夫·弗蘭科	zh,en,fi,fr,sv	Hur många bröder har Dave Franco?	
https://zh.wikipedia.org/wiki/%E5%88%B6%E8%A3%81%E8%80%85_(%E9%9B%BB%E8%A6%96%E5%8A%87)	制裁者 (電視劇)	zh,en,fi,fr,sv	Vilken roll spelar Donny Chavez i TV-serien "The Punisher"?	
https://zh.wikipedia.org/wiki/%E5%A1%94%E5%B9%B3%E5%8E%BF	塔平县	zh,en,fr,sv	Hur mycket regnar det i Kabupaten Tapin?	
https://zh.wikipedia.org/wiki/%E7%B4%85%E7%89%9B%E9%AB%94%E8%82%B2%E5%A0%B4_(%E8%96%A9%E7%88%BE%E6%96%AF%E5%A0%A1)	紅牛體育場 (薩爾斯堡)	zh,en,fi,fr,sv	Vad hette den österrikiska Red Bull Arena:n tidigare?	
https://sv.wikipedia.org/wiki/Captain_Morgan	Captain Morgan	sv,en,fr,fi	Vilka sorter rom av märket "Captain Morgan" kan man köpa på Systembolaget?	
https://zh.wikipedia.org/wiki/%E8%93%AC%E4%BD%90%E5%86%85	蓬佐内	zh,en,fr,sv	Vad kallas Hamilton Academical FC av sina supportrar?	
https://fr.wikipedia.org/wiki/%C3%89tude_cas-t%C3%A9moins	Étude cas-témoins	fr,en,fi,sv,zh		
https://fr.wikipedia.org/wiki/Championnats_du_monde_de_biathlon_1991	Championnats du monde de biathlon 1991	fr,en,fi,sv	Vilka idrottare var med i damernas stafett i världsmästerskapen i skidskytte 1991 som tävlade för Norge och vilken medalj vann de?	
https://sv.wikipedia.org/wiki/Edu_Manga	Edu Manga	sv,en,fr,fi,zh	Hur många landskamper har Edu Manga spelat i?	
https://zh.wikipedia.org/wiki/%E5%8D%A2%E6%A0%BC%E6%9D%9C%E5%8A%AA%E5%A7%86	卢格杜努姆	zh,en,fr,sv	När grundades den romerska staden Lugdunum?	
https://fr.wikipedia.org/wiki/Xiong_Ai	Xiong Ai	fr,en,zh		
https://sv.wikipedia.org/wiki/A_Portuguesa	A Portuguesa	sv,en,fr,fi,zh	Vilken stad bröt de republikanska revolterna ut i?	
https://sv.wikipedia.org/wiki/Bleeding_Kansas	Bleeding Kansas	sv,en,fr,zh	Vilka var "Border Ruffians"?	
https://fr.wikipedia.org/wiki/Manifestations_de_mars-avril_2022_au_P%C3%A9rou	Manifestations de mars-avril 2022 au Pérou	fr,en,zh		
https://zh.wikipedia.org/wiki/%E9%A5%B6%E8%88%8C%E8%80%85%E9%92%B1%E6%96%AF	饶舌者钱斯	zh,en,fi,fr,sv	När föddes Chance the Rapper?	
https://en.wikipedia.org/wiki/Sustainable_city	Sustainable city	en,fr,fi,zh		
https://sv.wikipedia.org/wiki/Zhejiangk%C3%B6ket	Zhejiangköket	sv,en,fr,zh	Vad karakteriserar maten från staden Ningbo?	
https://zh.wikipedia.org/wiki/%E7%93%A6%E7%88%BE%E9%87%8C%E7%A7%91_(%E4%BD%9B%E7%BE%85%E9%87%8C%E9%81%94%E5%B7%9E)	瓦爾里科 (佛羅里達州)	zh,en,fr,sv	I vilken tidszon ligger den amerikanske staden Valrico?	
https://zh.wikipedia.org/wiki/%E4%B8%8B%E5%A1%94%E5%90%89%E5%B0%94	下塔吉尔	zh,en,fi,fr,sv	Vad heter den största stadsdelen i Nizjnij Tagil?	
https://zh.wikipedia.org/wiki/%E5%8A%9B	力	zh,en,fi,fr,sv	Hur definieras kraftenheten newton?	
https://fr.wikipedia.org/wiki/Quarten	Quarten	fr,en,sv,zh	På vilken sida av sjön Walensee ligger kommunen Quarten i Schweiz?	
https://sv.wikipedia.org/wiki/V%C3%A4rldsm%C3%A4sterskapet_i_ishockey_f%C3%B6r_herrar_1931	Världsmästerskapet i ishockey för herrar 1931	sv,en,fr,fi	Hur många lag deltog i det 16:e Europamästerskapet i ishockey för herrar?	
https://zh.wikipedia.org/wiki/%E8%96%A9%E8%BF%A6%E6%B3%95%E7%8E%8B	薩迦法王	zh,en,fr,sv	Vad heter titeln av den andliga ledaren i den buddhistiska inriktningen sakya?	
https://fr.wikipedia.org/wiki/General_Pinedo	General Pinedo	fr,en,sv,zh	Hur många invånare per kvadratkilometer bor i den argentinska orten General Pinedo?	
https://sv.wikipedia.org/wiki/Toru%C5%84	Toruń	sv,en,fr,fi,zh	Hur många år efter den grundades togs staden Torún upp i Hanseförbundet?	
https://en.wikipedia.org/wiki/Gregory_III_Laham	Gregory III Laham	en,fr,sv,zh	När utnämndes Gregorius III Laham till överhuvudet i den Melkitiska grekisk-katolska kyrkan?	
https://sv.wikipedia.org/wiki/F%C3%B6rlossning	Förlossning	sv,en,fr,fi,zh	Hur lång är den genomsnittliga graviditeten hos människan?	
https://zh.wikipedia.org/wiki/%E5%B7%A7%E5%85%8B%E5%8A%9B%E7%B3%96%E6%BC%BF	巧克力糖漿	zh,en,fr,sv		
https://fr.wikipedia.org/wiki/Jef_Raskin	Jef Raskin	fr,en,fi,sv,zh	Hur gammal var Jef Raskin när han dog?	
https://fr.wikipedia.org/wiki/Delley-Portalban	Delley-Portalban	fr,en,sv,zh	Hur många invånare borde i Delley-Portalban år 2021?	
https://zh.wikipedia.org/wiki/%E5%8A%89%E6%98%93%E6%96%AF%E6%95%A6_(%E5%AF%86%E8%98%87%E9%87%8C%E5%B7%9E)	劉易斯敦 (密蘇里州)	zh,en,fr		
https://zh.wikipedia.org/wiki/%E5%87%B1%E4%BC%8A%E7%88%BE%C2%B7%E7%99%BD%E6%9C%97%E5%AF%A7	凱伊爾·白朗寧	zh,en,fr,sv	När vann Kayle Browning en olympisk silvermedalj?	
https://zh.wikipedia.org/wiki/%E5%B8%8C%E5%BE%B7_(%E7%B4%A2%E6%81%A9-%E5%8D%A2%E7%93%A6%E5%B0%94%E7%9C%81)	希德 (索恩-卢瓦尔省)	zh,en,fr,sv	Var i Frankrike ligger kommunen Chiddes?	
https://fr.wikipedia.org/wiki/Prato_allo_Stelvio	Prato allo Stelvio	fr,en,sv,zh	Över vilken yta sträcker sig kommunen Prad am Stilfserjoch?	
https://zh.wikipedia.org/wiki/2011%E5%B9%B4%E6%AD%90%E6%B4%B2%E8%B6%85%E7%B4%9A%E7%9B%83	2011年歐洲超級盃	zh,en,fi,fr		
https://sv.wikipedia.org/wiki/HD_123569	HD 123569	sv,en,fr,zh	Var ligger stärnan HD 123569?	
https://zh.wikipedia.org/wiki/%E8%8E%AB%E9%87%8C%E8%8C%A8%C2%B7%E7%A6%8F%E5%B0%94%E8%8C%A8	莫里茨·福尔茨	zh,en,fi,fr		
https://sv.wikipedia.org/wiki/Virginia_Cavaliers	Virginia Cavaliers	sv,en,fr,zh		
https://zh.wikipedia.org/wiki/%E6%B2%99%E8%90%A8%E6%B6%85	沙萨涅	zh,en,fr,sv	I vilken kanton ligger Chassagnes?	
https://en.wikipedia.org/wiki/Antenna_(biology)	Antenna (biology)	en,fr,fi,sv,zh	Vad är en känselspröt och vad används det som?	
https://zh.wikipedia.org/wiki/%E7%BD%97%E6%A3%AE%E5%A4%9A%E5%A4%AB	罗森多夫	zh,en,fr,sv	I vilken förvaltningsenhet ingår Rosendorf?	
https://zh.wikipedia.org/wiki/%E7%99%BD%E7%B2%89%E8%8F%8C%E7%9B%AE	白粉菌目	zh,en,fi,fr,sv	Till vilken biologisk familj tillhör Erysiphaceae?	
https://sv.wikipedia.org/wiki/Ludhiana	Ludhiana	sv,en,fr,fi,zh	Vad heter den största staden i den indiska delstaten Punjab?	
https://sv.wikipedia.org/wiki/Bert_Olmstead	Bert Olmstead	sv,en,fr,fi	På vilken position spelade Bert Olmstead?	
https://fr.wikipedia.org/wiki/Fortescue_(Missouri)	Fortescue (Missouri)	fr,en,zh		
https://zh.wikipedia.org/wiki/%E8%85%A6%E6%80%A7%E9%BA%BB%E7%97%BA	腦性麻痺	zh,en,fi,fr,sv	Under vilken ålder kan det uppstå en cerebral pares?	
https://zh.wikipedia.org/wiki/%E9%93%B2%E9%BD%BF%E4%B8%AD%E5%96%99%E9%B2%B8	铲齿中喙鲸	zh,en,fi,fr,sv	Vilket namn fick arten Mesoplodon traversii på 90-talet?	
https://sv.wikipedia.org/wiki/F%C3%BCzesabonyi_J%C3%A1r%C3%A1s	Füzesabonyi Járás	sv,en,fr,zh	Vad är medeltemperaturen i Füzesabonyi Járás?	
https://fr.wikipedia.org/wiki/Khobar	Khobar	fr,en,fi,sv,zh	Var ligger staden Al-Khobar?	
https://en.wikipedia.org/wiki/BAFTA_Award_for_Best_Actor_in_a_Supporting_Role	BAFTA Award for Best Actor in a Supporting Role	en,fr,fi,sv,zh	För vilken roll fick Ben Johnson en BAFTA award och när fick han den?	
https://fr.wikipedia.org/wiki/Deuxi%C3%A8me_concile_de_Nic%C3%A9e	Deuxième concile de Nicée	fr,en,fi,sv,zh	Vad beslutades om heliga bilder på andra konciliet i Nicaea?	
https://en.wikipedia.org/wiki/Mario_Bolatti	Mario Bolatti	en,fr,fi,sv,zh	På vilken position spelar fotballspelaren Mario Bolatti?	
https://en.wikipedia.org/wiki/Spotted_blue-eye	Spotted blue-eye	en,fr,sv,zh	Vem var först att beskriva fiskarten Pseudomugil gertrudae?	
https://zh.wikipedia.org/wiki/%E6%A2%81%E5%B1%B1%E5%8E%BF	梁山县	zh,en,fr,sv	I vilken klassisk roman är Liangshan en av skådeplatserna?	
https://zh.wikipedia.org/wiki/%E5%A5%A7%E5%BA%AB%E6%96%AF%E6%89%98%E9%9B%85%E6%96%AF%E5%B1%B1	奧庫斯托雅斯山	zh,en,fi,fr,sv	Vad heter det högsta berget i Litauen och hur högt är det?	
https://zh.wikipedia.org/wiki/%E7%A7%91%E5%B0%94%E5%AF%9F%E8%87%AA%E6%B2%BB%E7%9C%81	科尔察自治省	zh,en,fr,sv	När ockuperade franska trupper den albanska republiken Korça?	
https://fr.wikipedia.org/wiki/D%C3%A9partement_de_Federal	Département de Federal	fr,en,sv,zh	I vlken månad är det varmast i Departamento de Federal i Argentina och var ligger medeltemperaturen då?	
https://fr.wikipedia.org/wiki/Sophie_N%C3%A9lisse	Sophie Nélisse	fr,en,sv	När flyttade Sophie Nélisse till Kanada?	
https://en.wikipedia.org/wiki/Wheein	Wheein	en,fr,sv,zh	När anslöt sig Wheein tjejgruppen Mamamoo?	
https://sv.wikipedia.org/wiki/7532_Pelh%C5%99imov	7532 Pelhřimov	sv,en,fr,zh	När upptäcktes asteroiden 7532 Pelhřimov och vem gjorde det?	
https://fr.wikipedia.org/wiki/Capitaine_(football)	Capitaine (football)	fr,en,zh		
https://zh.wikipedia.org/wiki/%E7%B4%84%E7%BF%B0%C2%B7%E6%96%AF%E6%96%87%E5%B0%BC	約翰·斯文尼	zh,en,fr		
https://fr.wikipedia.org/wiki/The_Fens	The Fens	fr,en,fi		
https://zh.wikipedia.org/wiki/%E5%9F%83%E8%92%82%E5%A5%A5%E5%8B%92	埃蒂奥勒	zh,en,fr,sv	Hur många invånare borde i det franska Étiolles år 2021?	
https://sv.wikipedia.org/wiki/Labalme	Labalme	sv,en,fr,zh	I vilket i arrondissement ligger den franska kommunen Labalme?	
https://fr.wikipedia.org/wiki/Soustons	Soustons	fr,en,sv,zh	Hur många människor per kvadratkilometer bor i Soustons sydvästra Frankrike?	
https://en.wikipedia.org/wiki/Kremlin_(fortification)	Kremlin (fortification)	en,fr,fi,sv,zh	Hur gammal är den äldsta kreml:n i Ryssland?	
https://zh.wikipedia.org/wiki/150	150	zh,en,fr,sv		
https://zh.wikipedia.org/wiki/%E5%85%B1%E4%BA%AB%E6%BA%90%E4%BB%A3%E7%A0%81	共享源代码	zh,en,fi,fr,sv	Vilka licensvarianter lanserades av Microsoft som delad källkod?	
https://sv.wikipedia.org/wiki/8536_M%C3%A5ns	8536 Måns	sv,en,fr,zh	Vem skapade den fiktiva karaktären Elaka Måns?	
https://zh.wikipedia.org/wiki/%E5%8D%A1%E6%96%AF%E7%9A%AE%E6%96%AF%E5%85%8B	卡斯皮斯克	zh,en,fi,fr,sv	Var ligger staden Kaspijsk?	
https://zh.wikipedia.org/wiki/%E8%8B%A5%E9%98%BF%E7%BA%B3	若阿纳	zh,en,fi,fr,sv	I vilken kanton ligger den franska kommunen Joannas?	
https://sv.wikipedia.org/wiki/Hylarana_elberti	Hylarana elberti	sv,en,fr	Vad är en Hylarana elberti?	
https://sv.wikipedia.org/wiki/La_Belli%C3%A8re,_Seine-Maritime	La Bellière, Seine-Maritime	sv,en,fr,zh	I vilket departement ligger kommunen La Bellière?	
https://fr.wikipedia.org/wiki/Diab%C3%A8te_de_type_2	Diabète de type 2	fr,en,fi,sv,zh	Vilka symptom finns det med typ-2 diabetes?	
https://zh.wikipedia.org/wiki/%E9%98%BF%E9%81%93%E5%A4%AB%C2%B7%E5%8A%A0%E5%85%B0%E5%BE%B7	阿道夫·加兰德	zh,en,fi,fr,sv	Hur gammal var Adolf Galland när han utnämdes till generallöjtnant?	
https://zh.wikipedia.org/wiki/%E5%9C%A3%E7%93%A6%E5%B0%94	圣瓦尔	zh,en,fr,sv		
https://zh.wikipedia.org/wiki/%E6%B3%A2%E8%A5%BF%E7%B8%A3_(%E5%8D%B0%E7%AC%AC%E5%AE%89%E7%B4%8D%E5%B7%9E)	波西縣 (印第安納州)	zh,en,fr,sv	Hur mycket av Posey County täcks av vatten?	
https://zh.wikipedia.org/wiki/%E4%BB%A5%E8%89%B2%E5%88%97%E8%88%AA%E7%A9%BA402%E8%99%9F%E7%8F%AD%E6%A9%9F%E7%A9%BA%E9%9B%A3	以色列航空402號班機空難	zh,en,fi,fr		
https://fr.wikipedia.org/wiki/Folorunsho_Alakija	Folorunsho Alakija	fr,en,fi,sv	Vad heter modemärket som grundades av Folorunsho Alakija?	
https://zh.wikipedia.org/wiki/%E8%A7%82%E6%B5%8B%E5%AE%87%E5%AE%99%E5%AD%A6	观测宇宙学	zh,en,fi,fr		
https://zh.wikipedia.org/wiki/%E5%BA%93%E5%B0%94%E6%81%B0%E5%B0%94%C2%B7%E7%9B%96%E5%B0%94%E7%9B%96%E4%BC%8A	库尔恰尔·盖尔盖伊	zh,en,fi,fr,sv	I vilken idrottsgren fick Gergely Kulcsár en olympisk medalj?	
https://fr.wikipedia.org/wiki/Victoire_Tomegah_Dogb%C3%A9	Victoire Tomegah Dogbé	fr,en,fi,sv	I vilket land blev Victoire Tomegah Dogbé premiärminister år 2020?	
https://zh.wikipedia.org/wiki/695%E5%B9%B4	695年	zh,en,fi,fr,sv		
https://fr.wikipedia.org/wiki/Comt%C3%A9_de_Gogebic	Comté de Gogebic	fr,en,fi,sv,zh	Vad heter huvudorten i Gogebic County?	
https://zh.wikipedia.org/wiki/%E6%B4%A5%E5%B7%B4%E5%B8%83%E9%9F%A6%E5%8E%86%E5%8F%B2	津巴布韦历史	zh,en,fi,fr		
https://zh.wikipedia.org/wiki/%E5%B0%8F%E8%A1%8C%E6%98%9F8903	小行星8903	zh,en,fr,sv	Hur stor ärt asteroiden 8903 Paulcruikshank?	
https://zh.wikipedia.org/wiki/%E7%BA%A6%E7%BF%B0%C2%B7%E5%85%8B%E9%87%8C%E6%96%AF%E6%89%98%E5%BC%97%C2%B7%E5%A8%81%E5%88%A9%E6%96%AF	约翰·克里斯托弗·威利斯	zh,en,fr,sv	Var borde John Christopher Willis under sin livstid?	
https://en.wikipedia.org/wiki/Aloadae	Aloadae	en,fr,fi,zh		
https://sv.wikipedia.org/wiki/Retronym	Retronym	sv,en,fr,zh	Vad är en retronym?	
https://zh.wikipedia.org/wiki/%E9%9F%A6%E5%BB%96%E5%A4%AB%E9%87%91%E6%B4%9E%E7%A9%B4	韦廖夫金洞穴	zh,en,fr,sv	Hur djupt är Verjovkinagrottan?	
https://zh.wikipedia.org/wiki/%E9%98%BF%E5%B0%94%E5%8D%91%E6%96%AF%E5%B8%A6	阿尔卑斯带	zh,en,fr,sv	Rörelsen av vilka kontnentalplattor ursaka Alpiderna?	
https://zh.wikipedia.org/wiki/%E5%B0%8F%E9%87%8E%E8%B2%93%E7%9A%84%E5%85%AC%E8%B7%AF%E6%AD%B7%E9%9A%AA%E8%A8%98	小野貓的公路歷險記	zh,en,fr,sv	Vem regisserade "Faster, Pussycat! Kill! Kill!"?	
https://en.wikipedia.org/wiki/Swea_City,_Iowa	Swea City, Iowa	en,fr,zh		
https://fr.wikipedia.org/wiki/Gare_de_Walthamstow_Central	Gare de Walthamstow Central	fr,en,zh		
https://fr.wikipedia.org/wiki/Amyema	Amyema	fr,en,sv,zh		
https://fr.wikipedia.org/wiki/Marko_Kiprusoff	Marko Kiprusoff	fr,en,fi,sv,zh	Hur många NHL-matcher spelade Marko Kiprusoff?	
https://zh.wikipedia.org/wiki/%E6%B3%95%E5%9C%8B%E8%88%AA%E7%A9%BA296%E8%99%9F%E7%8F%AD%E6%A9%9F%E7%A9%BA%E9%9B%A3	法國航空296號班機空難	zh,en,fi,fr		
https://en.wikipedia.org/wiki/JL-2	JL-2	en,fr,sv,zh	Hur stor är laddningen på en kinesisk ballistisk robot JL-2?	
https://zh.wikipedia.org/wiki/%E7%90%86%E6%9F%A5%E5%BE%B7%C2%B7%E6%B2%83%E6%81%A9%C2%B7%E6%96%AF%E5%AE%BE%E5%A1%9E	理查德·沃恩·斯宾塞	zh,en,fr		
https://en.wikipedia.org/wiki/BMW_X2	BMW X2	en,fi,sv,zh	När och var introduceraqdes BMW F39:n?	
https://zh.wikipedia.org/wiki/%E5%8F%A4%E5%B7%B4%E5%9C%8B%E5%AE%B6%E7%94%B7%E5%AD%90%E6%8E%92%E7%90%83%E9%9A%8A	古巴國家男子排球隊	zh,en,fi,fr,sv	Hur många medaljer tog Kubas herrlandslag i volleyboll i världsmästerskap och olympiska spel fram till 2010?	
https://fr.wikipedia.org/wiki/The_Eternal_Idol	The Eternal Idol	fr,en,fi,sv	Vad heter Black Sabbaths trettonde studioalbum och när kom det ut?	
https://zh.wikipedia.org/wiki/%E5%9C%8B%E9%9A%9B%E5%A5%87%E9%80%A3%E8%97%8D	國際奇連藍	zh,en,fr,sv	När patenterades International Klein Blue?	
https://zh.wikipedia.org/wiki/%E5%93%A5%E4%BC%A6%E6%AF%94%E4%BA%9A%E6%80%BB%E7%BB%9F	哥伦比亚总统	zh,en,fi,fr		
https://zh.wikipedia.org/wiki/Windows_Neptune	Windows Neptune	zh,en,fr,sv	När utvecklades operativsystemet Windows Neptune?	
https://zh.wikipedia.org/wiki/%E5%85%83%E4%BA%A8_(%E6%97%A5%E6%9C%AC)	元亨 (日本)	zh,en,fr,sv	Vem var kejsaren under den japanska Genkyō-perioden?	
https://sv.wikipedia.org/wiki/Film_i_Frankrike	Film i Frankrike	sv,en,fr,zh	Vem skapade den första animerade filmen?	
https://zh.wikipedia.org/wiki/%E8%A5%BF%E9%9B%85%E5%85%B8%E4%B8%93%E5%8C%BA	西雅典专区	zh,en,fi,fr		
https://zh.wikipedia.org/wiki/%E5%87%B1%E6%92%92%E9%A6%96%E9%A0%98	凱撒首領	zh,en,fi,fr,sv	Vem är trummaren i Kaiser Chiefs?	
https://sv.wikipedia.org/wiki/19521_Chaos	19521 Chaos	sv,en,fr,fi,zh	Vad syftar namnet på i 19521-Chaos-objektet som ligger i Kuiperbältet?	
https://zh.wikipedia.org/wiki/%E7%9B%8E%E6%A0%BC%E9%AD%AF%E6%84%9B%E7%88%BE%E8%98%AD%E4%BA%BA	盎格魯愛爾蘭人	zh,en,fi,fr,sv		
https://sv.wikipedia.org/wiki/Ter%C3%A9ny	Terény	sv,en,fr,zh	I vilken provins ligger den ungerslka orten Terény?	
https://zh.wikipedia.org/wiki/%E9%87%8C%E5%BE%B9%E9%AB%98%E5%9C%B0	里徹高地	zh,en,fr,sv		
https://sv.wikipedia.org/wiki/Dourbies	Dourbies	sv,en,fr,zh	Hur många invånare fanns det i Dourbies år 2008?	
https://zh.wikipedia.org/wiki/%E7%9F%B3%E8%95%8A%E7%A7%91	石蕊科	zh,en,fr,sv		
https://fr.wikipedia.org/wiki/Domantas_Sabonis	Domantas Sabonis	fr,en,fi,sv,zh	För vilket land spelade Domantas Sabonis i de olympiska spelen 2016?	
https://zh.wikipedia.org/wiki/%E9%98%BF%E5%B0%94%E5%BC%97%E9%9B%B7%E5%BE%B7%C2%B7%E6%99%AE%E8%8E%B1	阿尔弗雷德·普莱	zh,en,fi,fr		
https://sv.wikipedia.org/wiki/Terrazzo,_Veneto	Terrazzo, Veneto	sv,en,fr,zh	Hur stor är Terrazzo i provinsen Verona?	
https://fr.wikipedia.org/wiki/Liu_Wenhui	Liu Wenhui	fr,en,sv,zh	Var utbildades Liu Wenhui?	
https://zh.wikipedia.org/wiki/%E6%BE%84%E6%B1%9F%E5%B8%82	澄江市	zh,en,fr,sv	Hur många personer bodde i Chengjiang år 2010?	
https://sv.wikipedia.org/wiki/Amblychaeturichthys	Amblychaeturichthys	sv,en,fr,zh	I vilken biologisk familj ingår Amblychaeturichthys?	
https://zh.wikipedia.org/wiki/%E6%8B%9F%E9%9A%99%E8%9B%9B%E5%B1%9E	拟隙蛛属	zh,en,fr,sv		
https://sv.wikipedia.org/wiki/Det_Norske_Baptistsamfunn	Det Norske Baptistsamfunn	sv,en,fr,fi	Hur mångå församlingar ingår i Det Norske Baptistsamfunn?	
https://zh.wikipedia.org/wiki/%E5%A5%A7%E6%89%8E%E9%AD%AF%E5%A4%AB	奧扎魯夫	zh,en,fr,sv	När grundades staden Ożarów?	
https://zh.wikipedia.org/wiki/%E6%99%AE%E8%B4%B9%E4%B8%81%E6%96%AF%E8%8E%B1%E6%9C%AC	普费丁斯莱本	zh,en,fr,sv	På vilken höjd ligger orten Pferdingsleben i Thüringen?	
https://fr.wikipedia.org/wiki/Palm_River-Clair_Mel	Palm River-Clair Mel	fr,en,sv,zh	Vad är Palm River-Clair Mel?	
https://fr.wikipedia.org/wiki/Bataille_de_Long_Island	Bataille de Long Island	fr,en,fi,sv,zh	Vem vann slaget vid Long Island?	
https://en.wikipedia.org/wiki/Bruce_Sterling	Bruce Sterling	en,fr,fi,sv,zh	Vad heter världen Bruce Sterling berskriver i hans debutroman?	
https://zh.wikipedia.org/wiki/%E8%B4%A1%E7%BA%B3%E5%B0%94%C2%B7%E9%98%BF%E6%96%AF%E6%99%AE%E9%9A%86%E5%BE%B7	贡纳尔·阿斯普隆德	zh,en,fi,fr,sv	På vilket universitet jobbade arkitekten Gunnar Asplund?	
https://sv.wikipedia.org/wiki/Gu_Bon-gil	Gu Bon-gil	sv,en,fr,zh	I vilken idrottsgren tävlar Gu Bon-gil?	
https://sv.wikipedia.org/wiki/Movimiento_Bolivariano_Revolucionario_200	Movimiento Bolivariano Revolucionario 200	sv,en,fr,zh	Vad heter den politiska rörelse som grundades av Hugo Chávez?	
https://zh.wikipedia.org/wiki/%E5%89%8D485%E5%B9%B4	前485年	zh,en,fi,fr,sv	När blev Tyrannen Gelon av Gela härskare över staden Syrakusa?	
https://zh.wikipedia.org/wiki/%E7%A7%91%E5%85%8B%E5%A4%A7%E5%AD%A6	科克大学	zh,en,fr,sv		
https://zh.wikipedia.org/wiki/%E5%AE%89%E5%90%89%E6%96%AF%E7%89%B9%E9%87%8C%E5%B2%9B	安吉斯特里岛	zh,en,fi,fr,sv	Vad heter nudiststranden på Agistri?	
https://fr.wikipedia.org/wiki/Johnny_Cash	Johnny Cash	fr,en,fi,sv,zh	Hur många barn har Johnny Cash?	
https://en.wikipedia.org/wiki/Beauvechain	Beauvechain	en,fr,fi,sv,zh	Vad heter ortsdelarna i Beauvechain?	
https://fr.wikipedia.org/wiki/Noonie_Bao	Noonie Bao	fr,en,fi,sv	I vilket TV programm medverkade Noonie Bao år 2012?	
https://zh.wikipedia.org/wiki/%E8%89%B3%E7%BB%87%E9%9B%80%E5%B1%9E	艳织雀属	zh,en,fi,fr,sv	I vilken världsdel förekommer Fodyer?	
https://zh.wikipedia.org/wiki/%E9%94%A1%E5%BE%B7%E9%87%8C%E5%85%8B%C2%B7%E5%88%A9%E5%BE%B7%E5%B0%94	锡德里克·利德尔	zh,en,fr,sv	I vilken kategori fick Cedric Liddell en olympisk medalj?	
https://en.wikipedia.org/wiki/Takara	Takara	en,fr,sv,zh	Vilket motto hade leksaksföretaget Takara?	
https://en.wikipedia.org/wiki/Le_Mesnil-Opac	Le Mesnil-Opac	en,fr,sv,zh	I vilken kanton ligger Le Mesnil-Opac?	
https://fr.wikipedia.org/wiki/14_octobre	14 octobre	fr,en,fi,sv,zh	När har Stellan namnsdag enligt den svenska almanackan?	
https://fr.wikipedia.org/wiki/Peter_Iwers	Peter Iwers	fr,en,fi,sv	Vad heter bassisten i In Flames?	
https://zh.wikipedia.org/wiki/%E5%88%B6%E5%8B%95%E6%B6%B2	制動液	zh,en,fi,fr,sv	Vilken amerikansk myndighet reglerar bromsvätskornas grundegenskaper genom olika direktiv?	
https://sv.wikipedia.org/wiki/Saint-Cl%C3%A9ment,_Yonne	Saint-Clément, Yonne	sv,en,fr,zh	Vilket arrondissement ligger Saint-Clément i?	
https://zh.wikipedia.org/wiki/%E9%B5%9D%E8%9B%8B%E5%BD%A2	鵝蛋形	zh,en,fr,sv		
https://fr.wikipedia.org/wiki/Catherine_McCormack	Catherine McCormack	fr,en,fi,sv,zh	I vilken stad föddes Catherine McCormack?	
https://fr.wikipedia.org/wiki/Taekwondo_aux_Jeux_olympiques_d%27%C3%A9t%C3%A9_de_2012_-_Plus_de_67_kg_femmes	Taekwondo aux Jeux olympiques d'été de 2012 - Plus de 67 kg femmes	fr,en,sv,zh	Vad vann María Espinoza i de olympiska spelen 2012 och med vem delade hon medaljen?	
https://sv.wikipedia.org/wiki/Lautersheim	Lautersheim	sv,en,fr,zh	Hur många kommuner ingår i kommunalförbundet Göllheim?	
https://sv.wikipedia.org/wiki/R%C3%B6strubbningar	Röstrubbningar	sv,en,fr,fi,zh	Vad är en stämbandspolyp och hur behandlas den?	
https://en.wikipedia.org/wiki/Pasteur_(lunar_crater)	Pasteur (lunar crater)	en,fr,sv,zh	Hur stor är månkratern Pasteur?	
https://zh.wikipedia.org/wiki/%E7%A6%8F%E9%97%A8%E7%89%B9%E6%8B%89%E5%B2%9B	福门特拉岛	zh,en,fi,fr,sv	Hur tar man sig till Formentera?	
https://fr.wikipedia.org/wiki/Ligne_8_du_m%C3%A9tro_de_Paris	Ligne 8 du métro de Paris	fr,en,fi,sv,zh	Hur många stationer ligger på Paris metrolinje 8?	
https://zh.wikipedia.org/wiki/%E9%98%BF%E6%96%AF%E7%8F%80%E8%92%99%E7%89%B9_(%E5%BE%B7%E5%85%8B%E8%96%A9%E6%96%AF%E5%B7%9E) 阿斯珀蒙特	(德克薩斯州)	zh,en,fr,sv		
https://zh.wikipedia.org/wiki/%E8%83%8C%E5%8F%9B%E7%9C%9F%E7%90%86%E7%9A%84%E4%BA%BA%E4%BB%AC	背叛真理的人们	zh,en,fr		
https://fr.wikipedia.org/wiki/Abrus	Abrus	fr,en,fi,sv,zh	Hur många stånder har blommor i Paternosterbönssläktet?	
https://sv.wikipedia.org/wiki/Fomitiporia	Fomitiporia	sv,en,fi,zh		
https://fr.wikipedia.org/wiki/Oxford_University_Association_Football_Club	Oxford University Association Football Club	fr,en,fi,sv	Hur många spelare av Oxford University AFC har spelat för det Engelska landslaget?	
https://zh.wikipedia.org/wiki/%E7%A7%8B%E5%A4%95_(%E6%9C%9D%E9%AE%AE%E5%8D%8A%E5%B3%B6)	秋夕 (朝鮮半島)	zh,en,fr,sv	På vilken dag infaller skördefesten i Korea och vad heter dagen?	
https://zh.wikipedia.org/wiki/%E9%85%92%E7%94%B0%E5%B8%82	酒田市	zh,en,fi,fr,sv	På vilken japansk ö ligger Sakata?	
https://zh.wikipedia.org/wiki/%E9%A9%AC%E5%B0%94%E7%BB%B4%E5%B0%94	马尔维尔	zh,en,fr,sv	Hur mycket ökade bevolkningen i kommunen Malville mellan 1962 och 2021?	
https://fr.wikipedia.org/wiki/Health_(groupe)	Health (groupe)	fr,en,fi,sv	Vilka musiker startade indierockbandet HEALTH?	
https://en.wikipedia.org/wiki/HSC_Cs%C3%ADkszereda	HSC Csíkszereda	en,fr,fi,sv	Vad heter hemmaarenan där HSC Csíkszereda spelar sina hemmamatcher?	
https://sv.wikipedia.org/wiki/Lil_Dagover	Lil Dagover	sv,en,fr,fi	Vad föddes Lil Dagover?	
https://fr.wikipedia.org/wiki/Mar%C3%ADa_Grever	María Grever	fr,en,sv,zh	Hur uppmärksammade Google María Grever den 11:e februari 2021?	
https://fr.wikipedia.org/wiki/Cap-Vert_aux_Jeux_olympiques	Cap-Vert aux Jeux olympiques	fr,en,fi,sv,zh	När deltog Kap Verde för första gången i de olympiska spelen?	
https://zh.wikipedia.org/wiki/%E9%A9%AC%E9%B2%81%E7%93%A6%E5%8B%92%E5%A5%B6%E9%85%AA	马鲁瓦勒奶酪	zh,en,fi,fr		
https://zh.wikipedia.org/wiki/%E5%8D%A1%E8%8E%B1%E5%B0%94%E6%B2%83%C2%B7%E5%8A%B3%E5%93%88%E6%8B%89	卡莱尔沃·劳哈拉	zh,en,fi,fr		
https://en.wikipedia.org/wiki/Arcade_(architecture)	Arcade (architecture)	en,fr,fi,sv,zh	Vad är en blindarkad?	
https://fr.wikipedia.org/wiki/Dioumat%C3%A9n%C3%A9	Dioumaténé	fr,en,fi,zh		
https://zh.wikipedia.org/wiki/%E5%B0%8F%E7%AB%B9%E9%BC%A0%E5%B1%AC	小竹鼠屬	zh,en,fr,sv	Hur lång är en kastanjebrun bamburåtta med och utan svans?	
https://fr.wikipedia.org/wiki/Manteo	Manteo	fr,en,sv,zh	Vem gav namn till orten Manteo i North Carolina?	
https://zh.wikipedia.org/wiki/%E7%8D%B5%E8%B2%93%E7%A7%91	獵貓科	zh,en,fi,fr,sv	Under vilken tid levde Nimravidae?	
https://zh.wikipedia.org/wiki/%E5%A4%96%E4%BA%A4%E4%BB%A3%E8%A1%A8%E6%A9%9F%E6%A7%8B	外交代表機構	zh,en,fr,sv	Hur många beskickningsklasser finns det inom utlandsmyndigheten?	
https://sv.wikipedia.org/wiki/Magnar_Solberg	Magnar Solberg	sv,en,fr,fi,zh	Hur många stafettmedaljer vann Magnar Solberg?	
https://fr.wikipedia.org/wiki/Kyle_Korver	Kyle Korver	fr,en,fi,zh		
https://sv.wikipedia.org/wiki/Alvignac	Alvignac	sv,en,fr,zh	I vilken region ligger Alvignac?	
https://sv.wikipedia.org/wiki/%C3%96gonh%C3%A5la	Ögonhåla	sv,en,fr,fi,zh	Hur djupt är hålan i människans öga?	
https://sv.wikipedia.org/wiki/Emerging_Church	Emerging Church	sv,en,fr,zh	Vad heter församlingen där pastorn Dan Kimball var pastor?	
https://zh.wikipedia.org/wiki/%E9%98%BF%E6%96%AF%E9%A1%BF%C2%B7%E9%A9%AC%E4%B8%81V12_Vanquish	阿斯顿·马丁V12 Vanquish	zh,en,fi,fr,sv	Hur stor är motorn i en Aston Martin V12 Vanquish?	
https://sv.wikipedia.org/wiki/Chichester,_New_Hampshire	Chichester, New Hampshire	sv,en,fr	I vilken amerikansk delstad ligger Chichester?	
https://zh.wikipedia.org/wiki/%E5%90%95%E6%9E%97	吕林	zh,en,fi,fr,sv	Vilka olympiska medaljer tog Lü Lin?	
https://fr.wikipedia.org/wiki/%C3%82ge_d%27or_danois	Âge d'or danois	fr,en,sv,zh	När nämndes "guldåldern" för första gången för den danska kulturella guldåldern i 1800-talets mitt?	
https://en.wikipedia.org/wiki/Andrei_Kravchuk	Andrei Kravchuk	en,fr,fi,sv,zh	Vad heter filmen om befälhavaren Aleksandr Koltjak som regisserades av Andrej Kravtjuk?	
https://zh.wikipedia.org/wiki/%E5%8B%92%E8%92%99%E6%B3%B0%E4%BC%8A	勒蒙泰伊	zh,en,fr,sv	I vilken fransk region ligger Le Monteil?	
https://zh.wikipedia.org/wiki/%E5%BD%BC%E5%BE%97%E7%BD%97%C2%B7%E5%8D%97%E5%B0%BC	彼得罗·南尼	zh,en,fi,fr,sv	När återlämnade Pietro Nenni Stalins fredspris och varför?	
https://zh.wikipedia.org/wiki/%E6%A0%BC%E7%BE%85%E5%AF%A7%E6%A0%B9%E5%8D%9A%E7%89%A9%E9%A4%A8	格羅寧根博物館	zh,en,fr,sv	Vilket arkitektkontor ritade utbyggnaden av Groninger Museum på 90-talet?	
https://zh.wikipedia.org/wiki/%E7%8E%89%E6%A0%91%E5%B8%82	玉树市	zh,en,fi,fr,sv	Hur långt borta ligger Yushu från provinshuvudstaden Xining?	
https://fr.wikipedia.org/wiki/Feng_Kai	Feng Kai	fr,en,sv,zh	Vilket lopp sprang Feng Kai när han vann bronsmedaljen i de olymiska spelen 2002?	
https://fr.wikipedia.org/wiki/Bee_Train	Bee Train	fr,en,zh		
https://zh.wikipedia.org/wiki/%E5%8D%A1%E4%BC%A6%C2%B7%E7%8F%80%E8%A5%BF	卡伦·珀西	zh,en,fi,fr,sv		
https://zh.wikipedia.org/wiki/%E8%B0%A2%E5%B0%94%E7%9B%96%C2%B7%E5%B8%95%E6%8B%89%E6%9D%B0%E8%AF%BA%E5%A4%AB	谢尔盖·帕拉杰诺夫	zh,en,fi,fr,sv	Vilken asteroid är uppkallad efter Sergej Parajanov?	
https://fr.wikipedia.org/wiki/Oudalan_(province)	Oudalan (province)	fr,en,fi,sv,zh	Var ligger medeltemperaturen i den varmaste månad i Province de l'Oudalan?	
https://fr.wikipedia.org/wiki/Fredrikstad_FK	Fredrikstad FK	fr,en,fi,sv,zh	På vilken plats avslutade Fredrikstad FK den norska Tippeligan 2008?	
https://zh.wikipedia.org/wiki/%E6%B5%B7%E6%B3%95%E5%A4%A7%E5%AD%A6	海法大学	zh,en,fi,fr		
https://sv.wikipedia.org/wiki/Alan_Rachins	Alan Rachins	sv,en,fr,fi	När föddes Alan Rachins?	
https://fr.wikipedia.org/wiki/(5412)_Rou	(5412) Rou	fr,en,sv,zh	När upptäcktes asteroiden 5412 Rou?	
https://fr.wikipedia.org/wiki/(661)_Cl%C3%A9lie	(661) Clélie	fr,en,sv,zh		
https://zh.wikipedia.org/wiki/%E5%9C%A3%E4%BE%9D%E8%A5%BF%E5%A4%9A%E7%A6%84%E5%A0%82_(%E7%BD%97%E9%A9%AC)	圣依西多禄堂 (罗马)	zh,en,fr,sv	Vem ritade Cappella De Sylva i Sant'Isidoro a Capo le Case?	
https://zh.wikipedia.org/wiki/%E5%B7%B4%E8%B5%AB%E6%8B%89%E5%A7%86%E4%B8%80%E4%B8%96	巴赫拉姆一世	zh,en,fr,sv	När regerade den persiska kungen Bahram I?	
https://fr.wikipedia.org/wiki/Guillemot_de_Tro%C3%AFl	Guillemot de Troïl	fr,en,fi,sv,zh	Hur stort sträker sig vingarna i en fullvuxen Sillgrissla?	
https://fr.wikipedia.org/wiki/Collage_(art)	Collage (art)	fr,en,fi,sv,zh		
https://sv.wikipedia.org/wiki/Middleham	Middleham	sv,en,fr,zh		
https://zh.wikipedia.org/wiki/%E7%B4%84%E5%A7%86%E6%96%AF%E7%B6%AD%E4%BA%AC	約姆斯維京	zh,en,fi,fr,sv	När döptes Sven Tveskägg och Harald Blåtand?	
https://zh.wikipedia.org/wiki/2013%E5%B9%B4%E4%BC%8A%E6%9C%97%E6%80%BB%E7%BB%9F%E9%80%89%E4%B8%BE	2013年伊朗总统选举	zh,en,fi,fr,sv	Hur många röster fick Hassan Rouhani i presidentvalet i Iran 2013?	
https://fr.wikipedia.org/wiki/268_av._J.-C.	268 av. J.-C.	fr,en,fi,sv,zh	När skapades en allians mellan Sparta, Aten och Ptolemaios II av Egypten av den atenske statsmannen och generalen Chremonides?	
https://zh.wikipedia.org/wiki/%E7%93%A6%E5%B0%94%E5%BE%B7%E9%9F%A6%E5%8B%92	瓦尔德韦勒	zh,en,fr,sv		
https://zh.wikipedia.org/wiki/%E5%AE%B9%E5%85%8B%E9%87%8C	容克里	zh,en,fr,sv		
https://fr.wikipedia.org/wiki/Alberto_Fouillioux	Alberto Fouillioux	fr,en,fi,sv	Hur många landskamper spelade Alberto Fouilloux?	
https://sv.wikipedia.org/wiki/8437_Bernicla	8437 Bernicla	sv,en,fr,zh		
https://zh.wikipedia.org/wiki/%E5%8A%A0%E6%8B%89%E9%9C%8D%E5%A5%88%E5%9B%BD%E5%AE%B6%E5%85%AC%E5%9B%AD	加拉霍奈国家公园	zh,en,fi,fr,sv	Vad heter den högsta punkten på ön La Gomera?	
https://sv.wikipedia.org/wiki/Theano_(filosof)	Theano (filosof)	sv,en,fr,fi	När levde den grekiska filosofen Theano?	
https://zh.wikipedia.org/wiki/%E5%9C%B0%E7%8B%B1_(%E5%B0%8F%E8%AF%B4)	地狱 (小说)	zh,en,fi,fr,sv	Vem spelade huvudrollen i filmateriseringen av Dan Browns bok Inferno?	
https://sv.wikipedia.org/wiki/Laurance_Rockefeller	Laurance Rockefeller	sv,en,fr,fi	För vilken fond var Laurance Rockefeller ordförande mellan 1968 och 1980?	
https://en.wikipedia.org/wiki/Frances_Farmer	Frances Farmer	en,fr,fi,sv	Vad heter den sista filmen där Frances Farmer medverkade?	
https://fr.wikipedia.org/wiki/Pl%C3%A9iotropie	Pléiotropie	fr,en,fi,sv,zh		
https://sv.wikipedia.org/wiki/C%C3%B3rdobaemiratet	Córdobaemiratet	sv,en,fr,zh	När fanns det Córdobaemiratet?	
https://sv.wikipedia.org/wiki/Uda_(kejsare)	Uda (kejsare)	sv,en,fr,zh		
https://fr.wikipedia.org/wiki/Baseball-Reference.com	Baseball-Reference.com	fr,en,zh		
https://fr.wikipedia.org/wiki/Agastache	Agastache	fr,en,fi,sv,zh		
https://sv.wikipedia.org/wiki/Tuck_Everlasting	Tuck Everlasting	sv,en,fr	På vilken bok är filmen Tuck Everlasting baserad på?	
https://fr.wikipedia.org/wiki/Valeille_(Loire)	Valeille (Loire)	fr,en,sv,zh		
https://sv.wikipedia.org/wiki/Litoria_rara	Litoria rara	sv,en,fr		
https://sv.wikipedia.org/wiki/Sauga_kommun	Sauga kommun	sv,en,fr,zh		
https://sv.wikipedia.org/wiki/Speichersdorf	Speichersdorf	sv,en,fr,zh		
https://zh.wikipedia.org/wiki/%E8%B5%AB%E5%B0%94%E6%9B%BC%C2%B7%E5%BC%97%E9%9B%B7%E6%B3%BD	赫尔曼·弗雷泽	zh,en,fi,fr,sv		
https://sv.wikipedia.org/wiki/Geoffroi_de_Villehardouin	Geoffroi de Villehardouin	sv,en,fr,fi,zh	I vilka korståg deltog Geoffroi de Villehardouin?	
https://zh.wikipedia.org/wiki/%E6%B3%95%E7%93%A6%E6%8B%89%E5%BE%B7%E6%8B%89%E9%87%8C%E9%9F%A6%E6%8B%89	法瓦拉德拉里韦拉	zh,en,fr,sv		
https://sv.wikipedia.org/wiki/Stahlberg	Stahlberg	sv,en,fr,zh		
https://sv.wikipedia.org/wiki/Tucum%C3%A1ntangara	Tucumántangara	sv,en,fr,fi		
https://zh.wikipedia.org/wiki/%E5%87%B9%E8%80%B3%E8%83%A1%E6%B9%8D%E8%9B%99	凹耳胡湍蛙	zh,en,fr,sv		
https://sv.wikipedia.org/wiki/HMY_Britannia	HMY Britannia	sv,en,fr,fi,zh	Hur många år anvädes HMY Britannia och när togs den ur drift?	
https://sv.wikipedia.org/wiki/Sydower_Flie%C3%9F	Sydower Fließ	sv,en,fr,zh		
https://fr.wikipedia.org/wiki/The_Leftovers	The Leftovers	fr,en,fi,sv	Hur många säsonger splades in av dramaserien The Leftovers?	
https://fr.wikipedia.org/wiki/FEAR_(jeu_vid%C3%A9o)	FEAR (jeu vidéo)	fr,en,fi,sv,zh	Vad är åldersgränsen för dataspelet F.E.A.R.?	
https://zh.wikipedia.org/wiki/%E5%8D%A1%E9%BD%90%E7%BA%B3%E5%B7%9E	卡齐纳州	zh,en,fi,fr,sv		
https://sv.wikipedia.org/wiki/Dave_Tippett	Dave Tippett	sv,en,fr,fi,zh		
https://fr.wikipedia.org/wiki/Championnat_d%27Europe_f%C3%A9minin_de_handball_2016	Championnat d'Europe féminin de handball 2016	fr,en,fi,sv		
https://sv.wikipedia.org/wiki/Alemanner	Alemanner	sv,en,fr,fi,zh		
https://zh.wikipedia.org/wiki/%E9%A9%AC%E5%85%8B%C2%B7%E6%B2%83%E7%BA%B3	马克·沃纳	zh,en,fi,fr,sv		
https://sv.wikipedia.org/wiki/Choe_Ryong-hae	Choe Ryong-hae	sv,en,fr,zh		
https://zh.wikipedia.org/wiki/%E4%B8%96%E7%95%8C%E5%9B%BD%E9%99%85%E8%B1%A1%E6%A3%8B%E8%81%94%E5%90%88%E4%BC%9A	世界国际象棋联合会	zh,en,fi,fr,sv		
https://zh.wikipedia.org/wiki/%E6%8B%89%E6%B2%99%E4%BD%A9%E5%8B%92%E5%9B%BE%E9%98%BF%E7%BD%97	拉沙佩勒图阿罗	zh,en,fr,sv		
https://zh.wikipedia.org/wiki/%E6%96%B0%E7%BC%AC%E8%8D%89%E5%B1%9E	新缬草属	zh,en,fi,fr,sv		
https://fr.wikipedia.org/wiki/Adriana_Lisboa	Adriana Lisboa	fr,en,fi,sv		
https://fr.wikipedia.org/wiki/Liaison_m%C3%A9tallique	Liaison métallique	fr,en,fi,sv,zh		
https://en.wikipedia.org/wiki/Arts_and_Humanities_Citation_Index	Arts and Humanities Citation Index	en,fr,fi,zh		
https://fr.wikipedia.org/wiki/Infiniti_G	Infiniti G	fr,en,fi,zh		
https://sv.wikipedia.org/wiki/Vaux-en-Ami%C3%A9nois	Vaux-en-Amiénois	sv,en,fr,zh		
https://fr.wikipedia.org/wiki/Sminthuridae	Sminthuridae	fr,en,fi,sv		
https://zh.wikipedia.org/wiki/VinFast	VinFast	zh,en,fi,fr,sv		
https://fr.wikipedia.org/wiki/Omega_Centauri	Omega Centauri	fr,en,fi,sv,zh		
https://fr.wikipedia.org/wiki/Corneille_%C3%A0_t%C3%AAte_brune	Corneille à tête brune	fr,en,fi,sv,zh		
https://zh.wikipedia.org/wiki/%E5%9F%83%E5%85%8B%E6%A3%AE_(%E5%BE%B7%E5%9B%BD)	埃克森 (德国)	zh,en,fr,sv		
https://sv.wikipedia.org/wiki/Hugh_Fraser	Hugh Fraser	sv,en,fr,fi		
https://sv.wikipedia.org/wiki/Amoncourt	Amoncourt	sv,en,fr,zh		
https://zh.wikipedia.org/wiki/%E8%81%8C%E4%B8%9A%E6%9D%80%E6%89%8B_(%E7%94%B5%E5%BD%B1)	职业杀手 (电影)	zh,en,fr,sv		
https://zh.wikipedia.org/wiki/%E9%94%A1%E4%BC%8A%E6%98%82%E5%8F%A4%E8%B4%B9%E6%81%A9	锡伊昂古费恩	zh,en,fr,sv		
https://fr.wikipedia.org/wiki/Canon_EOS_70D	Canon EOS 70D	fr,en,fi,sv,zh		
https://fr.wikipedia.org/wiki/Nina_Curtis	Nina Curtis	fr,en,sv,zh		
https://zh.wikipedia.org/wiki/%E7%B4%84%E7%BF%B0%C2%B7%E8%8F%AF%E7%89%B9%E6%96%AF	約翰·華特斯	zh,en,fi,fr,sv		
https://en.wikipedia.org/wiki/Delta,_British_Columbia	Delta, British Columbia	en,fr,fi,sv,zh		
https://zh.wikipedia.org/wiki/%E9%98%BF%E7%88%BE%E5%A1%94%E8%BF%AA%E7%B4%8D_(%E5%8A%A0%E5%88%A9%E7%A6%8F%E5%B0%BC%E4%BA%9E%E5%B7%9E)	阿爾塔迪納 (加利福尼亞州)	zh,en,fi,fr,sv		
https://en.wikipedia.org/wiki/Brothers_in_Arms_(album)	Brothers in Arms (album)	en,fr,fi,sv		
https://en.wikipedia.org/wiki/Susan_Mayer	Susan Mayer	en,fr,fi,sv,zh		
https://fr.wikipedia.org/wiki/Al%C3%A9m_Para%C3%ADba	Além Paraíba	fr,en,sv,zh		
https://fr.wikipedia.org/wiki/Ab%C3%A1dszal%C3%B3k	Abádszalók	fr,en,sv,zh		
https://zh.wikipedia.org/wiki/%E4%B8%8A%E6%A2%85%E5%B0%94%E8%A5%BF	上梅尔西	zh,en,fi,fr,sv		
https://zh.wikipedia.org/wiki/%E8%AD%A6%E5%AF%9F%E5%AD%A6%E6%A0%A1_(%E7%94%B5%E5%BD%B1)	警察学校 (电影)	zh,en,fi,fr,sv		
https://fr.wikipedia.org/wiki/Moshood_Abiola	Moshood Abiola	fr,en,fi,sv		
https://zh.wikipedia.org/wiki/%E4%BF%AE%E8%BE%9E%E5%AD%A6	修辞学	zh,en,fi,fr,en-simple,sv		
https://zh.wikipedia.org/wiki/%E7%83%8F%E5%85%8B%E8%98%AD%E5%BA%AB%E9%82%A6	烏克蘭庫邦	zh,en,fi,fr		
https://fr.wikipedia.org/wiki/Pachychilon_pictum	Pachychilon pictum	fr,en,sv,zh		
https://zh.wikipedia.org/wiki/%E5%90%89%E5%88%97%E4%BD%93%E8%82%B2%E5%9C%BA	吉列体育场	zh,en,fi,fr,sv		
https://fr.wikipedia.org/wiki/Oxycarenidae	Oxycarenidae	fr,en,sv,zh		
https://sv.wikipedia.org/wiki/Microsoft_Edge	Microsoft Edge	sv,en,fr,fi,zh		
https://en.wikipedia.org/wiki/Bombykol	Bombykol	en,fr,fi,zh		
https://fr.wikipedia.org/wiki/Emden_(1925)	Emden (1925)			