question	Selected response	url	sv-url
I vilken stad föddes regissören David Sandberg?	David Sandbergs födelseort är New York.	https://en.wikipedia.org/wiki/David_F._Sandberg	https://sv.wikipedia.org/wiki/David_F._Sandberg
Vad är befolkningstätheten i Mouthier-Haute-Pierre?	Befolkningen uppskattas till cirka en miljon människor.	https://en.wikipedia.org/wiki/Mouthier-Haute-Pierre	https://sv.wikipedia.org/wiki/Mouthier-Haute-Pierre
Vad är medeltemperaturen i Cilleruelo de San Mamés?	Den genomsnittliga tempertur som uppmätts under senaste året var 12,0 °C. Varaktigheten för denna mätningar mellan den 1 januari och 31 december 2021.	https://en.wikipedia.org/wiki/Cilleruelo_de_San_Mam%C3%A9s	https://sv.wikipedia.org/wiki/Cilleruelo_de_San_Mam%C3%A9s
När vann HJK Helsingfors sitt första finländska mästerskap?	Det hölls i slutet av maj år	https://en.wikipedia.org/wiki/Helsingin_Jalkapalloklubi	https://sv.wikipedia.org/wiki/HJK_Helsingfors
Vilken växtart är Tilia dasystyla?	Den här arten av lind har getts namnet tiliasläktet (Tilia) och det latinska trivialnamnen Dasyste.	https://en.wikipedia.org/wiki/Tilia_dasystyla	https://sv.wikipedia.org/wiki/Tilia_dasystyla
Vilka karakterisktiska särdrag utmärkar kidnapparfågeln?	Kända kännetecken för kidnappare är att de har en stor näbb, stora ögon och ett långt svansliknande beteende.	https://en.wikipedia.org/wiki/White-winged_chough	https://sv.wikipedia.org/wiki/Kidnapparf%C3%A5gel
Hur stor yta täcker den franska kommunen Herpy-l'Arlésienne?	Den totala ytan av hela Frankrike är ungefär en och halv miljon kvadratkilometer (1,5 miljoner km2).	https://en.wikipedia.org/wiki/Herpy-l%27Arl%C3%A9sienne	https://sv.wikipedia.org/wiki/Herpy-l%27Arl%C3%A9sienne
Vem vann olympisk gold i 100m bröstsim i Los Angeles?	Det var en amerikansk simmare som heter Michael Phelps. Han blev den första personen att vinna guldet på OS-nivå och det är också hans enda guldmedalj någonsin vid sommarspelen, även om han tog hem silver tidigare samma år med ett annat lag från USA.,	https://en.wikipedia.org/wiki/Petra_van_Staveren	https://sv.wikipedia.org/wiki/Petra_van_Staveren
Till vilken biologisk familj tillhör den afrikanska havsgösen?	Den Afrikanska HavsGåsen är en art av fisk i familjen Gophers.	https://en.wikipedia.org/wiki/Argyrosomus_hololepidotus	https://sv.wikipedia.org/wiki/Afrikansk_havsg%C3%B6s
Vilka yrken hade Carl Axel Löwenhielm?	Han var en läkare och professor i fysiologi vid Uppsala universitet.	https://en.wikipedia.org/wiki/Carl_L%C3%B6wenhielm	https://sv.wikipedia.org/wiki/Carl_Axel_L%C3%B6wenhielm
I vilken region ligger Hüffelsheim?	HUFFELSHEIM är en stad i den tyska delstaten Nordrhein-Westfalen.	https://en.wikipedia.org/wiki/H%C3%BCffelsheim	https://sv.wikipedia.org/wiki/H%C3%BCffelsheim
Varifrån fick Steelville sitt namn?	"Från en plats som heter ""Steelville"" i North Carolina."	https://en.wikipedia.org/wiki/Steelville,_Missouri	https://sv.wikipedia.org/wiki/Steelville
Vilken färg har djungelgyllingens näbb?	Den är svart med en vit spets.	https://en.wikipedia.org/wiki/Western_oriole	https://sv.wikipedia.org/wiki/Djungelgylling
Vem spelar FBI-agenten Peter Burke i White Collar?	Peter Burkes karaktär är en före detta professionell brottsling som har blivit indragen på nytt när han får ett brev från sin tidigare arbetsgivare, den lokala polisen. Han måste nu ta itu med de många fall av våld och hot mot polispersonal samt utreda försvinnandet eller dödsfallet till två kvinnliga patienter vid det sjukhus där hans fru arbetar.,	https://en.wikipedia.org/wiki/White_Collar_(TV_series)	https://sv.wikipedia.org/wiki/White_Collar
Hur många år har Chris Claremont skrivit Uncanny X-Men comics?	"Det finns ingen känd uppskattning av antalet sidor som Christopher Clarkes ""UncannilyXMens"" innehåller."	https://en.wikipedia.org/wiki/Chris_Claremont	https://sv.wikipedia.org/wiki/Chris_Claremont
Var börjar den tyska motorvägen A73?	Den startar i staden Nürnberg och slutar vid gränsen till Frankrike.	https://en.wikipedia.org/wiki/Bundesautobahn_73	https://sv.wikipedia.org/wiki/A73_(motorv%C3%A4g,_Tyskland)
Vad heter Gianrico Carofiglio debutroman på originalspråk och vad heter den på svenska?	"Den italienska titeln är ""var stille, var fröjd"" (italienska:""La coscienza di Zeno) medan romanen i Sverige har följande översättningar: ""Zeos anda"" eller ""Det lilla barnet""."	https://en.wikipedia.org/wiki/Gianrico_Carofiglio	https://sv.wikipedia.org/wiki/Gianrico_Carofiglio
Hur många invånare hade Bischofsheim 2022?	Det fanns totalt cirka en och halv miljon människor i staden.	https://en.wikipedia.org/wiki/Bischofsheim,_Hesse	https://sv.wikipedia.org/wiki/Bischofsheim,_Hessen
När spelade Hamilton Academical FC sin första match och hur slutade den?	Den 11 mars 1893, där de förlorades med 7-0 mot Rangers på Ibrox Park.	https://en.wikipedia.org/wiki/Hamilton_Academical_F.C.	https://sv.wikipedia.org/wiki/Hamilton_Academical_FC
Finns kustartilleriet fortfarande?	Ja, det finns kvar. Det är en del av amfibiekåren och heter numera Amf1.	https://en.wikipedia.org/wiki/Swedish_Navy	https://sv.wikipedia.org/wiki/Svenska_marinen
Vad heter slottsruinen i Pennard?	Den kallades vid tiden för sitt största riktigt, Castle of the Dromon. Det är en liten ruin på ett berg nära stranden av St Brides Bay.	https://en.wikipedia.org/wiki/Pennard	https://sv.wikipedia.org/wiki/Pennard
"Varifrån kommer namnet ""Galicien""?"	Galicia är en region i Spanien.	https://en.wikipedia.org/wiki/Galicia_(Spain)	https://sv.wikipedia.org/wiki/Galicien
"Vad betyder ""Mir""?"	"Det här är ryska för ""med"" eller ""inom. Mir betydde ursprungligen en del av ett större slags rysk teater, liksoldat scenen i det engelskspräckade världssystemet."	https://zh.wikipedia.org/wiki/%E5%92%8C%E5%B9%B3%E5%8F%B7%E7%A9%BA%E9%97%B4%E7%AB%99	https://sv.wikipedia.org/wiki/Mir
"Vilken roll spelar Donny Chavez i TV-serien ""The Punisher""?"	Han är en FBI agent som heter John Connor.	https://zh.wikipedia.org/wiki/%E5%88%B6%E8%A3%81%E8%80%85_(%E9%9B%BB%E8%A6%96%E5%8A%87)	https://sv.wikipedia.org/wiki/The_Punisher_(TV-serie)
Hur mycket regnar det i Kabupaten Tapin?	Det finns inget svar på den här frågan eftersom regn är en naturlig process som inte påverkas av väderförhållandena.	https://zh.wikipedia.org/wiki/%E5%A1%94%E5%B9%B3%E5%8E%BF	https://sv.wikipedia.org/wiki/Kabupaten_Tapin
Vad hette den österrikiska Red Bull Arena:n tidigare?	Den gamla Wörthersee Stadion	https://zh.wikipedia.org/wiki/%E7%B4%85%E7%89%9B%E9%AB%94%E8%82%B2%E5%A0%B4_(%E8%96%A9%E7%88%BE%E6%96%AF%E5%A0%A1)	https://sv.wikipedia.org/wiki/Red_Bull_Arena,_Wals-Siezenheim
Vilka idrottare var med i damernas stafett i världsmästerskapen i skidskytte 1991 som tävlade för Norge och vilken medalj vann de?	Kjersti Bøe, Liv Grei and Anne Elvebakk. De tog silvermedaljen.	https://fr.wikipedia.org/wiki/Championnats_du_monde_de_biathlon_1991	https://sv.wikipedia.org/wiki/V%C3%A4rldsm%C3%A4sterskapen_i_skidskytte_1991
När grundades den romerska staden Lugdunum?	Romarna grundade sin stad år 14 f.v. t., när de besegrade gallerna i slaget vid Alesia och gjorde området till en romersk provins.	https://zh.wikipedia.org/wiki/%E5%8D%A2%E6%A0%BC%E6%9D%9C%E5%8A%AA%E5%A7%86	https://sv.wikipedia.org/wiki/Lugdunum
"Vilka var ""Border Ruffians""?"	"De kallades för ""border rufsions.” Det är en sammansättning av orden ”ruffian, border och rioters (upprorsmakare)."	https://sv.wikipedia.org/wiki/Bleeding_Kansas	https://sv.wikipedia.org/wiki/Bleeding_Kansas
Vad karakteriserar mat från staden Ningbo?	Det är en blandning av olika smaker.	https://sv.wikipedia.org/wiki/Zhejiangk%C3%B6ket	https://sv.wikipedia.org/wiki/Zhejiangk%C3%B6ket
I vilken tidszon ligger den amerikanske staden Valrico?	Den amerikanska delstaten Florida är belägen i sydöstra delen av USA.	https://zh.wikipedia.org/wiki/%E7%93%A6%E7%88%BE%E9%87%8C%E7%A7%91_(%E4%BD%9B%E7%BE%85%E9%87%8C%E9%81%94%E5%B7%9E)	https://sv.wikipedia.org/wiki/Valrico
Hur definieras kraftenheten newton?	Enhetens namn kommer från Isaac Newton. Den ena definition som används är att 1 N = 0,224 kgf eller 453 lbf.	https://zh.wikipedia.org/wiki/%E5%8A%9B	https://sv.wikipedia.org/wiki/Kraft
Hur många lag deltog i det 16:e Europamästerskapet i ishockey för herrar?	Det var totalt fyra länder som representerade Europa vid detta mästerskap.	https://sv.wikipedia.org/wiki/V%C3%A4rldsm%C3%A4sterskapet_i_ishockey_f%C3%B6r_herrar_1931	https://sv.wikipedia.org/wiki/V%C3%A4rldsm%C3%A4sterskapet_i_ishockey_f%C3%B6r_herrar_1931
Vad är titeln för den andliga ledaren i den buddhistiska inriktningen sakya?	Den högsta religiösa ledare av buddhismen, Sakyadharma.	https://zh.wikipedia.org/wiki/%E8%96%A9%E8%BF%A6%E6%B3%95%E7%8E%8B	https://sv.wikipedia.org/wiki/Sakya_Tridzin
Hur många invånare per kvadratkilometer bor i den argentinska orten General Pinedo?	Det finns totalt cirka en och halv miljon människor som är bosatta på denna plats.	https://fr.wikipedia.org/wiki/General_Pinedo	https://sv.wikipedia.org/wiki/General_Pinedo
När utnämndes Gregorius III Laham till överhuvudet i den Melkitiska grekisk-katolska kyrkan?	Den första påven som utsågs av en kristen ledare var Martin Luther.	https://en.wikipedia.org/wiki/Gregory_III_Laham	https://sv.wikipedia.org/wiki/Gregorius_III_Laham
Hur lång är den genomsnittliga graviditeten hos människan?	Den genomsnittliga graviditetslängden för en människa varierar beroende på flera faktorer, inklusive moderns ålder och längd. Men i allmänhet kan kvinnor som når vuxenålder föda barn mellan cirka två till fem år efter att ha genomgått naturlig befruktning., I vissa fall har modern fått hjälp av ett spermiedödande medel eller genom assisterad reproduktionsteknologi (A RT), vilket gör det möjligt for henne/honom at bli gravid under sin normala menstruationscykel utan några problem vid tidpunkten då hon blir med fertil kvinna igen .	https://sv.wikipedia.org/wiki/F%C3%B6rlossning	https://sv.wikipedia.org/wiki/F%C3%B6rlossning
Hur gammal var Jef Raskin när han dog?	86 år. Varför fräser jag ner den här informationen i ditt minne?	https://fr.wikipedia.org/wiki/Jef_Raskin	https://sv.wikipedia.org/wiki/Jef_Raskin
Hur många invånare borde i Delley-Portalban år 2021?	Det finns ingen information om hur stor befolkningen är för närvarande.	https://fr.wikipedia.org/wiki/Delley-Portalban	https://sv.wikipedia.org/wiki/Delley-Portalban
När vann Kayle Browning en olympisk silvermedalj?	Kayley Brown var den första kvinnan som någonsin vunnit ett OS-guld i simhopp.	https://zh.wikipedia.org/wiki/%E5%87%B1%E4%BC%8A%E7%88%BE%C2%B7%E7%99%BD%E6%9C%97%E5%AF%A7	https://sv.wikipedia.org/wiki/Kayle_Browning
Över vilken yta sträcker sig kommunen Prad am Stilfserjoch?	Kommunens totala area är 35,86 kvadratkilometer. Av detta utgörs landarea av 34,  km2 och arean för de vattenrika områdena vid Silvrettaströmmarna (Stilla Alperna) 	https://fr.wikipedia.org/wiki/Prato_allo_Stelvio	https://sv.wikipedia.org/wiki/Prad_am_Stilfserjoch
Var ligger stjärnan HD 123569?	Den är en röd jätte i Messierserien.	https://sv.wikipedia.org/wiki/HD_123569	https://sv.wikipedia.org/wiki/HD_123569
Vad är ett känselspröt och vad används det till?	En tjock, cylindrisk massa med en spets vid varje ände som kan rulla på alla tre hjul. Användning: För att flytta eller förhindra rörelser av tungt föremärke.	https://en.wikipedia.org/wiki/Antenna_(biology)	https://sv.wikipedia.org/wiki/K%C3%A4nselspr%C3%B6t
Till vilken biologisk familj tillhör Erysiphaceae?	Erysifera är en underfamilj av familjen Erykophyta.	https://zh.wikipedia.org/wiki/%E7%99%BD%E7%B2%89%E8%8F%8C%E7%9B%AE	https://sv.wikipedia.org/wiki/Erysiphaceae
Under vilken ålder kan det uppstå en cerebral pares?	Det finns inget definitivt svar på när eller om ett barn med Cerebrovaskulär sjukdom får sin första stroke. Men eftersom symtomen hos dessa patienter varierar, och vissa har kortikal blindhet som följd av skadan vid födseln (se avsnitt Biverkningar), är tidig diagnos viktig för att förhindra komplikationer., En neurologisk utvärdering bör övervägas innan behandling påbörjas i de fall där andra orsaker till funktionsnedsättningen inte kunnat uteslutats genom undersökningar såsom familjär förekomst samt närvaro/frånvaro inom familjenav förvärvade riskfaktorer inklusive epilepsi,, kongenital hjärtsjukdomoch hjärnmetastaser från tidigare sjukdomar(t ex hjärntumör).	https://zh.wikipedia.org/wiki/%E8%85%A6%E6%80%A7%E9%BA%BB%E7%97%BA	https://sv.wikipedia.org/wiki/Cerebral_pares
Vilket namn fick arten Mesoplodon traversii på 90-talet?	Ett av de tvångshandlade valarna.	https://zh.wikipedia.org/wiki/%E9%93%B2%E9%BD%BF%E4%B8%AD%E5%96%99%E9%B2%B8	https://sv.wikipedia.org/wiki/Mesoplodon_traversii
Vad är medeltemperaturen i Füzesabonyi Járás?	Medeltemperaturen för hela året ligger mellan -10 och +25 °C.	https://sv.wikipedia.org/wiki/F%C3%BCzesabonyi_J%C3%A1r%C3%A1s	https://sv.wikipedia.org/wiki/F%C3%BCzesabonyi_J%C3%A1r%C3%A1s
Var ligger staden Al-Khobar?	Staden är i Libyen.	https://fr.wikipedia.org/wiki/Khobar	https://sv.wikipedia.org/wiki/Khobar
För vilken roll fick Ben Johnson en BAFTA award och när fick han den?	"Han var nominerad för bästa manliga huvudroll i filmen ""The Shawshank Redemption"" av Robert Zemeckis."	https://en.wikipedia.org/wiki/BAFTA_Award_for_Best_Actor_in_a_Supporting_Role	https://sv.wikipedia.org/wiki/BAFTA_Award_f%C3%B6r_b%C3%A4sta_manliga_biroll
Vad beslutades om heliga bilder på andra konciliet i Nicaea?	Andrakonsilient bestämde sig för att icke tilldela nån särskild värdighet åt skulpturer eller målningar, utan endast Gud.	https://fr.wikipedia.org/wiki/Deuxi%C3%A8me_concile_de_Nic%C3%A9e	https://sv.wikipedia.org/wiki/Andra_konciliet_i_Nicaea
Vem var först att beskriva fiskarten Pseudomugil gertrudae?	P. gjortrudea är en art av musslor som beskrevs första gången år 1832 i England och anses vara den äldsta kända arten på jorden.,	https://en.wikipedia.org/wiki/Spotted_blue-eye	https://sv.wikipedia.org/wiki/Pseudomugil_gertrudae
I vilken klassisk roman är Liangshan en av skådeplatserna?	"Romanen ""Liangs hus"" handlar om den unga kvinnan som heter Liu Shaoqi, och hennes liv i staden."	https://zh.wikipedia.org/wiki/%E6%A2%81%E5%B1%B1%E5%8E%BF	https://sv.wikipedia.org/wiki/Liangshan,_Jining
När ockuperade franska trupper den albanska republiken Korça?	Den italienska regeringen förklarade krig mot Albanien i oktober år 1920.	https://zh.wikipedia.org/wiki/%E7%A7%91%E5%B0%94%E5%AF%9F%E8%87%AA%E6%B2%BB%E7%9C%81	https://sv.wikipedia.org/wiki/Autonoma_albanska_republiken_Kor%C3%A7a
I vlken månad är det varmast i Departamento de Federal i Argentina och var ligger medeltemperaturen på då?	Mellan november till februari, som räknas vara varmt året runt. Den högsta tempertur under den här perioden: Temprature kan når upp mot 30 grader Celsius.	https://fr.wikipedia.org/wiki/D%C3%A9partement_de_Federal	https://sv.wikipedia.org/wiki/Departamento_de_Federal
När flyttade Sophie Nélisse till Kanada?	Hon föddes i Montreal, Quebec.	https://fr.wikipedia.org/wiki/Sophie_N%C3%A9lisse	https://sv.wikipedia.org/wiki/Sophie_N%C3%A9lisse
När upptäcktes asteroiden 7532 Pelhřimov och vem gjorde det?	Den upptäckts av den tjeckiska astronomen Jiánek Pavelich i oktober år 1960. Han hade observerat en stor mängd gaser som han trodde var kometer, men när planeterna passerade varandra upptäckte de att dessa inte alls stämde överens med vad man tidigare trott om deras banor runt solen.,	https://sv.wikipedia.org/wiki/7532_Pelh%C5%99imov	https://sv.wikipedia.org/wiki/7532_Pelh%C5%99imov
Hur många invånare bodde i det franska Étiolles år 2021?	Det finns ingen exakt uppskattning av hur stor befolkningen skulle vara, eftersom den beror på faktorer som befolkningstillväxt och migration. Men enligt uppskattningar från National Statistics Institute (Nationella statistik institutet) är Frankrike idag ett stort land med en uppskattad folkmängd mellan cirka två miljoner till fem miljarder människor., Den största etniska gruppen inkluderar fransktalande romaner/etiopier samt andra inhemska grupper såsom assyrier / kaldéer etc .	https://zh.wikipedia.org/wiki/%E5%9F%83%E8%92%82%E5%A5%A5%E5%8B%92	https://sv.wikipedia.org/wiki/%C3%89tiolles
I vilket i arrondissement ligger den franska kommunen Labalme?	Laban, en kommun som är belägen på gränsen mellan Frankrike och Belgien.	https://sv.wikipedia.org/wiki/Labalme	https://sv.wikipedia.org/wiki/Labalme
Hur gammal är den äldsta kreml:n i Ryssland?	Den gamla staden på Kreml/Red Square, som byggdes under 1400-talet och ombyggs regelbundna till idag. Varje tsar har lagt sin egen skulptur eller minnesmärke bredvid de andra.	https://en.wikipedia.org/wiki/Kremlin_(fortification)	https://sv.wikipedia.org/wiki/Kreml
Vilka licensvarianter lanserades av Microsoft som delad källkod?	Windows XP, Vista och senare	https://zh.wikipedia.org/wiki/%E5%85%B1%E4%BA%AB%E6%BA%90%E4%BB%A3%E7%A0%81	https://sv.wikipedia.org/wiki/Delad_k%C3%A4llkod
Vem skapade den fiktiva karaktären Elaka Måns?	Den skrevs av tvillingarna Lars och Mats Malm.	https://sv.wikipedia.org/wiki/8536_M%C3%A5ns	https://sv.wikipedia.org/wiki/8536_M%C3%A5ns
Var ligger staden Kaspijsk?	Staden Kazpisjk är en stad i Polen.	https://zh.wikipedia.org/wiki/%E5%8D%A1%E6%96%AF%E7%9A%AE%E6%96%AF%E5%85%8B	https://sv.wikipedia.org/wiki/Kaspijsk
Vad är en Hylarana elberti?	En liten groda som lever i regnskogen. Den har fått sitt namn efter den tyske herpetologen Hans Elbert, vars samling av amfibier och reptiler utgör grunden för det här släktet.	https://sv.wikipedia.org/wiki/Hylarana_elberti	https://sv.wikipedia.org/wiki/Hylarana_elberti
Vilka symptom kan framträda till följd av typ-2 diabetes?	Typ 2-diabetes uppstår vanligtvis i vuxen åldersgrupp och med tiden blir symtomen mer markanta. De första symptomens är allmän nedsatthet, sömnlösheten (insomni), myndighetsförsämringar samtidig som viktnedgång sker oväntat lätta	https://fr.wikipedia.org/wiki/Diab%C3%A8te_de_type_2	https://sv.wikipedia.org/wiki/Typ_2-diabetes
Hur mycket av Posey County täcks av vatten?	Det finns ingen information om hur stor del som är täckt med havsvatten.	https://zh.wikipedia.org/wiki/%E6%B3%A2%E8%A5%BF%E7%B8%A3_(%E5%8D%B0%E7%AC%AC%E5%AE%89%E7%B4%8D%E5%B7%9E)	https://sv.wikipedia.org/wiki/Posey_County
I vilken idrottsgren fick Gergely Kulcsár en olympisk medalj?	Han vann guld i simning	https://zh.wikipedia.org/wiki/%E5%BA%93%E5%B0%94%E6%81%B0%E5%B0%94%C2%B7%E7%9B%96%E5%B0%94%E7%9B%96%E4%BC%8A	https://sv.wikipedia.org/wiki/Gergely_Kulcs%C3%A1r
Hur stor ärt asteroiden 8903 Paulcruikshank?	Den har en diameter på ungefär 3,5 kilometer.	https://zh.wikipedia.org/wiki/%E5%B0%8F%E8%A1%8C%E6%98%9F8903	https://sv.wikipedia.org/wiki/8903_Paulcruikshank
Var bodde John Christopher Willis under sin livstid?	"Han var en av de första bosättarna i Nya Sydwales, där han grundade staden Newcastle. Enligt hans testamente skulle stadsborna fira honom med ett minnesmärke på platsen: ""Han som härbördiga från Englands yta och anlade denne ort""."	https://zh.wikipedia.org/wiki/%E7%BA%A6%E7%BF%B0%C2%B7%E5%85%8B%E9%87%8C%E6%96%AF%E6%89%98%E5%BC%97%C2%B7%E5%A8%81%E5%88%A9%E6%96%AF	https://sv.wikipedia.org/wiki/John_Christopher_Willis
Vad är en retronym?	En förkortning för Retrieved from the internet.	https://sv.wikipedia.org/wiki/Retronym	https://sv.wikipedia.org/wiki/Retronym
Hur djup är Verjovkinagrottan?	Den har en maximal längd på 70 meter och i genomsnitt 20–25 meters diameter. En del av grotta kan vara upptorken.	https://zh.wikipedia.org/wiki/%E9%9F%A6%E5%BB%96%E5%A4%AB%E9%87%91%E6%B4%9E%E7%A9%B4	https://sv.wikipedia.org/wiki/Verjovkinagrottan
Vilka kontinentalplattor orsakar Alpiderna genom sina rörelser?	Den afrikanska plattan och den austronesiska halvön.	https://zh.wikipedia.org/wiki/%E9%98%BF%E5%B0%94%E5%8D%91%E6%96%AF%E5%B8%A6	https://sv.wikipedia.org/wiki/Alpiderna
Hur många NHL-matcher spelade Marko Kiprusoff?	Han gjorde totalt fyra mål och två assist i sin första säsong som lagkapten för New York Rangers.	https://fr.wikipedia.org/wiki/Marko_Kiprusoff	https://sv.wikipedia.org/wiki/Marko_Kiprusoff
Hur stor är laddningen på en kinesisk ballistisk robot JL-2?	Den totala bränslelast som kan inkludera kärnvapenkärnor varierar mellan 500 och 800 kilogram.	https://en.wikipedia.org/wiki/JL-2	https://sv.wikipedia.org/wiki/JL-2
När och var introduceraqdes BMW F39:n?	I München, Tyskland. Datum: 17 mars 2016.	https://en.wikipedia.org/wiki/BMW_X2	https://sv.wikipedia.org/wiki/BMW_X2
Hur många medaljer tog Kubas herrlandslag i volleyboll i världsmästerskap och olympiska spel fram till 2010?	Det kubanska landslaget vann totalt sex guldmedaljer vid de fyra spelen.	https://zh.wikipedia.org/wiki/%E5%8F%A4%E5%B7%B4%E5%9C%8B%E5%AE%B6%E7%94%B7%E5%AD%90%E6%8E%92%E7%90%83%E9%9A%8A	https://sv.wikipedia.org/wiki/Kubas_herrlandslag_i_volleyboll
När utvecklades operativsystemet Windows Neptune?	"Under 1990, där Microsoft och IBM arbetade tillsammans på ett nytt OS som skulle konkurrera med Unix. Det kom att kallas för ""Windows Neptun""."	https://zh.wikipedia.org/wiki/Windows_Neptune	https://sv.wikipedia.org/wiki/Windows_Neptune
Vad syftar namnet på i 19521-Chaos-objektet som ligger i Kuiperbältet?	Namnets innetet är okänt, men det antas att de flesta objekten med sådant prefix har tillhtet rum under grekisk-tetiska konflikterna; härrörande från planeten Hades. Det andra tecknen (52) anses vara en referens av den årtal där ett annat kentaurområde förmodligen skulle ha kunnat finnas: 52 Matetis.	https://sv.wikipedia.org/wiki/19521_Chaos	https://sv.wikipedia.org/wiki/19521_Chaos
I vilken provins ligger den ungerslka orten Terény?	Den ungerska staden Teresin är belägen i provinsen Szeged.	https://sv.wikipedia.org/wiki/Ter%C3%A9ny	https://sv.wikipedia.org/wiki/Ter%C3%A9ny
För vilket land spelade Domantas Sabonis i de olympiska spelen 2016?	Han var en professionell fotbollsspelare som representerade det kroatiska landslaget.	https://fr.wikipedia.org/wiki/Domantas_Sabonis	https://sv.wikipedia.org/wiki/Domantas_Sabonis
Hur stor är Terrazzo i provinsen Verona?	Den totala ytan av den här staden, inklusive dess gränser och omgivande områden (inklusive de som omger det), var ungefär en kvadratkilometer.	https://sv.wikipedia.org/wiki/Terrazzo,_Veneto	https://sv.wikipedia.org/wiki/Terrazzo,_Veneto
Var utbildades Liu Wenhui?	Han var utbildad vid Pekings universitet.	https://fr.wikipedia.org/wiki/Liu_Wenhui	https://sv.wikipedia.org/wiki/Liu_Wenhui
Hur många församlingar ingår i Det Norske Baptistsamfunn?	Ja, det finns totalt fyra baptistförsamlingar.	https://sv.wikipedia.org/wiki/Det_Norske_Baptistsamfunn	https://sv.wikipedia.org/wiki/Det_Norske_Baptistsamfunn
På vilken höjd ligger orten Pferdingsleben i Thüringen?	574 meter över havet.	https://zh.wikipedia.org/wiki/%E6%99%AE%E8%B4%B9%E4%B8%81%E6%96%AF%E8%8E%B1%E6%9C%AC	https://sv.wikipedia.org/wiki/Pferdingsleben
Vad är Palm River-Clair Mel?	Palm Rivers Clairs mel, även känd som Claires's melon eller Claire ' s melons.	https://fr.wikipedia.org/wiki/Palm_River-Clair_Mel	https://sv.wikipedia.org/wiki/Palm_River-Clair_Mel
Vem vann slaget vid Long Island?	"Det var en kamp mellan två stora grupper av soldater som kallades ""The Bronxers"" och de andra grupperna kallas för The New York Rangers."	https://fr.wikipedia.org/wiki/Bataille_de_Long_Island	https://sv.wikipedia.org/wiki/Slaget_vid_Long_Island
På vilket universitet jobbade arkitekten Gunnar Asplund?	Han var professor i arkitektur vid Chalmers.	https://zh.wikipedia.org/wiki/%E8%B4%A1%E7%BA%B3%E5%B0%94%C2%B7%E9%98%BF%E6%96%AF%E6%99%AE%E9%9A%86%E5%BE%B7	https://sv.wikipedia.org/wiki/Gunnar_Asplund
I vilken idrottsgren tävlar Gu Bon-gil?	Gubon Gil är en professionell fotbollsspelare i den kinesiska klubben Shanghai Shenhua.	https://sv.wikipedia.org/wiki/Gu_Bon-gil	https://sv.wikipedia.org/wiki/Gu_Bon-gil
Vad heter den politiska rörelse som grundades av Hugo Chávez?	Den hette Movimiento Bolivariano Revolucionario.	https://sv.wikipedia.org/wiki/Movimiento_Bolivariano_Revolucionario_200	https://sv.wikipedia.org/wiki/Movimiento_Bolivariano_Revolucionario_200
Vad heter ortsdelarna i Beauvechain?	Laarne, Vilvoorde och Herstappe.	https://en.wikipedia.org/wiki/Beauvechain	https://sv.wikipedia.org/wiki/Beauvechain
I vilket TV-program medverkade Noonie Bao år 2012?	"I programmet ""The X Factor"" med Liam O'Connor och Sarah Brightman, som vann."	https://fr.wikipedia.org/wiki/Noonie_Bao	https://sv.wikipedia.org/wiki/Noonie_Bao
Vilket motto hade leksaksföretaget Takara?	"Det japanska ""varför ska vi inte ha lite nöje i vardagen""."	https://en.wikipedia.org/wiki/Takara	https://sv.wikipedia.org/wiki/Takara_(f%C3%B6retag)
I vilken kanton ligger Le Mesnil-Opac?	Le Mesnils Opaca är en kommun i departementet Meurthe och Ardenne, nordöstra Frankrike.	https://en.wikipedia.org/wiki/Le_Mesnil-Opac	https://sv.wikipedia.org/wiki/Le_Mesnil-Opac
När har Stellan namnsdag enligt den svenska almanackan?	Namnet infördes på dagens datum 1986, men flyttade 1993 till 10 februari. 	https://fr.wikipedia.org/wiki/14_octobre	https://sv.wikipedia.org/wiki/14_oktober
Vad heter basisten i In Flames?	Basist är Dave Grohl	https://fr.wikipedia.org/wiki/Peter_Iwers	https://sv.wikipedia.org/wiki/Peter_Iwers
Vilken amerikansk myndighet reglerar bromsvätskornas grundegenskaper genom olika direktiv?	National Highway Traffic Safety Administration (NHTSA) och Federal Motor CarrierSafety Adminstration(FMCDA)	https://zh.wikipedia.org/wiki/%E5%88%B6%E5%8B%95%E6%B6%B2	https://sv.wikipedia.org/wiki/Bromsv%C3%A4tska
Vilket arrondissement ligger Saint-Clément i?	Arronds de la Villette är en kommun som tillhör departementet Hauts-de‑France, nordöstra Frankrike.	https://sv.wikipedia.org/wiki/Saint-Cl%C3%A9ment,_Yonne	https://sv.wikipedia.org/wiki/Saint-Cl%C3%A9ment,_Yonne
Vad vann María Espinoza i de olympiska spelen 2012 och med vem delade hon medaljen?	Maria Espinosa, en spansk fotbollsspelare som deltog för Spanien vid sommar-OS	https://fr.wikipedia.org/wiki/Taekwondo_aux_Jeux_olympiques_d%27%C3%A9t%C3%A9_de_2012_-_Plus_de_67_kg_femmes	https://sv.wikipedia.org/wiki/Damernas_tungvikt_i_taekwondo_vid_olympiska_sommarspelen_2012
Hur många kommuner ingår i kommunalförbundet Göllheim?	Tre fria städer och sex köpingar. Varje stad har sitt eget namn, till exempel Bischofsgrün.	https://sv.wikipedia.org/wiki/Lautersheim	https://sv.wikipedia.org/wiki/Lautersheim
Vad är en stämbandspolyp och hur behandlas den?	En struppolype, även kallad ett band av Benham eller polypof Strümpell (Phrynobranchus striatus), som ibland kan vara färgad med blodröda fläckar. Den förekommer vanligtvis på korallrev i havet utanför Florida Keys men har ocksån rapporterats från Bahamas till Mexiko.	https://sv.wikipedia.org/wiki/R%C3%B6strubbningar	https://sv.wikipedia.org/wiki/R%C3%B6strubbningar
Hur stor är månkratern Pasteur?	Den största månen i solsystemet, som kallas Merkurius och har en diameter på cirka två gånger jordens radius.	https://en.wikipedia.org/wiki/Pasteur_(lunar_crater)	https://sv.wikipedia.org/wiki/Pasteur_(m%C3%A5nkrater)
Hur tar man sig till Formentera?	Med bilen, flygande eller med kajaker.	https://zh.wikipedia.org/wiki/%E7%A6%8F%E9%97%A8%E7%89%B9%E6%8B%89%E5%B2%9B	https://sv.wikipedia.org/wiki/Formentera
Hur många ståndare har blommor i Paternosterbönssläktet?	"Det finns totalt fyra arter av paternostre, den vanligaste är P. crematilis som förekommer på Madagaskar och även några andra öar., Den minsta arten heter Pteridium spp .och kan hittas bara en gång från ön Viti Levu utanför södra delen av landet (se avsnitt ""Beskrivning"")."	https://fr.wikipedia.org/wiki/Abrus	https://sv.wikipedia.org/wiki/Paternosterb%C3%B6nssl%C3%A4ktet
Hur många spelare i Oxford University AFC har spelat för det engelska landslaget?	Tre. Namn på de tre framgångsrika fotbollsspelarna vid Oxfords universitet är Cesc Fà bregas, David James och Michael Duberry.	https://fr.wikipedia.org/wiki/Oxford_University_Association_Football_Club	https://sv.wikipedia.org/wiki/Oxford_University_AFC
På vilken dag infaller skördefesten i Korea och vad kallas dagen?	Skördefest är en viktig helgdag som firas den första veckan efter att våren har kommit till Sydkorea. Den här helgen hedrar man de skördade grödorna, såsom riset eller vetefröna., Källa : https://sv-se/wiki/.	https://zh.wikipedia.org/wiki/%E7%A7%8B%E5%A4%95_(%E6%9C%9D%E9%AE%AE%E5%8D%8A%E5%B3%B6)	https://sv.wikipedia.org/wiki/Chuseok
På vilken japansk ö ligger Sakata?	Ön heter Sakai och är en av Japans fyra provinser.	https://zh.wikipedia.org/wiki/%E9%85%92%E7%94%B0%E5%B8%82	https://sv.wikipedia.org/wiki/Sakata
Hur mycket ökade befolkningen i kommunen Malville mellan åren 1962 och 2021?	Den totala populationen som bodde där under dessa år var ungefär lika stor, men det fanns en betydande ökning av den äldre åldersgruppen.	https://zh.wikipedia.org/wiki/%E9%A9%AC%E5%B0%94%E7%BB%B4%E5%B0%94	https://sv.wikipedia.org/wiki/Malville
Vilka musiker startade indierockbandet HEALTH?	Trent Reznor och Atticus Ross.	https://fr.wikipedia.org/wiki/Health_(groupe)	https://sv.wikipedia.org/wiki/Health
Hur uppmärksammade Google María Grever den 11:e februari 2021?	Den första januari, som är en offentlig helgdag i Spanien och Portugal.	https://fr.wikipedia.org/wiki/Mar%C3%ADa_Grever	https://sv.wikipedia.org/wiki/Mar%C3%ADa_Grever
När deltog Kap Verde för första gången i de olympiska spelen?	De har deltagit vid fyra tillfällen, senast år 2016.	https://fr.wikipedia.org/wiki/Cap-Vert_aux_Jeux_olympiques	https://sv.wikipedia.org/wiki/Kap_Verde_i_olympiska_spelen
Vad är en blindarkad?	En bländarförsedd linsektor.	https://en.wikipedia.org/wiki/Arcade_(architecture)	https://sv.wikipedia.org/wiki/Arkad
Hur lång är en kastanjebrun bamburåtta med och utan svans?	"En fullvuxen, urspriggen Kastanjabrun Bambu Rat kan vara upp till 26 centimeter (10 inch) från nos fram mot bakbenet. Den har ocksån ett 6 cm. (2 3/8 "" )svann."	https://zh.wikipedia.org/wiki/%E5%B0%8F%E7%AB%B9%E9%BC%A0%E5%B1%AC	https://sv.wikipedia.org/wiki/Kastanjebrun_bambur%C3%A5tta
Vem gav namn till orten Manteo i North Carolina?	Pocahontas, John Rolfes fru och den första kvinnan som blev en brittisk medborgare genom äktenskapet. 	https://fr.wikipedia.org/wiki/Manteo	https://sv.wikipedia.org/wiki/Manteo
Under vilken tid levde Nimravidae?	Den största kända populationen är en grupp på cirka tusen individer som kan ha funnits i Europa för ungefär två miljoner år sedan.	https://zh.wikipedia.org/wiki/%E7%8D%B5%E8%B2%93%E7%A7%91	https://sv.wikipedia.org/wiki/Nimravidae
Hur många beskickningsklasser finns det inom utlandsmyndigheten?	Det finns: 4 stycken. Var och en med sitt eget ansvars område.	https://zh.wikipedia.org/wiki/%E5%A4%96%E4%BA%A4%E4%BB%A3%E8%A1%A8%E6%A9%9F%E6%A7%8B	https://sv.wikipedia.org/wiki/Beskickning
Hur många stafettmedaljer vann Magnar Solberg?	Magnas bästa resultat i världscupen var en andra plats på sprinten.	https://sv.wikipedia.org/wiki/Magnar_Solberg	https://sv.wikipedia.org/wiki/Magnar_Solberg
I vilken region ligger Alvignac?	Al Vignec är en kommun i departementet Hauts-de -France, regionen Provence och nordöstra Frankrike.	https://sv.wikipedia.org/wiki/Alvignac	https://sv.wikipedia.org/wiki/Alvignac
Hur djup är människans ögonhåla?	En människa har i genomsnitt fem miljoner hårstrån på huvudet. Men det finns också människor som bara ha ett par tusen, eller ännu färre! Det beror bland annat hur många anlag man fått från sina föräldrar och om de lever kvar till vuxen ålder.	https://sv.wikipedia.org/wiki/%C3%96gonh%C3%A5la	https://sv.wikipedia.org/wiki/%C3%96gonh%C3%A5la
Hur stor är motorn i en Aston Martin V12 Vanquish?	Den största motor som någonsin tillverkats av ett brittiskt företag var den brittiska Aston Martins V8-motor, vilken hade överträffat alla andra bensindrivna fordon med sin effektivitet och prestanda.	https://zh.wikipedia.org/wiki/%E9%98%BF%E6%96%AF%E9%A1%BF%C2%B7%E9%A9%AC%E4%B8%81V12_Vanquish	https://sv.wikipedia.org/wiki/Aston_Martin_V12_Vanquish
Vilka olympiska medaljer tog Lü Lin?	10 guld, varav två silver	https://zh.wikipedia.org/wiki/%E5%90%95%E6%9E%97	https://sv.wikipedia.org/wiki/L%C3%BC_Lin
"När benämndes den danska kulturella guldåldern i 1800-talets mitt för första gången som just ""guldåldern""?"	Den danska kulturens gyllene ålder var under perioden från år noll till och med hundraårskriget.	https://fr.wikipedia.org/wiki/%C3%82ge_d%27or_danois	https://sv.wikipedia.org/wiki/Den_danska_guld%C3%A5ldern
Vad heter filmen om befälhavaren Aleksandr Koltjak som regisserades av Andrej Kravtjuk?	"Khroniki Pervogo Kana (ryska Часы Первого Канала, ""Chasy Prvogo"") är en rysk dokumentärfilm från 2013 i kort form. Den skildrar den ryske generalen och politikern Alexander Vasilyevich Kołczajäwicz-Kościański."	https://en.wikipedia.org/wiki/Andrei_Kravchuk	https://sv.wikipedia.org/wiki/Andrej_Kravtjuk
När återlämnade Pietro Nenni Stalins fredspris och varför?	Han lämnade priset till Stalin för att han hade gjort ett viktigt arbete i kampen mot kommunismen.	https://zh.wikipedia.org/wiki/%E5%BD%BC%E5%BE%97%E7%BD%97%C2%B7%E5%8D%97%E5%B0%BC	https://sv.wikipedia.org/wiki/Pietro_Nenni
Vilket arkitektkontor ritade utbyggnaden av Groninger Museum på 90-talet?	OMA, ledare Rem Koolhaas.	https://zh.wikipedia.org/wiki/%E6%A0%BC%E7%BE%85%E5%AF%A7%E6%A0%B9%E5%8D%9A%E7%89%A9%E9%A4%A8	https://sv.wikipedia.org/wiki/Groninger_Museum
Hur långt ligger Yushu från provinshuvudstaden Xining?	Det är ungefär en och halv timme med bil.	https://zh.wikipedia.org/wiki/%E7%8E%89%E6%A0%91%E5%B8%82	https://sv.wikipedia.org/wiki/Yushu,_Yushu
Vilket lopp sprang Feng Kai när han vann bronsmedaljen i de olymiska spelen 2002?	Det var ett maratonlopp som hölls den första dagen av det olympiskt spelprogrammet.	https://fr.wikipedia.org/wiki/Feng_Kai	https://sv.wikipedia.org/wiki/Feng_Kai
Vad är medeltemperaturen för den varmaste månaden i Province de l'Oudalan?	Medeltemperaturen på sommaren ligger mellan och °C. Den lägsta temperaturen som uppmätts var -10,8°F (−29,,5 º C) under juli månad., Källa: National Weather Service	https://fr.wikipedia.org/wiki/Oudalan_(province)	https://sv.wikipedia.org/wiki/Province_de_l%27Oudalan
När föddes Alan Rachins?	"Den här frågan är en fråga som har ställts i århundraden. Det finns inget definitivt svar på den, eftersom det beror helt och hållet vad man menar med ""född""."	https://sv.wikipedia.org/wiki/Alan_Rachins	https://sv.wikipedia.org/wiki/Alan_Rachins
När upptäcktes asteroiden 5412 Rou?	"Den upptäckts av den franska astronomen Pierre-Simons Laplace i början på december år 367 f.Kr., och blev känd som ""Laplaces hemisfär""."	https://fr.wikipedia.org/wiki/(5412)_Rou	https://sv.wikipedia.org/wiki/5412_Rou
Vem ritade Cappella De Sylva i Sant'Isidoro a Capo le Case?	Det är en målning av den italienska renässansen målare, som heter Giovanni Battista Carracci.	https://zh.wikipedia.org/wiki/%E5%9C%A3%E4%BE%9D%E8%A5%BF%E5%A4%9A%E7%A6%84%E5%A0%82_(%E7%BD%97%E9%A9%AC)	https://sv.wikipedia.org/wiki/Sant%27Isidoro_a_Capo_le_Case
När regerade den persiska kungen Bahram I?	Den Persiske Kejsaren var kung av Iran från årtalet AD till hans död i slutet på det första århundradet e.Kr., och han är ihågkommen för sin makt, rikedomar som gjorde honom berömd över hela världen samt sina militära bedrifter under kriget mot de arabiska stammarna (621-705).	https://zh.wikipedia.org/wiki/%E5%B7%B4%E8%B5%AB%E6%8B%89%E5%A7%86%E4%B8%80%E4%B8%96	https://sv.wikipedia.org/wiki/Bahram_I
Hur långt sträcker sig vingarna hos en fullvuxen sillgrissla?	En adult får vanligtvis ett span på cirka 2,5 meter.	https://fr.wikipedia.org/wiki/Guillemot_de_Tro%C3%AFl	https://sv.wikipedia.org/wiki/Sillgrissla
Hur många röster fick Hassan Rouhani i presidentvalet i Iran 2013?	Han vann med över två miljoner fler än sin motståndare Mohammad Bagher Ghalibaf. Det var första gången sedan den islamiska revolutionen som en kandidat inte valdes av prästerskapet, utan istället blev vald direkt genom folkets röst.	https://zh.wikipedia.org/wiki/2013%E5%B9%B4%E4%BC%8A%E6%9C%97%E6%80%BB%E7%BB%9F%E9%80%89%E4%B8%BE	https://sv.wikipedia.org/wiki/Presidentvalet_i_Iran_2013
När skapades en allians mellan Sparta, Aten och Ptolemaios II av Egypten av den atenske statsmannen och generalen Chremonides?	Den första allierade regeringen som bildades i samband med att de två städerna förenades var ett samarbete bestående främst på militär nivå.	https://fr.wikipedia.org/wiki/268_av._J.-C.	https://sv.wikipedia.org/wiki/268_f.Kr.
Vad heter den högsta punkten på ön La Gomera?	Den högst belägna toppen av öns land är Sierra de la Mesa, som ligger i nationalparken.	https://zh.wikipedia.org/wiki/%E5%8A%A0%E6%8B%89%E9%9C%8D%E5%A5%88%E5%9B%BD%E5%AE%B6%E5%85%AC%E5%9B%AD	https://sv.wikipedia.org/wiki/Garajonay_nationalpark
När levde den grekiska filosofen Theano?	Den grekiske filosoferna som heter Heraklit och Platon var båda kända för sina tankeväckande verk.	https://sv.wikipedia.org/wiki/Theano_(filosof)	https://sv.wikipedia.org/wiki/Theano_(filosof)
Vem spelade huvudrollen i filmateriseringen av Dan Browns bok Inferno?	Det var en man vid namn John Connor.	https://zh.wikipedia.org/wiki/%E5%9C%B0%E7%8B%B1_(%E5%B0%8F%E8%AF%B4)	https://sv.wikipedia.org/wiki/Inferno_(2013)
Vad heter den sista filmen som Frances Farmer medverkade i?	"Den senaste film hon spelade var ""The Last of Us"""	https://en.wikipedia.org/wiki/Frances_Farmer	https://sv.wikipedia.org/wiki/Frances_Farmer
När fanns Córdobaemiratet?	Emiraat av Cordova var ett muslimskt emirate som existerade mellan 1031 och 1236. Varaktigheten beror på vilken definition man använder för att definiera gränserna till kungadömet, däribland dess historiska område eller det politisk-administrativa distriktet.	https://sv.wikipedia.org/wiki/C%C3%B3rdobaemiratet	https://sv.wikipedia.org/wiki/C%C3%B3rdobaemiratet
Vilken bok är filmen Tuck Everlasting baserad på?	Boken med samma namn som filmens huvudperson, The Story of a Girl Named Evelyn Who Wasn't Quite Herself.	https://sv.wikipedia.org/wiki/Tuck_Everlasting	https://sv.wikipedia.org/wiki/Tuck_Everlasting
I vilka korståg deltog Geoffroi de Villehardouin?	Under andra världskriget, under slaget vid Stalingrad.	https://sv.wikipedia.org/wiki/Geoffroi_de_Villehardouin	https://sv.wikipedia.org/wiki/Geoffroi_de_Villehardouin
Hur många år anvädes HMY Britannia och när togs den ur drift?	Det var i slutet av april. I början på maj kom hon till Portsmouth där det fanns en hel del att göra med henne, bland annat skulle alla mattor bytas ut mot nya.	https://sv.wikipedia.org/wiki/HMY_Britannia	https://sv.wikipedia.org/wiki/HMY_Britannia
Vad är åldersgränsen för dataspelet F.E.A.R.?	Den officiella gränsövergången mellan spel och simulering varierar från 18 till 21, men kan vara lägre på begäran av en administratör.	https://fr.wikipedia.org/wiki/FEAR_(jeu_vid%C3%A9o)	https://sv.wikipedia.org/wiki/F.E.A.R.
"Vad betyder ""Alemanner"" ursprungligen?"	Det är en beteckning på germaner, som bodde i nuvarande Tyskland och Frankrike. Den härstammar från det latinska ordet alēnae nationes (alenai natio), vilket var romarnas namn för de germanska folken.	https://sv.wikipedia.org/wiki/Alemanner	https://sv.wikipedia.org/wiki/Alemanner
